Pathway identifier,Pathway name,#Entities found,#Entities total,Entities ratio,Entities pValue,Entities FDR,#Reactions found,#Reactions total,Reactions ratio,Species identifier,Species name,Submitted entities found,Mapped entities,Found reaction identifiers
R-HSA-5619063,"Defective SLC29A3 causes histiocytosis-lymphadenopathy plus syndrome (HLAS)",8,8,5.118362124120282E-4,2.3324661100332378E-6,0.0026754466052836268,1,1,6.666666666666667E-5,9606,Homo sapiens,"17596;16708;16750;17562;17748;16335;16704;17964","","R-HSA-5628807"
R-HSA-444209,"Free fatty acid receptors",14,29,0.0018554062699936021,2.7956599846223895E-6,0.0026754466052836268,5,5,3.333333333333333E-4,9606,Homo sapiens,"16196;15366;30805;28875;28716;42504;28661;28364;53460;27432;34146;53486;53487;30768","","R-HSA-3296304;R-HSA-444047;R-HSA-444191;R-HSA-444202;R-HSA-444171"
R-HSA-400508,"Incretin synthesis, secretion, and inactivation",18,51,0.0032629558541266796,8.697850770067461E-6,0.0053676615511397685,10,15,0.001,9606,Homo sapiens,"25858;16196;71466;15355;30805;28875;28716;42504;28661;28364;2668;53460;27432;28972;53486;53487;16104;12387","","R-HSA-381799;R-HSA-400500;R-HSA-381798;R-HSA-383313;R-HSA-400496;R-HSA-9023633;R-HSA-9023632;R-HSA-400509;R-HSA-400459;R-HSA-421416"
R-HSA-381771,"Synthesis, secretion, and inactivation of Glucagon-like Peptide-1 (GLP-1)",17,47,0.0030070377479206652,1.12294174710037E-5,0.0053676615511397685,7,8,5.333333333333334E-4,9606,Homo sapiens,"25858;16196;71466;15355;30805;28875;28716;42504;28661;28364;2668;53460;27432;28972;53486;53487;12387","","R-HSA-381799;R-HSA-381798;R-HSA-383313;R-HSA-9023633;R-HSA-9023632;R-HSA-400459;R-HSA-421416"
R-HSA-83936,"Transport of nucleosides and free purine and pyrimidine bases across the plasma membrane",13,33,0.002111324376199616,5.019964516961295E-5,0.019176264454792147,11,16,0.0010666666666666667,9606,Homo sapiens,"17596;17368;16235;16750;17562;16040;16708;17748;16335;17964;17821;16704;17568","","R-HSA-109536;R-HSA-109539;R-HSA-109538;R-HSA-727768;R-HSA-109527;R-HSA-727740;R-HSA-109529;R-HSA-109530;R-HSA-727767;R-HSA-727749;R-HSA-109534"
R-HSA-196071,"Metabolism of steroid hormones",19,75,0.0047984644913627635,3.687812438512017E-4,0.11764121678853334,36,43,0.0028666666666666667,9606,Homo sapiens,"16330;17026;16581;15487;16422;15486;16113;17263;17252;17650;189724;28689;16827;28324;27584;16469;16962;16973;17347;2869","","R-HSA-1449687;R-HSA-6810594;R-HSA-193995;R-HSA-193099;R-HSA-193097;R-HSA-193996;R-HSA-193997;R-HSA-193101;R-HSA-5693390;R-HSA-469659;R-HSA-193054;R-HSA-196126;R-HSA-193052;R-HSA-5696822;R-HSA-8951850;R-HSA-194017;R-HSA-194023;R-HSA-9705713;R-HSA-804969;R-HSA-193060;R-HSA-9705714;R-HSA-193064;R-HSA-194025;R-HSA-193961;R-HSA-193070;R-HSA-193964;R-HSA-193068;R-HSA-193965;R-HSA-193072;R-HSA-193073;R-HSA-196086;R-HSA-193143;R-HSA-194036;R-HSA-196350;R-HSA-8862137;R-HSA-193981"
R-HSA-2980736,"Peptide hormone metabolism",26,129,0.008253358925143953,0.0010812252087887275,0.2725705731598832,29,64,0.004266666666666667,9606,Homo sapiens,"16196;71466;17380;28875;28716;28837;42504;2668;28595;53460;28972;53486;53487;17750;16000;25858;15355;30805;16322;28645;28661;28364;27432;16325;16104;12387","","R-HSA-9023178;R-HSA-265153;R-HSA-9023171;R-HSA-265160;R-HSA-9023173;R-HSA-400459;R-HSA-383313;R-HSA-264976;R-HSA-9023196;R-HSA-9023633;R-HSA-9023632;R-HSA-378975;R-HSA-265177;R-HSA-422104;R-HSA-264997;R-HSA-381799;R-HSA-2022396;R-HSA-381798;R-HSA-422051;R-HSA-422048;R-HSA-421416;R-HSA-9023163;R-HSA-9817575;R-HSA-400500;R-HSA-400496;R-HSA-265010;R-HSA-400509;R-HSA-2022368;R-HSA-9023159"
R-HSA-425397,"Transport of vitamins, nucleosides, and related molecules",23,109,0.006973768394113884,0.0011404626492045322,0.2725705731598832,18,40,0.0026666666666666666,9606,Homo sapiens,"17596;16196;17368;16235;30805;17351;16750;17474;17562;18332;28822;28875;16040;16708;16525;17748;16335;37657;17964;17821;15956;16704;17568","","R-HSA-109536;R-HSA-9631987;R-HSA-109539;R-HSA-109538;R-HSA-879562;R-HSA-429581;R-HSA-879585;R-HSA-879584;R-HSA-727749;R-HSA-194130;R-HSA-727768;R-HSA-109527;R-HSA-727740;R-HSA-109529;R-HSA-879575;R-HSA-109530;R-HSA-727767;R-HSA-109534"
R-HSA-9735804,"Diseases of nucleotide metabolism",7,17,0.0010876519513755597,0.002075118464532566,0.439925114480904,5,5,3.333333333333333E-4,9606,Homo sapiens,"17596;16708;17368;16235;16750;17172;16335","","R-HSA-9734193;R-HSA-9734274;R-HSA-9735789;R-HSA-9735775;R-HSA-9734745"
R-HSA-5619108,"Defective SLC27A4 causes ichthyosis prematurity syndrome (IPS)",5,10,6.397952655150352E-4,0.003957519905647411,0.7558863019786555,1,1,6.666666666666667E-5,9606,Homo sapiens,"16196;30805;17351;28822;28875","","R-HSA-5627891"
R-HSA-8956321,"Nucleotide salvage",15,69,0.004414587332053743,0.005870814015022874,0.8494797315565096,18,22,0.0014666666666666667,9606,Homo sapiens,"17596;16450;17368;16235;16750;17562;17172;16708;17802;17748;15698;16335;17821;16704;17568","","R-HSA-74241;R-HSA-112033;R-HSA-6788295;R-HSA-73632;R-HSA-112034;R-HSA-74213;R-HSA-74372;R-HSA-74215;R-HSA-109671;R-HSA-73608;R-HSA-112266;R-HSA-109903;R-HSA-109624;R-HSA-73599;R-HSA-109759;R-HSA-74207;R-HSA-73598;R-HSA-8954327"
R-HSA-193048,"Androgen biosynthesis",8,27,0.001727447216890595,0.00734495557095638,0.8494797315565096,9,10,6.666666666666666E-4,9606,Homo sapiens,"16330;17026;16581;15487;16422;17252;28689;17347","","R-HSA-193072;R-HSA-193073;R-HSA-9705713;R-HSA-9705714;R-HSA-193099;R-HSA-193064;R-HSA-469659;R-HSA-193070;R-HSA-193068"
R-HSA-194002,"Glucocorticoid biosynthesis",8,27,0.001727447216890595,0.00734495557095638,0.8494797315565096,8,9,6.0E-4,9606,Homo sapiens,"17026;16581;17252;28324;27584;17650;16962;16973","","R-HSA-1449687;R-HSA-194023;R-HSA-194036;R-HSA-194025;R-HSA-193961;R-HSA-193068;R-HSA-193997;R-HSA-193981"
R-HSA-804914,"Transport of fatty acids",6,18,0.0011516314779270633,0.011286614578513765,0.8494797315565096,1,2,1.3333333333333334E-4,9606,Homo sapiens,"16196;17351;30805;28822;28875;37657","","R-HSA-879585"
R-HSA-3296482,"Defects in vitamin and cofactor metabolism",10,42,0.002687140115163148,0.012477998099501786,0.8494797315565096,14,20,0.0013333333333333333,9606,Homo sapiens,"16384;17895;21553;35699;28115;17439;18408;16414;15956;16814","","R-HSA-3323184;R-HSA-3322135;R-HSA-5683325;R-HSA-3318590;R-HSA-3322140;R-HSA-3296477;R-HSA-3325546;R-HSA-3318571;R-HSA-9035987;R-HSA-3299657;R-HSA-3296462;R-HSA-9035988;R-HSA-3322125;R-HSA-9035990"
R-HSA-211976,"Endogenous sterols",14,69,0.004414587332053743,0.013150202806558098,0.8494797315565096,14,18,0.0012,9606,Homo sapiens,"17026;16581;16422;16521;16113;17263;17650;28834;16827;28324;27584;15843;16469;16973;2869","","R-HSA-194017;R-HSA-192065;R-HSA-193060;R-HSA-193995;R-HSA-211951;R-HSA-193964;R-HSA-193965;R-HSA-193997;R-HSA-193101;R-HSA-192051;R-HSA-194678;R-HSA-6786239;R-HSA-192123;R-HSA-192061"
R-HSA-549132,"Organic cation/anion/zwitterion transport",11,49,0.0031349968010236724,0.013502656615472008,0.8494797315565096,11,12,8.0E-4,9606,Homo sapiens,"104011;17775;17126;422;30805;15354;17474;15854;34729;16797;42820;16737","","R-HSA-549304;R-HSA-549241;R-HSA-549129;R-HSA-549322;R-HSA-561054;R-HSA-549279;R-HSA-561072;R-HSA-549297;R-HSA-561041;R-HSA-561059;R-HSA-561253"
R-HSA-9824856,"Defective regulation of TLR7 by endogenous ligand",3,5,3.198976327575176E-4,0.01513212105648809,0.8494797315565096,1,1,6.666666666666667E-5,9606,Homo sapiens,"16750;40304;17172","","R-HSA-9824849"
R-HSA-3296469,"Defects in cobalamin (B12) metabolism",8,31,0.001983365323096609,0.015682845899015807,0.8494797315565096,10,14,9.333333333333333E-4,9606,Homo sapiens,"17895;21553;35699;28115;17439;18408;16414;16814","","R-HSA-3322135;R-HSA-3325546;R-HSA-3318571;R-HSA-5683325;R-HSA-3299657;R-HSA-3296462;R-HSA-3318590;R-HSA-3322140;R-HSA-3322125;R-HSA-3296477"
R-HSA-156584,"Cytosolic sulfonation of small molecules",14,71,0.00454254638515675,0.016370251430012805,0.8494797315565096,11,24,0.0016,9606,Homo sapiens,"16581;27905;16113;15882;17263;17474;24786;28689;35420;16469;17864;4866;32635;37946","","R-HSA-158849;R-HSA-176609;R-HSA-176631;R-HSA-158468;R-HSA-174389;R-HSA-176517;R-HSA-174392;R-HSA-176664;R-HSA-176521;R-HSA-159358;R-HSA-176604"
R-HSA-211897,"Cytochrome P450 - arranged by substrate type",29,185,0.011836212412028152,0.01743063399065059,0.8494797315565096,50,61,0.004066666666666666,9606,Homo sapiens,"17026;16113;15882;17263;16474;28834;31697;27584;15843;15367;16973;16716;17347;2869;17823;25858;16581;16422;16521;30805;16881;17650;27732;16827;28940;28324;16469;39567;46195;17933","","R-HSA-76416;R-HSA-211968;R-HSA-76426;R-HSA-211983;R-HSA-211991;R-HSA-211988;R-HSA-211874;R-HSA-76453;R-HSA-212007;R-HSA-212005;R-HSA-193060;R-HSA-212004;R-HSA-211882;R-HSA-76456;R-HSA-211881;R-HSA-193964;R-HSA-193965;R-HSA-192051;R-HSA-76466;R-HSA-213175;R-HSA-209845;R-HSA-76472;R-HSA-76475;R-HSA-192061;R-HSA-76354;R-HSA-211904;R-HSA-192065;R-HSA-211910;R-HSA-193995;R-HSA-211919;R-HSA-193997;R-HSA-209868;R-HSA-193101;R-HSA-76373;R-HSA-211924;R-HSA-6786239;R-HSA-211929;R-HSA-194017;R-HSA-215526;R-HSA-76397;R-HSA-211951;R-HSA-211950;R-HSA-143468;R-HSA-211948;R-HSA-211959;R-HSA-194678;R-HSA-211962;R-HSA-192123;R-HSA-211960;R-HSA-211966"
R-HSA-5632968,"Defective Mismatch Repair Associated With MSH6",2,2,1.2795905310300704E-4,0.018169298214550267,0.8494797315565096,1,1,6.666666666666667E-5,9606,Homo sapiens,"17685;16467;17688","","R-HSA-5632970"
R-HSA-9022534,"Loss of MECP2 binding ability to 5hmC-DNA",2,2,1.2795905310300704E-4,0.018169298214550267,0.8494797315565096,1,1,6.666666666666667E-5,9606,Homo sapiens,"16388","","R-HSA-9022462"
R-HSA-3642279,"TGFBR2 MSI Frameshift Mutants in Cancer",2,2,1.2795905310300704E-4,0.018169298214550267,0.8494797315565096,1,1,6.666666666666667E-5,9606,Homo sapiens,"15611;21803","","R-HSA-3642203"
R-HSA-5619102,"SLC transporter disorders",29,186,0.011900191938579654,0.01855489311594094,0.8494797315565096,15,65,0.004333333333333333,9606,Homo sapiens,"17981;16196;17126;15344;16750;17562;16199;28875;32365;17748;3699;16335;16958;17964;17596;17775;16283;17890;30805;15354;17351;17254;28822;16708;422;32354;17759;16704","","R-HSA-5655702;R-HSA-5658483;R-HSA-5624211;R-HSA-5627891;R-HSA-5660890;R-HSA-5659674;R-HSA-5625210;R-HSA-5628807;R-HSA-5661474;R-HSA-9035517;R-HSA-5621888;R-HSA-5625123;R-HSA-5638209;R-HSA-5660910;R-HSA-5625674"
R-HSA-8849473,"PTK6 Expression",4,10,6.397952655150352E-4,0.020188027501802153,0.8494797315565096,2,3,2.0E-4,9606,Homo sapiens,"16827;27584;17650;16973;2869","","R-HSA-8848804;R-HSA-8856930"
R-HSA-9735786,"Nucleotide catabolism defects",3,6,3.8387715930902113E-4,0.024280122891737865,0.8494797315565096,2,2,1.3333333333333334E-4,9606,Homo sapiens,"17596;16750;17172","","R-HSA-9735789;R-HSA-9735775"
R-HSA-9735763,"Defective PNP disrupts phosphorolysis of (deoxy)guanosine and (deoxy)inosine",3,6,3.8387715930902113E-4,0.024280122891737865,0.8494797315565096,2,2,1.3333333333333334E-4,9606,Homo sapiens,"17596;16750;17172","","R-HSA-9735789;R-HSA-9735775"
R-HSA-73614,"Pyrimidine salvage",8,34,0.0021753039027511195,0.025360557661237904,0.8494797315565096,10,10,6.666666666666666E-4,9606,Homo sapiens,"16450;17562;17802;17748;15698;17821;16704;17568","","R-HSA-6788295;R-HSA-73632;R-HSA-74372;R-HSA-73608;R-HSA-112266;R-HSA-109903;R-HSA-73599;R-HSA-109759;R-HSA-73598;R-HSA-8954327"
R-HSA-193144,"Estrogen biosynthesis",5,16,0.0010236724248240564,0.02540359572411366,0.8494797315565096,7,8,5.333333333333334E-4,9606,Homo sapiens,"16422;15486;17263;16469;17347","","R-HSA-5696822;R-HSA-193143;R-HSA-6810594;R-HSA-804969;R-HSA-193060;R-HSA-5693390;R-HSA-8862137"
R-HSA-400511,"Synthesis, secretion, and inactivation of Glucose-dependent Insulinotropic Polypeptide (GIP)",6,22,0.0014075495841330773,0.026946671919462872,0.8494797315565096,3,7,4.6666666666666666E-4,9606,Homo sapiens,"16196;28972;71466;30805;16104;42504","","R-HSA-400500;R-HSA-400496;R-HSA-400509"
R-HSA-9734207,"Nucleotide salvage defects",4,11,7.037747920665387E-4,0.027332583919546627,0.8494797315565096,3,3,2.0E-4,9606,Homo sapiens,"16708;17368;16235;16335","","R-HSA-9734193;R-HSA-9734274;R-HSA-9734745"
R-HSA-446107,"Type I hemidesmosome assembly",4,11,7.037747920665387E-4,0.027332583919546627,0.8494797315565096,5,6,4.0E-4,9606,Homo sapiens,"16322;15765;16335;50205","","R-HSA-446083;R-HSA-432956;R-HSA-446077;R-HSA-432952;R-HSA-446089"
R-HSA-112310,"Neurotransmitter release cycle",17,100,0.006397952655150352,0.03115468345499206,0.8494797315565096,16,37,0.0024666666666666665,9606,Homo sapiens,"16000;17750;16196;71466;15355;30805;15354;15573;8499;71464;48950;189724;28875;34712;35128;2700;16958","","R-HSA-380869;R-HSA-380901;R-HSA-264615;R-HSA-210404;R-HSA-264622;R-HSA-380905;R-HSA-6803753;R-HSA-374922;R-HSA-372529;R-HSA-374899;R-HSA-352029;R-HSA-210426;R-HSA-380574;R-HSA-372505;R-HSA-429594;R-HSA-210430"
R-HSA-190873,"Gap junction degradation",4,12,7.677543186180423E-4,0.035809108112607735,0.8494797315565096,4,4,2.666666666666667E-4,9606,Homo sapiens,"16509;27470;15882;17409","","R-HSA-196017;R-HSA-190519;R-HSA-196026;R-HSA-190829"
R-HSA-9768777,"Regulation of NPAS4 gene transcription",4,12,7.677543186180423E-4,0.035809108112607735,0.8494797315565096,2,9,6.0E-4,9606,Homo sapiens,"16827;27584;17650;16973;2869","","R-HSA-9769345;R-HSA-9769347"
R-HSA-5579028,"Defective CYP17A1 causes AH5",3,7,4.478566858605246E-4,0.035816494588628456,0.8494797315565096,3,3,2.0E-4,9606,Homo sapiens,"17026;16581;17252","","R-HSA-5601843;R-HSA-9035954;R-HSA-9035956"
R-HSA-5579029,"Metabolic disorders of biological oxidation enzymes",15,87,0.005566218809980806,0.0370533974942,0.8494797315565096,16,38,0.002533333333333333,9606,Homo sapiens,"17026;16581;16422;17252;16474;16827;28940;28324;16469;15367;16973;18139;2869;17933;17823;16856","","R-HSA-5602004;R-HSA-5602966;R-HSA-5600598;R-HSA-5601843;R-HSA-5601849;R-HSA-5601976;R-HSA-5605147;R-HSA-5580292;R-HSA-5602147;R-HSA-5602242;R-HSA-9035966;R-HSA-5602063;R-HSA-6785245;R-HSA-9035954;R-HSA-9035956;R-HSA-5602186"
R-HSA-432030,"Transport of glycerol from adipocytes to the liver by Aquaporins",2,3,1.9193857965451057E-4,0.038252819453275966,0.8494797315565096,2,2,1.3333333333333334E-4,9606,Homo sapiens,"68433;17754","","R-HSA-432049;R-HSA-432074"
R-HSA-5632928,"Defective Mismatch Repair Associated With MSH2",2,3,1.9193857965451057E-4,0.038252819453275966,0.8494797315565096,2,2,1.3333333333333334E-4,9606,Homo sapiens,"17685;16467;17688","","R-HSA-5577244;R-HSA-5577259"
R-HSA-9845622,"Defective VWF binding to collagen type I ",2,3,1.9193857965451057E-4,0.038252819453275966,0.8494797315565096,1,1,6.666666666666667E-5,9606,Homo sapiens,"15714;15768","","R-HSA-9823593"
R-HSA-425407,"SLC-mediated transmembrane transport",55,422,0.026999360204734486,0.04219058469714487,0.8494797315565096,64,199,0.013266666666666666,9606,Homo sapiens,"16196;17126;17368;17203;15344;16235;16750;16199;17562;18332;955;15940;16797;37657;16958;17568;17964;4208;17775;16283;17890;30805;15354;17254;28822;16040;16525;15956;17268;9123;15366;28875;42820;27747;30768;17748;34729;16335;3699;17864;17821;16737;34846;17596;17750;104011;17351;48950;17474;74340;34712;16708;422;15854;16704","","R-HSA-549129;R-HSA-429571;R-HSA-429581;R-HSA-376200;R-HSA-379415;R-HSA-378513;R-HSA-561054;R-HSA-549279;R-HSA-444433;R-HSA-352029;R-HSA-426015;R-HSA-561041;R-HSA-429594;R-HSA-8876312;R-HSA-433698;R-HSA-379426;R-HSA-561059;R-HSA-429101;R-HSA-379432;R-HSA-8959781;R-HSA-549304;R-HSA-5340130;R-HSA-429749;R-HSA-727740;R-HSA-9645220;R-HSA-561072;R-HSA-549297;R-HSA-352191;R-HSA-375487;R-HSA-549322;R-HSA-433089;R-HSA-879562;R-HSA-727749;R-HSA-8878664;R-HSA-194130;R-HSA-427605;R-HSA-727768;R-HSA-109527;R-HSA-109529;R-HSA-444126;R-HSA-429663;R-HSA-879575;R-HSA-109530;R-HSA-727767;R-HSA-434650;R-HSA-109534;R-HSA-109536;R-HSA-9631987;R-HSA-109539;R-HSA-109538;R-HSA-435171;R-HSA-428015;R-HSA-429036;R-HSA-879585;R-HSA-352232;R-HSA-561253;R-HSA-879584;R-HSA-373867;R-HSA-549241;R-HSA-352119;R-HSA-373875;R-HSA-351987;R-HSA-429567;R-HSA-8876283"
R-HSA-6806667,"Metabolism of fat-soluble vitamins",15,89,0.0056941778630838135,0.04352345526223078,0.8494797315565096,33,34,0.002266666666666667,9606,Homo sapiens,"16196;17252;19660;16113;17351;18145;28946;78277;16347;15940;15367;17754;17336;17898;17579;35704","","R-HSA-2404133;R-HSA-2404134;R-HSA-975629;R-HSA-2404135;R-HSA-8956427;R-HSA-2404131;R-HSA-2404140;R-HSA-2404142;R-HSA-2399913;R-HSA-2404137;R-HSA-2423785;R-HSA-2404139;R-HSA-2395764;R-HSA-6806647;R-HSA-2404144;R-HSA-8874705;R-HSA-8874718;R-HSA-2424254;R-HSA-2395768;R-HSA-975635;R-HSA-5246478;R-HSA-975633;R-HSA-5164399;R-HSA-975594;R-HSA-2187332;R-HSA-975593;R-HSA-2395784;R-HSA-159790;R-HSA-2429643;R-HSA-2855259;R-HSA-6806674;R-HSA-975608;R-HSA-2855252"
R-HSA-561048,"Organic anion transport",4,13,8.317338451695458E-4,0.045639967206310694,0.8494797315565096,3,3,2.0E-4,9606,Homo sapiens,"104011;17775;422;17474","","R-HSA-561041;R-HSA-561059;R-HSA-561253"
R-HSA-5659898,"Intestinal saccharidase deficiencies",3,8,5.118362124120282E-4,0.04968646743355376,0.8494797315565096,3,5,3.333333333333333E-4,9606,Homo sapiens,"17992;28189;17306","","R-HSA-5659926;R-HSA-5659879;R-HSA-5659922"
R-HSA-211945,"Phase I - Functionalization of compounds",40,297,0.019001919385796547,0.0501830709232991,0.8494797315565096,65,102,0.0068,9606,Homo sapiens,"17026;16796;15366;16113;15882;17263;15760;18397;16474;28834;27647;31697;17927;27584;15843;15367;16973;16716;18139;17347;2869;15724;17823;25858;16581;16422;16521;30805;17594;41001;16881;17650;27732;16827;28940;28324;84532;16469;39567;46195;17933","","R-HSA-76416;R-HSA-211968;R-HSA-71691;R-HSA-76426;R-HSA-211983;R-HSA-141202;R-HSA-141200;R-HSA-211991;R-HSA-211988;R-HSA-211874;R-HSA-76453;R-HSA-217255;R-HSA-212007;R-HSA-212005;R-HSA-141348;R-HSA-193060;R-HSA-212004;R-HSA-211882;R-HSA-76456;R-HSA-217258;R-HSA-211881;R-HSA-5693691;R-HSA-193964;R-HSA-193965;R-HSA-192051;R-HSA-76466;R-HSA-213175;R-HSA-71735;R-HSA-209845;R-HSA-76472;R-HSA-76475;R-HSA-192061;R-HSA-139970;R-HSA-140355;R-HSA-76354;R-HSA-211904;R-HSA-192065;R-HSA-5696146;R-HSA-211910;R-HSA-140359;R-HSA-193995;R-HSA-211919;R-HSA-8936519;R-HSA-193997;R-HSA-209868;R-HSA-193101;R-HSA-76373;R-HSA-211924;R-HSA-6786239;R-HSA-211929;R-HSA-194017;R-HSA-215526;R-HSA-8937442;R-HSA-76397;R-HSA-211951;R-HSA-211950;R-HSA-143468;R-HSA-211948;R-HSA-449911;R-HSA-211959;R-HSA-194678;R-HSA-211962;R-HSA-192123;R-HSA-211960;R-HSA-211966"
R-HSA-193993,"Mineralocorticoid biosynthesis",5,20,0.0012795905310300703,0.05618518919557658,0.8494797315565096,7,7,4.6666666666666666E-4,9606,Homo sapiens,"17026;16581;16827;27584;16973;2869","","R-HSA-194017;R-HSA-193995;R-HSA-196350;R-HSA-193996;R-HSA-193964;R-HSA-193052;R-HSA-193965"
R-HSA-189085,"Digestion of dietary carbohydrate",6,27,0.001727447216890595,0.060970074964369014,0.8494797315565096,11,13,8.666666666666666E-4,9606,Homo sapiens,"17189;17992;47977;28189;16551;17306","","R-HSA-188979;R-HSA-5659861;R-HSA-191108;R-HSA-191114;R-HSA-188985;R-HSA-6786652;R-HSA-189102;R-HSA-191116;R-HSA-189069;R-HSA-191101;R-HSA-189053"
R-HSA-3642278,"Loss of Function of TGFBR2 in Cancer",2,4,2.559181062060141E-4,0.06367112705832789,0.8494797315565096,2,2,1.3333333333333334E-4,9606,Homo sapiens,"15611;21803","","R-HSA-3645780;R-HSA-3642203"
R-HSA-3656535,"TGFBR1 LBD Mutants in Cancer",2,4,2.559181062060141E-4,0.06367112705832789,0.8494797315565096,1,1,6.666666666666667E-5,9606,Homo sapiens,"15611;21803","","R-HSA-3656382"
R-HSA-9845619,"Enhanced cleavage of VWF variant by ADAMTS13",2,4,2.559181062060141E-4,0.06367112705832789,0.8494797315565096,1,1,6.666666666666667E-5,9606,Homo sapiens,"15714;15768","","R-HSA-9844241"
R-HSA-9845621,"Defective VWF cleavage by ADAMTS13 variant",2,4,2.559181062060141E-4,0.06367112705832789,0.8494797315565096,1,1,6.666666666666667E-5,9606,Homo sapiens,"15714;15768","","R-HSA-9824402"
R-HSA-5619047,"Defective SLC2A9 causes hypouricemia renal 2 (RHUC2)",2,4,2.559181062060141E-4,0.06367112705832789,0.8494797315565096,1,1,6.666666666666667E-5,9606,Homo sapiens,"17775;17890","","R-HSA-5638209"
R-HSA-3645790,"TGFBR2 Kinase Domain Mutants in Cancer",2,4,2.559181062060141E-4,0.06367112705832789,0.8494797315565096,1,1,6.666666666666667E-5,9606,Homo sapiens,"15611;21803","","R-HSA-3645780"
R-HSA-8964026,"Chylomicron clearance",3,9,5.758157389635317E-4,0.06577564582366024,0.8494797315565096,4,4,2.666666666666667E-4,9606,Homo sapiens,"16113;16347;15940","","R-HSA-174706;R-HSA-174624;R-HSA-174657;R-HSA-174808"
R-HSA-391906,"Leukotriene receptors",3,9,5.758157389635317E-4,0.06577564582366024,0.8494797315565096,4,5,3.333333333333333E-4,9606,Homo sapiens,"28666;16995;89884","","R-HSA-391941;R-HSA-391943;R-HSA-391937;R-HSA-9690439"
R-HSA-975634,"Retinoid metabolism and transport",13,79,0.005054382597568778,0.06606988266173897,0.8494797315565096,28,28,0.0018666666666666666,9606,Homo sapiens,"16196;17252;19660;16113;17351;28946;16347;15940;15367;17754;17336;17898;17579;35704","","R-HSA-2404133;R-HSA-2404134;R-HSA-975629;R-HSA-2404135;R-HSA-8956427;R-HSA-2404131;R-HSA-2404140;R-HSA-2404142;R-HSA-2399913;R-HSA-2404137;R-HSA-2423785;R-HSA-2404139;R-HSA-2395764;R-HSA-2404144;R-HSA-2424254;R-HSA-2395768;R-HSA-975635;R-HSA-5246478;R-HSA-975633;R-HSA-5164399;R-HSA-975594;R-HSA-2187332;R-HSA-975593;R-HSA-2395784;R-HSA-2429643;R-HSA-2855259;R-HSA-975608;R-HSA-2855252"
R-HSA-964975,"Vitamin B6 activation to pyridoxal phosphate",5,21,0.001343570057581574,0.06620827273278806,0.8494797315565096,4,6,4.0E-4,9606,Homo sapiens,"17310;16709;16410;28324;17405","","R-HSA-964958;R-HSA-964970;R-HSA-3204311;R-HSA-964962"
R-HSA-3000480,"Scavenging by Class A Receptors",9,49,0.0031349968010236724,0.06760286572620977,0.8494797315565096,8,10,6.666666666666666E-4,9606,Homo sapiens,"17202;64023;17368;16113;53014;2495;15940;2904;4208;15768","","R-HSA-3221843;R-HSA-2187266;R-HSA-2173778;R-HSA-2507854;R-HSA-2203480;R-HSA-2187261;R-HSA-2981040;R-HSA-2299677"
R-HSA-211916,"Vitamins",5,22,0.0014075495841330773,0.07716081477694492,0.8494797315565096,4,5,3.333333333333333E-4,9606,Homo sapiens,"28940;16474;15367;17933;17823","","R-HSA-212007;R-HSA-209845;R-HSA-211950;R-HSA-209868"
R-HSA-549127,"Organic cation transport",7,36,0.0023032629558541267,0.07907962853597961,0.8494797315565096,8,9,6.0E-4,9606,Homo sapiens,"17126;15354;30805;15854;34729;16797;42820;16737","","R-HSA-549304;R-HSA-549241;R-HSA-549129;R-HSA-549322;R-HSA-561054;R-HSA-549279;R-HSA-561072;R-HSA-549297"
R-HSA-73621,"Pyrimidine catabolism",9,51,0.0032629558541266796,0.08168455283139098,0.8494797315565096,10,17,0.0011333333333333334,9606,Homo sapiens,"16450;17562;15887;17748;15698;17821;15901;16704;17568","","R-HSA-73585;R-HSA-73616;R-HSA-73589;R-HSA-109380;R-HSA-109449;R-HSA-112265;R-HSA-74376;R-HSA-109480;R-HSA-109291;R-HSA-109514"
R-HSA-9022707,"MECP2 regulates transcription factors",3,10,6.397952655150352E-4,0.08392668963915328,0.8494797315565096,8,8,5.333333333333334E-4,9606,Homo sapiens,"16388;4208","","R-HSA-9021944;R-HSA-9021851;R-HSA-9021949;R-HSA-9021950;R-HSA-9017441;R-HSA-9021952;R-HSA-9017447;R-HSA-9021847"
R-HSA-187015,"Activation of TRKA receptors",3,10,6.397952655150352E-4,0.08392668963915328,0.8494797315565096,8,8,5.333333333333334E-4,9606,Homo sapiens,"16581;16335","","R-HSA-166544;R-HSA-190065;R-HSA-9612996;R-HSA-166538;R-HSA-166542;R-HSA-187678;R-HSA-9613023;R-HSA-187661"
R-HSA-112313,"Neurotransmitter uptake and metabolism In glial cells",3,10,6.397952655150352E-4,0.08392668963915328,0.8494797315565096,3,3,2.0E-4,9606,Homo sapiens,"34712;2710;34846","","R-HSA-210439;R-HSA-212614;R-HSA-70606"
R-HSA-210455,"Astrocytic Glutamate-Glutamine Uptake And Metabolism",3,10,6.397952655150352E-4,0.08392668963915328,0.8494797315565096,3,3,2.0E-4,9606,Homo sapiens,"34712;2710;34846","","R-HSA-210439;R-HSA-212614;R-HSA-70606"
R-HSA-9732724,"IFNG signaling activates MAPKs",3,10,6.397952655150352E-4,0.08392668963915328,0.8494797315565096,3,3,2.0E-4,9606,Homo sapiens,"16828;16243;15978","","R-HSA-9732753;R-HSA-9732738;R-HSA-9732729"
R-HSA-76005,"Response to elevated platelet cytosolic Ca2+",21,148,0.00946896992962252,0.0859372245119423,0.8494797315565096,7,14,9.333333333333333E-4,9606,Homo sapiens,"16000;28819;17263;17385;16002;2089;23774;20912;21803;16040;27999;35280;32805;15600;15996;3699;30314;30776;15714;85253;18405;30865","","R-HSA-481044;R-HSA-482772;R-HSA-482770;R-HSA-481010;R-HSA-481009;R-HSA-481007;R-HSA-114683"
R-HSA-196791,"Vitamin D (calciferol) metabolism",5,23,0.001471529110684581,0.08902578529270733,0.8494797315565096,18,20,0.0013333333333333333,9606,Homo sapiens,"30860;28940;17759;17933;17823","","R-HSA-8963913;R-HSA-8963915;R-HSA-209760;R-HSA-8963851;R-HSA-209766;R-HSA-209765;R-HSA-350147;R-HSA-8963872;R-HSA-209738;R-HSA-350158;R-HSA-6807242;R-HSA-209868;R-HSA-350186;R-HSA-8963864;R-HSA-209845;R-HSA-209754;R-HSA-209944;R-HSA-350168"
R-HSA-114608,"Platelet degranulation ",20,141,0.009021113243761996,0.09210364017061534,0.8494797315565096,6,11,7.333333333333333E-4,9606,Homo sapiens,"16000;28819;17263;17385;16002;2089;23774;21803;16040;27999;35280;32805;15600;15996;3699;30314;30776;15714;85253;18405;30865","","R-HSA-481044;R-HSA-482772;R-HSA-482770;R-HSA-481010;R-HSA-481009;R-HSA-481007"
R-HSA-187042,"TRKA activation by NGF",2,5,3.198976327575176E-4,0.0932021896490236,0.8494797315565096,4,4,2.666666666666667E-4,9606,Homo sapiens,"16581","","R-HSA-166544;R-HSA-190065;R-HSA-166538;R-HSA-166542"
R-HSA-167021,"PLC-gamma1 signalling",2,5,3.198976327575176E-4,0.0932021896490236,0.8494797315565096,3,3,2.0E-4,9606,Homo sapiens,"16581;3347","","R-HSA-167683;R-HSA-167684;R-HSA-167674"
R-HSA-9022538,"Loss of MECP2 binding ability to 5mC-DNA",2,5,3.198976327575176E-4,0.0932021896490236,0.8494797315565096,2,2,1.3333333333333334E-4,9606,Homo sapiens,"16388","","R-HSA-9022465;R-HSA-9023461"
R-HSA-9734281,"Defective HPRT1 disrupts guanine and hypoxanthine salvage",2,5,3.198976327575176E-4,0.0932021896490236,0.8494797315565096,1,1,6.666666666666667E-5,9606,Homo sapiens,"17368;16235","","R-HSA-9734274"
R-HSA-5682113,"Defective ABCA1 causes TGD",2,5,3.198976327575176E-4,0.0932021896490236,0.8494797315565096,1,1,6.666666666666667E-5,9606,Homo sapiens,"17351;16113","","R-HSA-5682111"
R-HSA-5579015,"Defective CYP26B1 causes RHFCA",2,5,3.198976327575176E-4,0.0932021896490236,0.8494797315565096,1,1,6.666666666666667E-5,9606,Homo sapiens,"16474;15367","","R-HSA-5602063"
R-HSA-9673240,"Defective gamma-carboxylation of F9",2,5,3.198976327575176E-4,0.0932021896490236,0.8494797315565096,1,1,6.666666666666667E-5,9606,Homo sapiens,"78277;16119","","R-HSA-9673231"
R-HSA-5423599,"Diseases of Mismatch Repair (MMR)",2,5,3.198976327575176E-4,0.0932021896490236,0.8494797315565096,4,6,4.0E-4,9606,Homo sapiens,"17685;16467;17688","","R-HSA-5578663;R-HSA-5577244;R-HSA-5577259;R-HSA-5632970"
R-HSA-211957,"Aromatic amines can be N-hydroxylated or N-dealkylated by CYP1A2",3,11,7.037747920665387E-4,0.103952880043651,0.8494797315565096,2,2,1.3333333333333334E-4,9606,Homo sapiens,"25858;16474;27732","","R-HSA-76373;R-HSA-76426"
R-HSA-196025,"Formation of annular gap junctions",3,11,7.037747920665387E-4,0.103952880043651,0.8494797315565096,2,2,1.3333333333333334E-4,9606,Homo sapiens,"27470;15882;17409","","R-HSA-196017;R-HSA-196026"
R-HSA-888593,"Reuptake of GABA",3,11,7.037747920665387E-4,0.103952880043651,0.8494797315565096,1,2,1.3333333333333334E-4,9606,Homo sapiens,"17750;48950;16958","","R-HSA-352029"
R-HSA-6814848,"Glycerophospholipid catabolism",4,18,0.0011516314779270633,0.11440173676868859,0.8494797315565096,7,7,4.6666666666666666E-4,9606,Homo sapiens,"17268;15354;18132;16870","","R-HSA-6814132;R-HSA-6814254;R-HSA-6814766;R-HSA-6814797;R-HSA-6813740;R-HSA-6814778;R-HSA-8847912"
R-HSA-1483115,"Hydrolysis of LPC",4,18,0.0011516314779270633,0.11440173676868859,0.8494797315565096,6,6,4.0E-4,9606,Homo sapiens,"15354;16870;32978;1427","","R-HSA-1482612;R-HSA-1482629;R-HSA-8952251;R-HSA-1483116;R-HSA-1482685;R-HSA-1482696"
R-HSA-8935690,"Digestion",10,64,0.004094689699296225,0.12449913322359674,0.8494797315565096,15,24,0.0016,9606,Homo sapiens,"17189;17992;47977;16113;28189;16243;16551;17754;17336;17306","","R-HSA-5659861;R-HSA-192417;R-HSA-191108;R-HSA-975593;R-HSA-191114;R-HSA-192425;R-HSA-189102;R-HSA-191116;R-HSA-189069;R-HSA-188979;R-HSA-188985;R-HSA-6786652;R-HSA-8953398;R-HSA-191101;R-HSA-189053"
R-HSA-430116,"GP1b-IX-V activation signalling",3,12,7.677543186180423E-4,0.12564905853853015,0.8494797315565096,9,9,6.0E-4,9606,Homo sapiens,"16828;15714;15768","","R-HSA-443831;R-HSA-430096;R-HSA-443439;R-HSA-430076;R-HSA-443418;R-HSA-443402;R-HSA-114671;R-HSA-430073;R-HSA-114670"
R-HSA-2855086,"Ficolins bind to repetitive carbohydrate structures on the target cell surface",3,12,7.677543186180423E-4,0.12564905853853015,0.8494797315565096,3,3,2.0E-4,9606,Homo sapiens,"64023;28009;40356","","R-HSA-2855054;R-HSA-2855077;R-HSA-2855125"
R-HSA-8853383,"Lysosomal oligosaccharide catabolism",3,12,7.677543186180423E-4,0.12564905853853015,0.8494797315565096,4,5,3.333333333333333E-4,9606,Homo sapiens,"16422;17160;4208","","R-HSA-8853686;R-HSA-8853710;R-HSA-6799581;R-HSA-6799545"
R-HSA-9022927,"MECP2 regulates transcription of genes involved in GABA signaling",2,6,3.8387715930902113E-4,0.125810556471893,0.8494797315565096,4,4,2.666666666666667E-4,9606,Homo sapiens,"16388","","R-HSA-9022941;R-HSA-9022942;R-HSA-9022935;R-HSA-9022934"
R-HSA-5579019,"Defective FMO3 causes TMAU",2,6,3.8387715930902113E-4,0.125810556471893,0.8494797315565096,1,1,6.666666666666667E-5,9606,Homo sapiens,"16474;18139","","R-HSA-5602966"
R-HSA-3656532,"TGFBR1 KD Mutants in Cancer",2,6,3.8387715930902113E-4,0.125810556471893,0.8494797315565096,1,1,6.666666666666667E-5,9606,Homo sapiens,"15611;21803","","R-HSA-3656523"
R-HSA-2644605,"FBXW7 Mutants and NOTCH1 in Cancer",2,6,3.8387715930902113E-4,0.125810556471893,0.8494797315565096,1,1,6.666666666666667E-5,9606,Homo sapiens,"176466;18128","","R-HSA-2220978"
R-HSA-2644607,"Loss of Function of FBXW7 in Cancer and NOTCH1 Signaling",2,6,3.8387715930902113E-4,0.125810556471893,0.8494797315565096,1,1,6.666666666666667E-5,9606,Homo sapiens,"176466;18128","","R-HSA-2220978"
R-HSA-422085,"Synthesis, secretion, and deacylation of Ghrelin",5,26,0.0016634676903390915,0.12980637373795245,0.8494797315565096,3,8,5.333333333333334E-4,9606,Homo sapiens,"17750;16000;2668;28972;28837","","R-HSA-422051;R-HSA-422048;R-HSA-422104"
R-HSA-5365859,"RA biosynthesis pathway",7,41,0.0026231605886116445,0.1301378073827214,0.8494797315565096,9,11,7.333333333333333E-4,9606,Homo sapiens,"17252;16474;180306;86971;15367;17336;17898;35704","","R-HSA-5362721;R-HSA-5615668;R-HSA-5622134;R-HSA-5362564;R-HSA-5362518;R-HSA-5362522;R-HSA-5362525;R-HSA-5623643;R-HSA-5419165"
R-HSA-5674135,"MAP2K and MAPK activation",8,49,0.0031349968010236724,0.13274957169628698,0.8494797315565096,12,12,8.0E-4,9606,Homo sapiens,"89087;16828;17263;17409;30314;30754;16040;15714","","R-HSA-9657603;R-HSA-5674132;R-HSA-5672980;R-HSA-5674373;R-HSA-5674130;R-HSA-5672978;R-HSA-9657606;R-HSA-5674366;R-HSA-5672972;R-HSA-9657608;R-HSA-5672973;R-HSA-9657599"
R-HSA-5619115,"Disorders of transmembrane transporters",35,281,0.01797824696097249,0.13635227209351708,0.8494797315565096,22,88,0.005866666666666667,9606,Homo sapiens,"17981;16196;17126;15344;16113;16750;17562;16199;28875;32365;17748;3699;16335;16958;17964;17596;21553;17775;16283;17351;17890;30805;15354;17254;28822;16708;27410;422;33442;32354;16525;17759;16704","","R-HSA-5655702;R-HSA-5678517;R-HSA-5658483;R-HSA-5624211;R-HSA-5627891;R-HSA-5682111;R-HSA-5683325;R-HSA-5679101;R-HSA-5660890;R-HSA-5659674;R-HSA-8866858;R-HSA-5683672;R-HSA-5625210;R-HSA-5628807;R-HSA-5661474;R-HSA-9035517;R-HSA-5621888;R-HSA-5625123;R-HSA-5638209;R-HSA-5660910;R-HSA-5625674;R-HSA-5679145"
R-HSA-211958,"Miscellaneous substrates",5,27,0.001727447216890595,0.14499835423196006,0.8494797315565096,5,5,3.333333333333333E-4,9606,Homo sapiens,"31697;16881;16474;15367;17347","","R-HSA-211874;R-HSA-211968;R-HSA-211959;R-HSA-211962;R-HSA-211960"
R-HSA-211859,"Biological oxidations",64,547,0.034996801023672426,0.14683693868570047,0.8494797315565096,97,192,0.0128,9606,Homo sapiens,"16796;16113;16474;27647;32643;17927;30746;16716;18139;17688;2869;16521;30805;16881;17650;28867;24786;27732;28940;35420;46195;32635;17933;17026;27905;15366;15761;15882;17263;48765;9008;15760;18397;28834;36062;31697;28279;28115;27584;15843;15367;16973;16335;17864;17347;4866;15724;17823;16856;25858;16581;16422;17594;183911;41001;17474;28600;28689;16827;28324;84532;16469;39567;30753;37946","","R-HSA-211968;R-HSA-3301943;R-HSA-158468;R-HSA-71691;R-HSA-211983;R-HSA-9638046;R-HSA-211991;R-HSA-211988;R-HSA-176664;R-HSA-212007;R-HSA-174374;R-HSA-212005;R-HSA-141348;R-HSA-193060;R-HSA-212004;R-HSA-8943279;R-HSA-192051;R-HSA-71735;R-HSA-174389;R-HSA-174392;R-HSA-192061;R-HSA-140355;R-HSA-76354;R-HSA-174401;R-HSA-192065;R-HSA-140359;R-HSA-174916;R-HSA-5693724;R-HSA-193101;R-HSA-174931;R-HSA-76373;R-HSA-159574;R-HSA-76386;R-HSA-8937442;R-HSA-76397;R-HSA-175983;R-HSA-143468;R-HSA-449911;R-HSA-175987;R-HSA-174963;R-HSA-6800149;R-HSA-194678;R-HSA-174967;R-HSA-192123;R-HSA-159358;R-HSA-76416;R-HSA-158849;R-HSA-176517;R-HSA-76426;R-HSA-176521;R-HSA-141202;R-HSA-141200;R-HSA-158609;R-HSA-5433074;R-HSA-211874;R-HSA-76453;R-HSA-217255;R-HSA-211882;R-HSA-76456;R-HSA-217258;R-HSA-211881;R-HSA-5693691;R-HSA-193964;R-HSA-193965;R-HSA-76466;R-HSA-176054;R-HSA-213175;R-HSA-209845;R-HSA-1247915;R-HSA-76472;R-HSA-176059;R-HSA-76475;R-HSA-139970;R-HSA-211904;R-HSA-5696146;R-HSA-211910;R-HSA-193995;R-HSA-211919;R-HSA-8936519;R-HSA-193997;R-HSA-209868;R-HSA-159443;R-HSA-211924;R-HSA-6786239;R-HSA-211929;R-HSA-176604;R-HSA-194017;R-HSA-176609;R-HSA-215526;R-HSA-211951;R-HSA-211950;R-HSA-211948;R-HSA-211959;R-HSA-176631;R-HSA-211962;R-HSA-211960;R-HSA-211966"
R-HSA-1236973,"Cross-presentation of particulate exogenous antigens (phagosomes)",3,13,8.317338451695458E-4,0.14880035938088354,0.8494797315565096,3,3,2.0E-4,9606,Homo sapiens,"16827;16410;16474","","R-HSA-1236967;R-HSA-1236958;R-HSA-1236956"
R-HSA-434316,"Fatty Acids bound to GPR40 (FFAR1) regulate insulin secretion",4,20,0.0012795905310300703,0.14999126824872777,0.8494797315565096,4,6,4.0E-4,9606,Homo sapiens,"16196;32980;30805;42504","","R-HSA-400023;R-HSA-416530;R-HSA-400434;R-HSA-399998"
R-HSA-5362517,"Signaling by Retinoic Acid",11,75,0.0047984644913627635,0.15033322899627344,0.8494797315565096,18,22,0.0014666666666666667,9606,Homo sapiens,"70997;17126;17252;16474;17490;25682;180306;86971;15367;30754;17336;17898;35704","","R-HSA-5634100;R-HSA-5615668;R-HSA-5634103;R-HSA-5622134;R-HSA-5622129;R-HSA-5362518;R-HSA-5362522;R-HSA-5362525;R-HSA-5422942;R-HSA-5634104;R-HSA-5623643;R-HSA-5419165;R-HSA-5362721;R-HSA-200406;R-HSA-5362564;R-HSA-5334854;R-HSA-5334827;R-HSA-5633256"
R-HSA-432720,"Lysosome Vesicle Biogenesis",7,43,0.0027511196417146513,0.15426499503470126,0.8494797315565096,5,8,5.333333333333334E-4,9606,Homo sapiens,"17113;27470;28136;15882;6456;28822;176435","","R-HSA-432706;R-HSA-432707;R-HSA-432688;R-HSA-5333658;R-HSA-432712"
R-HSA-9696273,"RND1 GTPase cycle",7,43,0.0027511196417146513,0.15426499503470126,0.8494797315565096,1,2,1.3333333333333334E-4,9606,Homo sapiens,"28087;15487;28833;87753;16349;27647;32425","","R-HSA-9696271"
R-HSA-3296197,"Hydroxycarboxylic acid-binding receptors",2,7,4.478566858605246E-4,0.16062269895832504,0.8494797315565096,3,3,2.0E-4,9606,Homo sapiens,"422;15940","","R-HSA-444661;R-HSA-3296326;R-HSA-3296309"
R-HSA-3656534,"Loss of Function of TGFBR1 in Cancer",2,7,4.478566858605246E-4,0.16062269895832504,0.8494797315565096,2,2,1.3333333333333334E-4,9606,Homo sapiens,"15611;21803","","R-HSA-3656382;R-HSA-3656523"
R-HSA-9022535,"Loss of phosphorylation of MECP2 at T308",2,7,4.478566858605246E-4,0.16062269895832504,0.8494797315565096,1,1,6.666666666666667E-5,9606,Homo sapiens,"16388","","R-HSA-9005561"
R-HSA-9846298,"Defective binding of VWF variant to GPIb:IX:V",2,7,4.478566858605246E-4,0.16062269895832504,0.8494797315565096,1,1,6.666666666666667E-5,9606,Homo sapiens,"15714;15768","","R-HSA-9823706"
R-HSA-3304356,"SMAD2/3 Phosphorylation Motif Mutants in Cancer",2,7,4.478566858605246E-4,0.16062269895832504,0.8494797315565096,1,1,6.666666666666667E-5,9606,Homo sapiens,"15611;21803","","R-HSA-3304394"
R-HSA-9845620,"Enhanced binding of GP1BA variant to VWF multimer:collagen ",2,7,4.478566858605246E-4,0.16062269895832504,0.8494797315565096,1,1,6.666666666666667E-5,9606,Homo sapiens,"15714;15768","","R-HSA-9844251"
R-HSA-5579009,"Defective CYP11B2 causes CMO-1 deficiency",2,7,4.478566858605246E-4,0.16062269895832504,0.8494797315565096,2,3,2.0E-4,9606,Homo sapiens,"16827;16973;2869","","R-HSA-5600598;R-HSA-6785245"
R-HSA-3134973,"LRR FLII-interacting protein 1 (LRRFIP1) activates type I IFN production",2,7,4.478566858605246E-4,0.16062269895832504,0.8494797315565096,3,5,3.333333333333333E-4,9606,Homo sapiens,"1387;12387","","R-HSA-3134904;R-HSA-3134901;R-HSA-3134883"
R-HSA-196854,"Metabolism of vitamins and cofactors",47,396,0.025335892514395393,0.16435795822373356,0.8494797315565096,94,215,0.014333333333333333,9606,Homo sapiens,"16196;15366;16410;19660;16113;16474;133686;27647;16939;35699;28115;28871;30768;16414;55328;15940;15367;16797;16814;17768;17405;17310;16384;17597;17895;21553;17252;18385;17351;17154;18145;46234;28946;78277;16709;27470;422;28324;17439;18408;16347;17336;17754;17898;15956;17579;35704","","R-HSA-8942344;R-HSA-197250;R-HSA-2404133;R-HSA-2404134;R-HSA-975629;R-HSA-2404135;R-HSA-8956427;R-HSA-3149494;R-HSA-2404131;R-HSA-3076905;R-HSA-2404140;R-HSA-3000103;R-HSA-5359451;R-HSA-2993447;R-HSA-2404142;R-HSA-9856794;R-HSA-2399913;R-HSA-2404137;R-HSA-2404139;R-HSA-6806647;R-HSA-2404144;R-HSA-3000122;R-HSA-2424254;R-HSA-196761;R-HSA-200729;R-HSA-3000112;R-HSA-975635;R-HSA-8955030;R-HSA-975633;R-HSA-199203;R-HSA-199202;R-HSA-5164399;R-HSA-8956458;R-HSA-174374;R-HSA-3000074;R-HSA-2993802;R-HSA-2993799;R-HSA-2162187;R-HSA-389550;R-HSA-2395784;R-HSA-159790;R-HSA-2309773;R-HSA-199219;R-HSA-2162194;R-HSA-429749;R-HSA-2993814;R-HSA-9709098;R-HSA-197186;R-HSA-200646;R-HSA-197963;R-HSA-3065959;R-HSA-199626;R-HSA-3149563;R-HSA-2423785;R-HSA-8870346;R-HSA-964958;R-HSA-2395764;R-HSA-6801462;R-HSA-8938073;R-HSA-3149539;R-HSA-8938076;R-HSA-3323111;R-HSA-8874705;R-HSA-6801328;R-HSA-8874718;R-HSA-2395768;R-HSA-5223313;R-HSA-5246478;R-HSA-3000137;R-HSA-964970;R-HSA-8869603;R-HSA-975594;R-HSA-3159253;R-HSA-2187332;R-HSA-3204311;R-HSA-975593;R-HSA-4167511;R-HSA-3000263;R-HSA-4167509;R-HSA-3159259;R-HSA-964962;R-HSA-3204318;R-HSA-2429643;R-HSA-8940134;R-HSA-2855259;R-HSA-9759206;R-HSA-6806674;R-HSA-975608;R-HSA-9759202;R-HSA-9856737;R-HSA-9759209;R-HSA-3149518;R-HSA-2855252;R-HSA-3149519"
R-HSA-196741,"Cobalamin (Cbl, vitamin B12) transport and metabolism",8,52,0.003326935380678183,0.16655867294210325,0.8494797315565096,19,27,0.0018,9606,Homo sapiens,"17895;21553;35699;28115;17439;18408;16414;16814","","R-HSA-3000137;R-HSA-174374;R-HSA-3159253;R-HSA-3149494;R-HSA-3000074;R-HSA-3000103;R-HSA-3000263;R-HSA-3149563;R-HSA-3159259;R-HSA-3204318;R-HSA-9759206;R-HSA-3149539;R-HSA-9759202;R-HSA-3000122;R-HSA-9759209;R-HSA-3000112;R-HSA-5223313;R-HSA-3149518;R-HSA-3149519"
R-HSA-6802948,"Signaling by high-kinase activity BRAF mutants",7,44,0.0028150991682661546,0.16704942584859128,0.8494797315565096,4,6,4.0E-4,9606,Homo sapiens,"16828;17263;17409;30314;30754;16040;15714","","R-HSA-6802912;R-HSA-6802911;R-HSA-6802910;R-HSA-6803227"
R-HSA-156580,"Phase II - Conjugation of compounds",32,262,0.01676263595649392,0.17417074468042082,0.8494797315565096,30,72,0.0048,9606,Homo sapiens,"27905;16113;15761;15882;17263;48765;9008;16474;36062;32643;28279;28115;30746;16335;17864;4866;17688;16856;25858;16581;183911;17474;28867;24786;28600;28689;35420;16469;46195;30753;32635;37946","","R-HSA-174401;R-HSA-158849;R-HSA-3301943;R-HSA-158468;R-HSA-174916;R-HSA-176517;R-HSA-5693724;R-HSA-176521;R-HSA-159443;R-HSA-174931;R-HSA-158609;R-HSA-159574;R-HSA-176664;R-HSA-176604;R-HSA-76386;R-HSA-176609;R-HSA-174374;R-HSA-8943279;R-HSA-175983;R-HSA-175987;R-HSA-174963;R-HSA-6800149;R-HSA-176054;R-HSA-174967;R-HSA-176631;R-HSA-174389;R-HSA-1247915;R-HSA-176059;R-HSA-174392;R-HSA-159358"
R-HSA-3000170,"Syndecan interactions",5,29,0.0018554062699936021,0.177489210317876,0.8494797315565096,7,15,0.001,9606,Homo sapiens,"16410;88458;21803;15768;28946","","R-HSA-2731081;R-HSA-2684507;R-HSA-2681694;R-HSA-2731075;R-HSA-2731123;R-HSA-2731074;R-HSA-2731078"
R-HSA-74217,"Purine salvage",7,45,0.0028790786948176585,0.18028320214298543,0.8494797315565096,8,12,8.0E-4,9606,Homo sapiens,"17596;16708;17368;16235;16750;17172;16335","","R-HSA-74241;R-HSA-112033;R-HSA-112034;R-HSA-74213;R-HSA-74215;R-HSA-109671;R-HSA-109624;R-HSA-74207"
R-HSA-8877627,"Vitamin E",1,2,1.2795905310300704E-4,0.18452114118290752,0.8494797315565096,2,2,1.3333333333333334E-4,9606,Homo sapiens,"18145","","R-HSA-8874705;R-HSA-8874718"
R-HSA-4793954,"Defective MOGS causes CDG-2b",1,2,1.2795905310300704E-4,0.18452114118290752,0.8494797315565096,1,1,6.666666666666667E-5,9606,Homo sapiens,"18347","","R-HSA-4793947"
R-HSA-9672393,"Defective F8 binding to von Willebrand factor",1,2,1.2795905310300704E-4,0.18452114118290752,0.8494797315565096,1,1,6.666666666666667E-5,9606,Homo sapiens,"15714","","R-HSA-9665809"
R-HSA-6809583,"Retinoid metabolism disease events",1,2,1.2795905310300704E-4,0.18452114118290752,0.8494797315565096,1,1,6.666666666666667E-5,9606,Homo sapiens,"17336","","R-HSA-2466828"
R-HSA-5579031,"Defective ACTH causes obesity and POMCD",1,2,1.2795905310300704E-4,0.18452114118290752,0.8494797315565096,1,1,6.666666666666667E-5,9606,Homo sapiens,"17200","","R-HSA-5603251"
R-HSA-5632927,"Defective Mismatch Repair Associated With MSH3",1,2,1.2795905310300704E-4,0.18452114118290752,0.8494797315565096,1,1,6.666666666666667E-5,9606,Homo sapiens,"17685","","R-HSA-5578663"
R-HSA-9036092,"Defective AVP does not bind AVPR2 and causes neurohypophyseal diabetes insipidus (NDI)",1,2,1.2795905310300704E-4,0.18452114118290752,0.8494797315565096,1,1,6.666666666666667E-5,9606,Homo sapiens,"15344","","R-HSA-9035517"
R-HSA-3359454,"Defective TCN2 causes TCN2 deficiency",1,2,1.2795905310300704E-4,0.18452114118290752,0.8494797315565096,1,1,6.666666666666667E-5,9606,Homo sapiens,"35699","","R-HSA-3299657"
R-HSA-9768759,"Regulation of NPAS4 gene expression",4,22,0.0014075495841330773,0.18918802199827311,0.8494797315565096,2,11,7.333333333333333E-4,9606,Homo sapiens,"16827;27584;17650;16973;2869","","R-HSA-9769345;R-HSA-9769347"
R-HSA-8963743,"Digestion and absorption",10,71,0.00454254638515675,0.19430582733165191,0.8494797315565096,16,30,0.002,9606,Homo sapiens,"17189;17992;47977;16113;28189;16243;16551;17754;17336;17306","","R-HSA-5659861;R-HSA-192417;R-HSA-191108;R-HSA-975593;R-HSA-265443;R-HSA-191114;R-HSA-192425;R-HSA-189102;R-HSA-191116;R-HSA-189069;R-HSA-188979;R-HSA-188985;R-HSA-6786652;R-HSA-8953398;R-HSA-191101;R-HSA-189053"
R-HSA-9823587,"Defects of platelet adhesion to exposed collagen",2,8,5.118362124120282E-4,0.19690537552088516,0.8494797315565096,5,5,3.333333333333333E-4,9606,Homo sapiens,"15714;15768","","R-HSA-9824402;R-HSA-9844241;R-HSA-9823593;R-HSA-9844251;R-HSA-9823706"
R-HSA-187024,"NGF-independant TRKA activation",2,8,5.118362124120282E-4,0.19690537552088516,0.8494797315565096,4,4,2.666666666666667E-4,9606,Homo sapiens,"16581;16335","","R-HSA-9612996;R-HSA-187678;R-HSA-9613023;R-HSA-187661"
R-HSA-9833576,"CDH11 homotypic and heterotypic interactions",2,8,5.118362124120282E-4,0.19690537552088516,0.8494797315565096,3,3,2.0E-4,9606,Homo sapiens,"16283;12387","","R-HSA-9833671;R-HSA-9833674;R-HSA-9833672"
R-HSA-193681,"Ceramide signalling",2,8,5.118362124120282E-4,0.19690537552088516,0.8494797315565096,2,2,1.3333333333333334E-4,9606,Homo sapiens,"18132;18053","","R-HSA-193706;R-HSA-193672"
R-HSA-1483101,"Synthesis of PS",2,8,5.118362124120282E-4,0.19690537552088516,0.8494797315565096,2,2,1.3333333333333334E-4,9606,Homo sapiens,"16000;15354","","R-HSA-1483186;R-HSA-1483089"
R-HSA-9022537,"Loss of MECP2 binding ability to the NCoR/SMRT complex",2,8,5.118362124120282E-4,0.19690537552088516,0.8494797315565096,1,1,6.666666666666667E-5,9606,Homo sapiens,"16388","","R-HSA-9005585"
R-HSA-9025106,"Biosynthesis of DPAn-6 SPMs",2,8,5.118362124120282E-4,0.19690537552088516,0.8494797315565096,2,3,2.0E-4,9606,Homo sapiens,"65136;87998;1387","","R-HSA-9025152;R-HSA-9025957"
R-HSA-3304349,"Loss of Function of SMAD2/3 in Cancer",2,8,5.118362124120282E-4,0.19690537552088516,0.8494797315565096,1,2,1.3333333333333334E-4,9606,Homo sapiens,"15611;21803","","R-HSA-3304394"
R-HSA-9764302,"Regulation of CDH19 Expression and Function",2,8,5.118362124120282E-4,0.19690537552088516,0.8494797315565096,1,5,3.333333333333333E-4,9606,Homo sapiens,"16283;12387","","R-HSA-9773218"
R-HSA-159740,"Gamma-carboxylation of protein precursors",3,15,9.596928982725527E-4,0.1986001021301781,0.8494797315565096,9,9,6.0E-4,9606,Homo sapiens,"78277;16015;16119","","R-HSA-163810;R-HSA-159826;R-HSA-159795;R-HSA-159761;R-HSA-6807214;R-HSA-159819;R-HSA-159803;R-HSA-159752;R-HSA-163820"
R-HSA-166662,"Lectin pathway of complement activation",3,15,9.596928982725527E-4,0.1986001021301781,0.8494797315565096,6,6,4.0E-4,9606,Homo sapiens,"64023;28009;40356","","R-HSA-166721;R-HSA-166726;R-HSA-2855054;R-HSA-8852509;R-HSA-2855077;R-HSA-2855125"
R-HSA-433692,"Proton-coupled monocarboxylate transport",3,15,9.596928982725527E-4,0.1986001021301781,0.8494797315565096,4,4,2.666666666666667E-4,9606,Homo sapiens,"9123;422;15344","","R-HSA-433698;R-HSA-373875;R-HSA-9645220;R-HSA-373867"
R-HSA-217271,"FMO oxidises nucleophiles",3,15,9.596928982725527E-4,0.1986001021301781,0.8494797315565096,3,3,2.0E-4,9606,Homo sapiens,"16474;18139;15724","","R-HSA-139970;R-HSA-217255;R-HSA-217258"
R-HSA-199992,"trans-Golgi Network Vesicle Budding",11,80,0.005118362124120281,0.19968230757590932,0.8494797315565096,11,19,0.0012666666666666666,9606,Homo sapiens,"17113;27470;17368;28136;15882;32398;28115;6456;28822;2495;176435;27647","","R-HSA-421831;R-HSA-429815;R-HSA-432706;R-HSA-432707;R-HSA-432688;R-HSA-421836;R-HSA-5333658;R-HSA-434362;R-HSA-421835;R-HSA-432712;R-HSA-421833"
R-HSA-2408508,"Metabolism of ingested SeMet, Sec, MeSec into H2Se",6,39,0.0024952015355086373,0.21114114076062918,0.8494797315565096,5,10,6.666666666666666E-4,9606,Homo sapiens,"17154;30021;29009;16335;16797;30831","","R-HSA-2408532;R-HSA-2408551;R-HSA-2408544;R-HSA-2408543;R-HSA-2408537"
R-HSA-389887,"Beta-oxidation of pristanoyl-CoA",5,31,0.001983365323096609,0.21241479349254044,0.8494797315565096,6,11,7.333333333333333E-4,9606,Homo sapiens,"17126;15960;15366;28867;15539","","R-HSA-390276;R-HSA-390224;R-HSA-390304;R-HSA-390291;R-HSA-390284;R-HSA-390281"
R-HSA-71240,"Tryptophan catabolism",7,48,0.003071017274472169,0.22241552946566256,0.8494797315565096,10,16,0.0010666666666666667,9606,Homo sapiens,"18344;15793;17254;17380;88765;43580;16946","","R-HSA-71217;R-HSA-893597;R-HSA-71200;R-HSA-893596;R-HSA-893583;R-HSA-71218;R-HSA-71189;R-HSA-901097;R-HSA-893609;R-HSA-352232"
R-HSA-8956319,"Nucleotide catabolism",18,144,0.009213051823416507,0.2242147941506364,0.8494797315565096,24,63,0.0042,9606,Homo sapiens,"17596;16450;17775;17368;16235;16750;17562;17172;15887;955;17748;15698;16335;17821;15901;16704;17568;17712","","R-HSA-9727349;R-HSA-8851396;R-HSA-74242;R-HSA-109380;R-HSA-109415;R-HSA-74247;R-HSA-9727347;R-HSA-109449;R-HSA-74249;R-HSA-112265;R-HSA-74248;R-HSA-74376;R-HSA-109480;R-HSA-109291;R-HSA-109387;R-HSA-109514;R-HSA-74255;R-HSA-73585;R-HSA-73616;R-HSA-74258;R-HSA-8953339;R-HSA-73589;R-HSA-109470;R-HSA-109278"
R-HSA-879415,"Advanced glycosylation endproduct receptor signaling",3,16,0.0010236724248240564,0.22482480979217212,0.8494797315565096,4,4,2.666666666666667E-4,9606,Homo sapiens,"53014;30852;26756","","R-HSA-879358;R-HSA-879377;R-HSA-879411;R-HSA-879362"
R-HSA-8983432,"Interleukin-15 signaling",3,16,0.0010236724248240564,0.22482480979217212,0.8494797315565096,15,17,0.0011333333333333334,9606,Homo sapiens,"28320;16168;3561","","R-HSA-8983371;R-HSA-8983307;R-HSA-8983309;R-HSA-8983374;R-HSA-8983425;R-HSA-8983424;R-HSA-8983299;R-HSA-8983394;R-HSA-8983298;R-HSA-9009700;R-HSA-8983300;R-HSA-8983335;R-HSA-8983384;R-HSA-8983378;R-HSA-449115"
R-HSA-2428933,"SHC-related events triggered by IGF1R",3,16,0.0010236724248240564,0.22482480979217212,0.8494797315565096,3,5,3.333333333333333E-4,9606,Homo sapiens,"16000;17385;16002;2869","","R-HSA-2404193;R-HSA-2404195;R-HSA-5686072"
R-HSA-156582,"Acetylation",3,16,0.0010236724248240564,0.22482480979217212,0.8494797315565096,2,4,2.666666666666667E-4,9606,Homo sapiens,"32643;25858;30753","","R-HSA-174963;R-HSA-174967"
R-HSA-159854,"Gamma-carboxylation, transport, and amino-terminal cleavage of proteins",3,16,0.0010236724248240564,0.22482480979217212,0.8494797315565096,11,27,0.0018,9606,Homo sapiens,"78277;16015;28689;16119","","R-HSA-163810;R-HSA-159826;R-HSA-159795;R-HSA-159761;R-HSA-159783;R-HSA-6807214;R-HSA-159819;R-HSA-159803;R-HSA-159752;R-HSA-159868;R-HSA-163820"
R-HSA-525793,"Myogenesis",5,32,0.0020473448496481127,0.2306412075572668,0.8494797315565096,11,14,9.333333333333333E-4,9606,Homo sapiens,"90000;17927;31835;17261;12387;4208","","R-HSA-376117;R-HSA-448951;R-HSA-375140;R-HSA-376119;R-HSA-448962;R-HSA-448963;R-HSA-449200;R-HSA-448958;R-HSA-448957;R-HSA-376121;R-HSA-448955"
R-HSA-70635,"Urea cycle",5,32,0.0020473448496481127,0.2306412075572668,0.8494797315565096,6,8,5.333333333333334E-4,9606,Homo sapiens,"15947;17533;15960;16199;18408","","R-HSA-70577;R-HSA-452036;R-HSA-70569;R-HSA-70555;R-HSA-70634;R-HSA-70542"
R-HSA-9671793,"Diseases of hemostasis",4,24,0.0015355086372360845,0.23119399738325752,0.8494797315565096,8,23,0.0015333333333333334,9606,Homo sapiens,"78277;15714;15768;16119","","R-HSA-9665809;R-HSA-9824402;R-HSA-9844241;R-HSA-9823593;R-HSA-9666383;R-HSA-9673231;R-HSA-9844251;R-HSA-9823706"
R-HSA-8964011,"HDL clearance",2,9,5.758157389635317E-4,0.23404666567586907,0.8494797315565096,5,5,3.333333333333333E-4,9606,Homo sapiens,"16113;16814","","R-HSA-349637;R-HSA-349638;R-HSA-264848;R-HSA-264834;R-HSA-8858252"
R-HSA-5619070,"Defective SLC16A1 causes symptomatic deficiency in lactate transport (SDLT)",2,9,5.758157389635317E-4,0.23404666567586907,0.8494797315565096,1,1,6.666666666666667E-5,9606,Homo sapiens,"422;15344","","R-HSA-5624211"
R-HSA-3304351,"Signaling by TGF-beta Receptor Complex in Cancer",2,9,5.758157389635317E-4,0.23404666567586907,0.8494797315565096,5,7,4.6666666666666666E-4,9606,Homo sapiens,"15611;21803","","R-HSA-3645780;R-HSA-3304394;R-HSA-3656382;R-HSA-3642203;R-HSA-3656523"
R-HSA-9656223,"Signaling by RAF1 mutants",7,49,0.0031349968010236724,0.2371746402484598,0.8494797315565096,7,7,4.6666666666666666E-4,9606,Homo sapiens,"16828;17263;17409;30314;30754;16040;15714","","R-HSA-9656211;R-HSA-9656209;R-HSA-9656215;R-HSA-9656214;R-HSA-9656213;R-HSA-9656212;R-HSA-9656207"
R-HSA-425366,"Transport of bile salts and organic acids, metal ions and amine compounds",20,164,0.010492642354446578,0.24075567701158584,0.8494797315565096,27,69,0.0046,9606,Homo sapiens,"17750;104011;17268;17203;17775;9123;17126;15344;30805;15354;48950;16199;17474;42820;422;15854;34729;16797;16958;17864;16737","","R-HSA-549129;R-HSA-549322;R-HSA-429571;R-HSA-433089;R-HSA-561054;R-HSA-549279;R-HSA-444433;R-HSA-444126;R-HSA-352029;R-HSA-429663;R-HSA-561041;R-HSA-429594;R-HSA-434650;R-HSA-433698;R-HSA-435171;R-HSA-561059;R-HSA-429101;R-HSA-561253;R-HSA-373867;R-HSA-549304;R-HSA-549241;R-HSA-373875;R-HSA-351987;R-HSA-9645220;R-HSA-561072;R-HSA-549297;R-HSA-375487"
R-HSA-9759218,"Cobalamin (Cbl) metabolism",5,33,0.002111324376199616,0.24929431266632573,0.8494797315565096,9,11,7.333333333333333E-4,9606,Homo sapiens,"17895;28115;17439;16414;18408","","R-HSA-3149539;R-HSA-174374;R-HSA-3159253;R-HSA-3149494;R-HSA-3149563;R-HSA-3159259;R-HSA-3204318;R-HSA-3149518;R-HSA-3149519"
R-HSA-8877330,"RUNX1 and FOXP3 control the development of regulatory T lymphocytes (Tregs)",3,17,0.0010876519513755597,0.25166425389410785,0.8494797315565096,13,20,0.0013333333333333333,9606,Homo sapiens,"15978;18019;16070","","R-HSA-8877414;R-HSA-8877348;R-HSA-8877345;R-HSA-8877391;R-HSA-8877421;R-HSA-8865546;R-HSA-8877192;R-HSA-8877493;R-HSA-8877396;R-HSA-8877490;R-HSA-8877338;R-HSA-8877369;R-HSA-9006422"
R-HSA-5620922,"BBSome-mediated cargo-targeting to cilium",4,25,0.001599488163787588,0.2529959008286655,0.8494797315565096,5,5,3.333333333333333E-4,9606,Homo sapiens,"15355;15354;15671;15996","","R-HSA-5617815;R-HSA-5624129;R-HSA-5624125;R-HSA-5624127;R-HSA-5624126"
R-HSA-163560,"Triglyceride catabolism",6,42,0.002687140115163148,0.2604055232701262,0.8494797315565096,6,17,0.0011333333333333334,9606,Homo sapiens,"70997;16113;8228;17754;17336;172509","","R-HSA-188467;R-HSA-8848355;R-HSA-8848338;R-HSA-163595;R-HSA-163432;R-HSA-5334794"
R-HSA-176034,"Interactions of Tat with host cellular proteins",1,3,1.9193857965451057E-4,0.2635982561417114,0.8494797315565096,2,2,1.3333333333333334E-4,9606,Homo sapiens,"86366","","R-HSA-167234;R-HSA-167235"
R-HSA-205017,"NFG and proNGF binds to p75NTR",1,3,1.9193857965451057E-4,0.2635982561417114,0.8494797315565096,2,2,1.3333333333333334E-4,9606,Homo sapiens,"18053","","R-HSA-193653;R-HSA-193642"
R-HSA-5609978,"Defective GALT can cause GALCT",1,3,1.9193857965451057E-4,0.2635982561417114,0.8494797315565096,1,1,6.666666666666667E-5,9606,Homo sapiens,"17973","","R-HSA-5610038"
R-HSA-3359485,"Defective CD320 causes MMATC",1,3,1.9193857965451057E-4,0.2635982561417114,0.8494797315565096,1,1,6.666666666666667E-5,9606,Homo sapiens,"35699","","R-HSA-3325546"
R-HSA-5579022,"Defective GGT1 causes GLUTH",1,3,1.9193857965451057E-4,0.2635982561417114,0.8494797315565096,1,1,6.666666666666667E-5,9606,Homo sapiens,"16856","","R-HSA-9035966"
R-HSA-3359473,"Defective MMADHC causes MMAHCD",1,3,1.9193857965451057E-4,0.2635982561417114,0.8494797315565096,1,1,6.666666666666667E-5,9606,Homo sapiens,"17895","","R-HSA-3318571"
R-HSA-3359475,"Defective MMAA causes MMA, cblA type",1,3,1.9193857965451057E-4,0.2635982561417114,0.8494797315565096,1,1,6.666666666666667E-5,9606,Homo sapiens,"18408","","R-HSA-3322135"
R-HSA-3359471,"Defective MMAB causes MMA, cblB type",1,3,1.9193857965451057E-4,0.2635982561417114,0.8494797315565096,1,1,6.666666666666667E-5,9606,Homo sapiens,"16414","","R-HSA-3322125"
R-HSA-4724289,"Defective ALG6 causes CDG-1c",1,3,1.9193857965451057E-4,0.2635982561417114,0.8494797315565096,1,1,6.666666666666667E-5,9606,Homo sapiens,"85253","","R-HSA-4724291"
R-HSA-5619053,"Defective SLC22A5 causes systemic primary carnitine deficiency (CDSP)",1,3,1.9193857965451057E-4,0.2635982561417114,0.8494797315565096,1,1,6.666666666666667E-5,9606,Homo sapiens,"17126","","R-HSA-5625674"
R-HSA-5619071,"Defective SLC22A12 causes renal hypouricemia 1 (RHUC1)",1,3,1.9193857965451057E-4,0.2635982561417114,0.8494797315565096,1,1,6.666666666666667E-5,9606,Homo sapiens,"17775","","R-HSA-5625210"
R-HSA-5619111,"Defective SLC20A2 causes idiopathic basal ganglia calcification 1 (IBGC1)",1,3,1.9193857965451057E-4,0.2635982561417114,0.8494797315565096,1,1,6.666666666666667E-5,9606,Homo sapiens,"3699","","R-HSA-5625123"
R-HSA-5619056,"Defective HK1 causes hexokinase deficiency (HK deficiency)",1,3,1.9193857965451057E-4,0.2635982561417114,0.8494797315565096,1,1,6.666666666666667E-5,9606,Homo sapiens,"16199","","R-HSA-5621888"
R-HSA-9734195,"Defective APRT disrupts adenine salvage",1,3,1.9193857965451057E-4,0.2635982561417114,0.8494797315565096,1,1,6.666666666666667E-5,9606,Homo sapiens,"16708","","R-HSA-9734193"
R-HSA-8853333,"Signaling by FGFR2 fusions",1,3,1.9193857965451057E-4,0.2635982561417114,0.8494797315565096,1,2,1.3333333333333334E-4,9606,Homo sapiens,"2611","","R-HSA-8853313"
R-HSA-8963678,"Intestinal lipid absorption",1,3,1.9193857965451057E-4,0.2635982561417114,0.8494797315565096,1,3,2.0E-4,9606,Homo sapiens,"16113","","R-HSA-265443"
R-HSA-9839389,"TGFBR3 regulates TGF-beta signaling",2,10,6.397952655150352E-4,0.2715393597251359,0.8494797315565096,8,8,5.333333333333334E-4,9606,Homo sapiens,"15611;21803","","R-HSA-9839378;R-HSA-9839363;R-HSA-9839377;R-HSA-9839358;R-HSA-9839390;R-HSA-9839402;R-HSA-9839368;R-HSA-9839401"
R-HSA-4411364,"Binding of TCF/LEF:CTNNB1 to target gene promoters",2,10,6.397952655150352E-4,0.2715393597251359,0.8494797315565096,4,4,2.666666666666667E-4,9606,Homo sapiens,"15346;12387","","R-HSA-4411351;R-HSA-4411367;R-HSA-4411357;R-HSA-4411372"
R-HSA-3371599,"Defective HLCS causes multiple carboxylase deficiency",2,10,6.397952655150352E-4,0.2715393597251359,0.8494797315565096,4,4,2.666666666666667E-4,9606,Homo sapiens,"16384;15956","","R-HSA-3323184;R-HSA-9035987;R-HSA-9035988;R-HSA-9035990"
R-HSA-1614603,"Cysteine formation from homocysteine",2,10,6.397952655150352E-4,0.2715393597251359,0.8494797315565096,2,2,1.3333333333333334E-4,9606,Homo sapiens,"17482;30831","","R-HSA-1614524;R-HSA-1614583"
R-HSA-209822,"Glycoprotein hormones",2,10,6.397952655150352E-4,0.2715393597251359,0.8494797315565096,1,4,2.666666666666667E-4,9606,Homo sapiens,"16322;16325","","R-HSA-378975"
R-HSA-197264,"Nicotinamide salvaging",8,60,0.003838771593090211,0.2723220512161617,0.8494797315565096,8,12,8.0E-4,9606,Homo sapiens,"422;15366;17154;30768;15940;55328;16797;27647","","R-HSA-197250;R-HSA-8938073;R-HSA-197186;R-HSA-8956458;R-HSA-429749;R-HSA-8869603;R-HSA-5359451;R-HSA-2309773"
R-HSA-264642,"Acetylcholine Neurotransmitter Release Cycle",4,26,0.0016634676903390915,0.2751967735096904,0.8494797315565096,5,6,4.0E-4,9606,Homo sapiens,"15355;15354;8499;189724","","R-HSA-264615;R-HSA-372529;R-HSA-264622;R-HSA-372505;R-HSA-429594"
R-HSA-1368082,"RORA activates gene expression",4,26,0.0016634676903390915,0.2751967735096904,0.8494797315565096,1,4,2.666666666666667E-4,9606,Homo sapiens,"28364;27432;17351;1387","","R-HSA-1801587"
R-HSA-177504,"Retrograde neurotrophin signalling",3,18,0.0011516314779270633,0.2789312261453236,0.8494797315565096,3,3,2.0E-4,9606,Homo sapiens,"16581;15882;6456","","R-HSA-177491;R-HSA-177479;R-HSA-177501"
R-HSA-400253,"Circadian Clock",13,105,0.0067178502879078695,0.27937868376086894,0.8494797315565096,11,59,0.003933333333333333,9606,Homo sapiens,"181620;16015;17351;17650;17261;27373;28364;16827;27432;27584;1387;176466;16973;2869;4208","","R-HSA-549385;R-HSA-879724;R-HSA-1368065;R-HSA-400256;R-HSA-1368140;R-HSA-1856948;R-HSA-400382;R-HSA-1801587;R-HSA-549428;R-HSA-400267;R-HSA-549493"
R-HSA-156581,"Methylation",7,52,0.003326935380678183,0.2831692310699153,0.8494797315565096,7,13,8.666666666666666E-4,9606,Homo sapiens,"28279;15761;48765;28115;16474;16335;36062","","R-HSA-175987;R-HSA-6800149;R-HSA-76386;R-HSA-174401;R-HSA-158609;R-HSA-174374;R-HSA-175983"
R-HSA-432722,"Golgi Associated Vesicle Biogenesis",8,61,0.003902751119641715,0.2867465473281918,0.8494797315565096,6,7,4.6666666666666666E-4,9606,Homo sapiens,"17368;15882;28115;32398;6456;28822;2495;176435;27647","","R-HSA-421831;R-HSA-429815;R-HSA-421836;R-HSA-434362;R-HSA-421835;R-HSA-421833"
R-HSA-9013420,"RHOU GTPase cycle",6,44,0.0028150991682661546,0.29477266957047865,0.8494797315565096,1,4,2.666666666666667E-4,9606,Homo sapiens,"16509;17973;28087;88458;19229;85470","","R-HSA-9018766"
R-HSA-5668914,"Diseases of metabolism",47,424,0.02712731925783749,0.3013303355628981,0.8494797315565096,66,195,0.013,9606,Homo sapiens,"17200;17026;17368;16235;16750;16474;18295;35699;28115;16414;15367;16973;16335;18139;16814;2869;85253;17823;16856;17306;17596;17992;16384;17895;16581;21553;18347;17973;4582;16422;17252;28666;17172;28946;16708;2611;32796;16827;27410;28324;28940;28189;17439;18408;16469;15956;17933","","R-HSA-5602004;R-HSA-3323184;R-HSA-5600598;R-HSA-9036289;R-HSA-3656254;R-HSA-4724291;R-HSA-9036290;R-HSA-3318590;R-HSA-3656230;R-HSA-4793947;R-HSA-6785524;R-HSA-5096537;R-HSA-9734274;R-HSA-5602242;R-HSA-3318571;R-HSA-5096532;R-HSA-5688397;R-HSA-9035949;R-HSA-9734193;R-HSA-3322135;R-HSA-9035950;R-HSA-5683325;R-HSA-3322140;R-HSA-9036729;R-HSA-5659879;R-HSA-5602147;R-HSA-9035966;R-HSA-880053;R-HSA-6785245;R-HSA-9035954;R-HSA-9035956;R-HSA-3322125;R-HSA-5659926;R-HSA-5602966;R-HSA-5659922;R-HSA-9735775;R-HSA-9734745;R-HSA-4420365;R-HSA-5605147;R-HSA-5580292;R-HSA-3560804;R-HSA-3560802;R-HSA-3325546;R-HSA-9035987;R-HSA-5602063;R-HSA-9035988;R-HSA-9035990;R-HSA-5602186;R-HSA-5610038;R-HSA-5603251;R-HSA-5601843;R-HSA-3322971;R-HSA-5601849;R-HSA-5601976;R-HSA-3296477;R-HSA-9036283;R-HSA-3656261;R-HSA-9036285;R-HSA-3656258;R-HSA-3656257;R-HSA-9735789;R-HSA-6785565;R-HSA-3656269;R-HSA-3299657;R-HSA-3656267;R-HSA-3296462"
R-HSA-381340,"Transcriptional regulation of white adipocyte differentiation",13,107,0.006845809341010876,0.3013304916217565,0.8494797315565096,13,19,0.0012666666666666666,9606,Homo sapiens,"17685;16796;17351;34154;21803;86507;28364;27432;1387;15918;34496;17336;1879","","R-HSA-1183058;R-HSA-560491;R-HSA-560493;R-HSA-381283;R-HSA-1183003;R-HSA-560517;R-HSA-560472;R-HSA-560473;R-HSA-560510;R-HSA-381309;R-HSA-977271;R-HSA-560498;R-HSA-381337"
R-HSA-212718,"EGFR interacts with phospholipase C-gamma",2,11,7.037747920665387E-4,0.3089664259262548,0.8494797315565096,3,3,2.0E-4,9606,Homo sapiens,"3347;17254","","R-HSA-212706;R-HSA-212710;R-HSA-212713"
R-HSA-629597,"Highly calcium permeable nicotinic acetylcholine receptors",2,11,7.037747920665387E-4,0.3089664259262548,0.8494797315565096,2,2,1.3333333333333334E-4,9606,Homo sapiens,"15355;40521","","R-HSA-629599;R-HSA-622326"
R-HSA-8985947,"Interleukin-9 signaling",2,11,7.037747920665387E-4,0.3089664259262548,0.8494797315565096,8,13,8.666666666666666E-4,9606,Homo sapiens,"16199;3561","","R-HSA-8985929;R-HSA-451895;R-HSA-8985914;R-HSA-8985900;R-HSA-8985973;R-HSA-9011748;R-HSA-8985988;R-HSA-8963734"
R-HSA-8939246,"RUNX1 regulates transcription of genes involved in differentiation of myeloid cells",2,11,7.037747920665387E-4,0.3089664259262548,0.8494797315565096,4,7,4.6666666666666666E-4,9606,Homo sapiens,"1387;30852","","R-HSA-8938251;R-HSA-8938382;R-HSA-8938228;R-HSA-8938231"
R-HSA-9649948,"Signaling downstream of RAS mutants",7,54,0.00345489443378119,0.3149458009763042,0.8494797315565096,7,7,4.6666666666666666E-4,9606,Homo sapiens,"16828;17263;17409;30314;30754;16040;15714","","R-HSA-6803233;R-HSA-6802926;R-HSA-6802925;R-HSA-6802924;R-HSA-6802908;R-HSA-6802922;R-HSA-6803240"
R-HSA-6802946,"Signaling by moderate kinase activity BRAF mutants",7,54,0.00345489443378119,0.3149458009763042,0.8494797315565096,6,7,4.6666666666666666E-4,9606,Homo sapiens,"16828;17263;17409;30314;30754;16040;15714","","R-HSA-6802919;R-HSA-6802916;R-HSA-6802914;R-HSA-6803230;R-HSA-8936676;R-HSA-6802921"
R-HSA-6802955,"Paradoxical activation of RAF signaling by kinase inactive BRAF",7,54,0.00345489443378119,0.3149458009763042,0.8494797315565096,6,7,4.6666666666666666E-4,9606,Homo sapiens,"16828;17263;17409;30314;30754;16040;15714","","R-HSA-6802918;R-HSA-8936731;R-HSA-6803234;R-HSA-6802943;R-HSA-6802942;R-HSA-6802941"
R-HSA-6802949,"Signaling by RAS mutants",7,54,0.00345489443378119,0.3149458009763042,0.8494797315565096,7,9,6.0E-4,9606,Homo sapiens,"16828;17263;17409;30314;30754;16040;15714","","R-HSA-6803233;R-HSA-6802926;R-HSA-6802925;R-HSA-6802924;R-HSA-6802908;R-HSA-6802922;R-HSA-6803240"
R-HSA-350054,"Notch-HLH transcription pathway",4,28,0.0017914267434420985,0.320411166829758,0.8494797315565096,2,2,1.3333333333333334E-4,9606,Homo sapiens,"1387;88811;89963;50613","","R-HSA-212356;R-HSA-350058"
R-HSA-8964038,"LDL clearance",4,28,0.0017914267434420985,0.320411166829758,0.8494797315565096,18,20,0.0013333333333333333,9606,Homo sapiens,"16113;18145;16359;16347;16889","","R-HSA-171106;R-HSA-8876485;R-HSA-8933258;R-HSA-8876484;R-HSA-8865667;R-HSA-6784738;R-HSA-171141;R-HSA-8876366;R-HSA-8937442;R-HSA-171087;R-HSA-171122;R-HSA-171059;R-HSA-6784735;R-HSA-6784734;R-HSA-6784729;R-HSA-6813720;R-HSA-8876696;R-HSA-8876472"
R-HSA-200425,"Carnitine metabolism",4,28,0.0017914267434420985,0.320411166829758,0.8494797315565096,5,9,6.0E-4,9606,Homo sapiens,"17126;25682;17490;15367;30754","","R-HSA-165026;R-HSA-200406;R-HSA-200410;R-HSA-200424;R-HSA-8949399"
R-HSA-400451,"Free fatty acids regulate insulin secretion",4,28,0.0017914267434420985,0.320411166829758,0.8494797315565096,4,8,5.333333333333334E-4,9606,Homo sapiens,"16196;32980;30805;42504","","R-HSA-400023;R-HSA-416530;R-HSA-400434;R-HSA-399998"
R-HSA-2173788,"Downregulation of TGF-beta receptor signaling",4,28,0.0017914267434420985,0.320411166829758,0.8494797315565096,13,28,0.0018666666666666666,9606,Homo sapiens,"35420;15611;21803;33070","","R-HSA-178178;R-HSA-2128994;R-HSA-178218;R-HSA-173483;R-HSA-173512;R-HSA-2127562;R-HSA-178189;R-HSA-2169046;R-HSA-2179291;R-HSA-2187355;R-HSA-2169050;R-HSA-2179293;R-HSA-2187358"
R-HSA-2129379,"Molecules associated with elastic fibres",5,37,0.00236724248240563,0.32693499509319013,0.8494797315565096,9,10,6.666666666666666E-4,9606,Homo sapiens,"16032;16031;15971;16410;21803","","R-HSA-2395364;R-HSA-2161282;R-HSA-2328033;R-HSA-2328048;R-HSA-2395328;R-HSA-2396029;R-HSA-1592387;R-HSA-2396399;R-HSA-2395320"
R-HSA-8964043,"Plasma lipoprotein clearance",6,46,0.002943058221369162,0.3299590493458875,0.8494797315565096,30,36,0.0024,9606,Homo sapiens,"16113;18145;16359;16347;15940;16814;16889","","R-HSA-349637;R-HSA-8876485;R-HSA-8933258;R-HSA-174657;R-HSA-8876484;R-HSA-349638;R-HSA-8865667;R-HSA-6784738;R-HSA-264834;R-HSA-171141;R-HSA-8876366;R-HSA-8858252;R-HSA-171087;R-HSA-8854408;R-HSA-264848;R-HSA-174808;R-HSA-8876696;R-HSA-171106;R-HSA-174624;R-HSA-8933292;R-HSA-8937442;R-HSA-174706;R-HSA-171122;R-HSA-171059;R-HSA-6784735;R-HSA-6784734;R-HSA-8854462;R-HSA-6784729;R-HSA-6813720;R-HSA-8876472"
R-HSA-354194,"GRB2:SOS provides linkage to MAPK signaling for Integrins ",3,20,0.0012795905310300703,0.33406579923740254,0.8494797315565096,2,2,1.3333333333333334E-4,9606,Homo sapiens,"30314;16040;15714","","R-HSA-354165;R-HSA-354087"
R-HSA-71262,"Carnitine synthesis",3,20,0.0012795905310300703,0.33406579923740254,0.8494797315565096,3,6,4.0E-4,9606,Homo sapiens,"17126;64564;16244","","R-HSA-164967;R-HSA-71261;R-HSA-71260"
R-HSA-450604,"KSRP (KHSRP) binds and destabilizes mRNA",3,20,0.0012795905310300703,0.33406579923740254,0.8494797315565096,2,5,3.333333333333333E-4,9606,Homo sapiens,"28661;174634;175989","","R-HSA-450422;R-HSA-451152"
R-HSA-8957322,"Metabolism of steroids",37,335,0.02143314139475368,0.3347201113098319,0.8494797315565096,94,251,0.016733333333333333,9606,Homo sapiens,"16330;17026;15487;16113;17263;15486;16057;16474;28834;189724;30860;28871;27584;16973;17347;2869;17823;16581;16422;16521;17351;17252;17650;4047;28689;28364;16827;27432;28940;28324;1387;16525;17759;16469;16962;15539;17933","","R-HSA-8963851;R-HSA-191366;R-HSA-6810594;R-HSA-194187;R-HSA-5340251;R-HSA-1655826;R-HSA-1655828;R-HSA-8963864;R-HSA-191382;R-HSA-5693390;R-HSA-209944;R-HSA-469659;R-HSA-193054;R-HSA-196126;R-HSA-193052;R-HSA-8951850;R-HSA-193060;R-HSA-8963872;R-HSA-193064;R-HSA-193961;R-HSA-193070;R-HSA-6807242;R-HSA-193964;R-HSA-193068;R-HSA-193965;R-HSA-1655848;R-HSA-192051;R-HSA-193072;R-HSA-1655850;R-HSA-193073;R-HSA-5250531;R-HSA-9755937;R-HSA-209845;R-HSA-192315;R-HSA-1655843;R-HSA-8862137;R-HSA-193981;R-HSA-192061;R-HSA-1449687;R-HSA-9733973;R-HSA-8963913;R-HSA-8963915;R-HSA-192065;R-HSA-196417;R-HSA-159431;R-HSA-9733969;R-HSA-350147;R-HSA-193995;R-HSA-193099;R-HSA-209738;R-HSA-350158;R-HSA-194121;R-HSA-193097;R-HSA-193996;R-HSA-193997;R-HSA-209868;R-HSA-193101;R-HSA-8848215;R-HSA-193362;R-HSA-194130;R-HSA-193491;R-HSA-192341;R-HSA-191322;R-HSA-9733964;R-HSA-209754;R-HSA-350168;R-HSA-9717834;R-HSA-5696822;R-HSA-194017;R-HSA-209760;R-HSA-194023;R-HSA-9705713;R-HSA-804969;R-HSA-209766;R-HSA-209765;R-HSA-9705714;R-HSA-191972;R-HSA-6807055;R-HSA-6807053;R-HSA-194153;R-HSA-194025;R-HSA-191983;R-HSA-350186;R-HSA-194674;R-HSA-5340195;R-HSA-194678;R-HSA-196086;R-HSA-193143;R-HSA-194036;R-HSA-2317530;R-HSA-192123;R-HSA-196350;R-HSA-8873850;R-HSA-193533"
R-HSA-9839406,"TGFBR3 regulates activin signaling",1,4,2.559181062060141E-4,0.3350115912832716,0.8494797315565096,2,2,1.3333333333333334E-4,9606,Homo sapiens,"16322","","R-HSA-9839405;R-HSA-9839384"
R-HSA-9759785,"Diseases of propionyl-CoA catabolism",1,4,2.559181062060141E-4,0.3350115912832716,0.8494797315565096,1,1,6.666666666666667E-5,9606,Homo sapiens,"18408","","R-HSA-3322971"
R-HSA-9672391,"Defective F8 cleavage by thrombin",1,4,2.559181062060141E-4,0.3350115912832716,0.8494797315565096,1,1,6.666666666666667E-5,9606,Homo sapiens,"15714","","R-HSA-9666383"
R-HSA-9759774,"Diseases of mitochondrial beta oxidation",1,4,2.559181062060141E-4,0.3350115912832716,0.8494797315565096,1,1,6.666666666666667E-5,9606,Homo sapiens,"18408","","R-HSA-3322971"
R-HSA-5357609,"Glycogen storage disease type II (GAA)",1,4,2.559181062060141E-4,0.3350115912832716,0.8494797315565096,1,1,6.666666666666667E-5,9606,Homo sapiens,"2611","","R-HSA-9036729"
R-HSA-3359478,"Defective MUT causes MMAM",1,4,2.559181062060141E-4,0.3350115912832716,0.8494797315565096,1,1,6.666666666666667E-5,9606,Homo sapiens,"18408","","R-HSA-3322971"
R-HSA-3359462,"Defective AMN causes MGA1",1,4,2.559181062060141E-4,0.3350115912832716,0.8494797315565096,1,1,6.666666666666667E-5,9606,Homo sapiens,"16814","","R-HSA-3296477"
R-HSA-5658471,"Defective SLC5A7 causes distal hereditary motor neuronopathy 7A (HMN7A)",1,4,2.559181062060141E-4,0.3350115912832716,0.8494797315565096,1,1,6.666666666666667E-5,9606,Homo sapiens,"15354","","R-HSA-5658483"
R-HSA-3359463,"Defective CUBN causes MGA1",1,4,2.559181062060141E-4,0.3350115912832716,0.8494797315565096,1,1,6.666666666666667E-5,9606,Homo sapiens,"16814","","R-HSA-3296462"
R-HSA-1299308,"Tandem of pore domain in a weak inwardly rectifying K+ channels (TWIK)",1,4,2.559181062060141E-4,0.3350115912832716,0.8494797315565096,1,1,6.666666666666667E-5,9606,Homo sapiens,"16525","","R-HSA-1299304"
R-HSA-1296067,"Potassium transport channels",1,4,2.559181062060141E-4,0.3350115912832716,0.8494797315565096,1,1,6.666666666666667E-5,9606,Homo sapiens,"16513","","R-HSA-1296045"
R-HSA-5619114,"Defective SLC5A7 causes distal hereditary motor neuronopathy 7A (HMN7A)",1,4,2.559181062060141E-4,0.3350115912832716,0.8494797315565096,1,1,6.666666666666667E-5,9606,Homo sapiens,"15354","","R-HSA-5658483"
R-HSA-9734735,"Defective ADA disrupts (deoxy)adenosine deamination",1,4,2.559181062060141E-4,0.3350115912832716,0.8494797315565096,1,1,6.666666666666667E-5,9606,Homo sapiens,"16335","","R-HSA-9734745"
R-HSA-168277,"Influenza Virus Induced Apoptosis",1,4,2.559181062060141E-4,0.3350115912832716,0.8494797315565096,1,2,1.3333333333333334E-4,9606,Homo sapiens,"21803","","R-HSA-168865"
R-HSA-75108,"Activation, myristolyation of BID and translocation to mitochondria",1,4,2.559181062060141E-4,0.3350115912832716,0.8494797315565096,1,4,2.666666666666667E-4,9606,Homo sapiens,"18107","","R-HSA-141367"
R-HSA-196849,"Metabolism of water-soluble vitamins and cofactors",29,260,0.016634676903390915,0.33897286524386805,0.8494797315565096,56,147,0.0098,9606,Homo sapiens,"15366;16410;133686;27647;35699;28115;28871;30768;16414;55328;15940;16797;16814;17405;17768;17310;16384;17895;21553;18385;17154;46234;16709;27470;422;28324;17439;18408;15956","","R-HSA-8942344;R-HSA-197250;R-HSA-3149494;R-HSA-3076905;R-HSA-3000103;R-HSA-5359451;R-HSA-2993447;R-HSA-3000122;R-HSA-196761;R-HSA-200729;R-HSA-3000112;R-HSA-8955030;R-HSA-199203;R-HSA-199202;R-HSA-8956458;R-HSA-174374;R-HSA-3000074;R-HSA-2993802;R-HSA-2993799;R-HSA-2309773;R-HSA-199219;R-HSA-429749;R-HSA-2993814;R-HSA-9709098;R-HSA-197186;R-HSA-200646;R-HSA-197963;R-HSA-3065959;R-HSA-199626;R-HSA-3149563;R-HSA-8870346;R-HSA-964958;R-HSA-6801462;R-HSA-8938073;R-HSA-3149539;R-HSA-8938076;R-HSA-3323111;R-HSA-6801328;R-HSA-5223313;R-HSA-3000137;R-HSA-964970;R-HSA-8869603;R-HSA-3159253;R-HSA-3204311;R-HSA-4167511;R-HSA-3000263;R-HSA-4167509;R-HSA-3159259;R-HSA-964962;R-HSA-3204318;R-HSA-8940134;R-HSA-9759206;R-HSA-9759202;R-HSA-9759209;R-HSA-3149518;R-HSA-3149519"
R-HSA-9700645,"ALK mutants bind TKIs",2,12,7.677543186180423E-4,0.3459883088143345,0.8494797315565096,1,1,6.666666666666667E-5,9606,Homo sapiens,"28478;6801","","R-HSA-9700131"
R-HSA-3323169,"Defects in biotin (Btn) metabolism",2,12,7.677543186180423E-4,0.3459883088143345,0.8494797315565096,4,6,4.0E-4,9606,Homo sapiens,"16384;15956","","R-HSA-3323184;R-HSA-9035987;R-HSA-9035988;R-HSA-9035990"
R-HSA-448706,"Interleukin-1 processing",2,12,7.677543186180423E-4,0.3459883088143345,0.8494797315565096,2,5,3.333333333333333E-4,9606,Homo sapiens,"16176;16175","","R-HSA-449058;R-HSA-448703"
R-HSA-432047,"Passive transport by Aquaporins",3,21,0.001343570057581574,0.36162803151312795,0.8494797315565096,6,8,5.333333333333334E-4,9606,Homo sapiens,"68433;16199;17754","","R-HSA-507875;R-HSA-507873;R-HSA-507871;R-HSA-507870;R-HSA-507869;R-HSA-507868"
R-HSA-9651496,"Defects of contact activation system (CAS) and kallikrein/kinin system (KKS)",3,21,0.001343570057581574,0.36162803151312795,0.8494797315565096,3,18,0.0012,9606,Homo sapiens,"78277;15714;16119","","R-HSA-9665809;R-HSA-9666383;R-HSA-9673231"
R-HSA-2122947,"NOTCH1 Intracellular Domain Regulates Transcription",7,57,0.0036468330134357004,0.3636436776040529,0.8494797315565096,14,18,0.0012,9606,Homo sapiens,"86507;1387;88811;176466;89963;50613;18128","","R-HSA-4396371;R-HSA-1980078;R-HSA-1980047;R-HSA-1852623;R-HSA-1912393;R-HSA-1912394;R-HSA-4396347;R-HSA-4396379;R-HSA-1912388;R-HSA-1912391;R-HSA-1912385;R-HSA-1980067;R-HSA-4396382;R-HSA-1980065"
R-HSA-2453902,"The canonical retinoid cycle in rods (twilight vision)",7,57,0.0036468330134357004,0.3636436776040529,0.8494797315565096,15,25,0.0016666666666666668,9606,Homo sapiens,"16196;17351;17252;15843;17754;17336;17898;35704","","R-HSA-2453863;R-HSA-2464803;R-HSA-2466764;R-HSA-2464809;R-HSA-2453833;R-HSA-2464810;R-HSA-2453876;R-HSA-2464822;R-HSA-6786239;R-HSA-74872;R-HSA-2453855;R-HSA-74843;R-HSA-2466718;R-HSA-2466846;R-HSA-1467466"
R-HSA-1614635,"Sulfur amino acid metabolism",11,94,0.0060140754958413305,0.36521419419237755,0.8494797315565096,14,37,0.0024666666666666665,9606,Homo sapiens,"21347;17750;16708;17509;17482;28115;28623;16335;30831;15999;16208;16856","","R-HSA-174401;R-HSA-1614524;R-HSA-174374;R-HSA-1614654;R-HSA-1614591;R-HSA-9034756;R-HSA-1614583;R-HSA-1614605;R-HSA-9013471;R-HSA-9012721;R-HSA-1237160;R-HSA-9012597;R-HSA-1655879;R-HSA-1614631"
R-HSA-211999,"CYP2E1 reactions",4,30,0.0019193857965451055,0.3661089547479327,0.8494797315565096,5,6,4.0E-4,9606,Homo sapiens,"15882;16474;16716;46195","","R-HSA-76416;R-HSA-76354;R-HSA-76475;R-HSA-76397;R-HSA-143468"
R-HSA-5669034,"TNFs bind their physiological receptors",4,30,0.0019193857965451055,0.3661089547479327,0.8494797315565096,5,13,8.666666666666666E-4,9606,Homo sapiens,"1883;15908;21949","","R-HSA-5669012;R-HSA-5693012;R-HSA-5669013;R-HSA-8856189;R-HSA-5675656"
R-HSA-71291,"Metabolism of amino acids and derivatives",70,656,0.04197056941778631,0.36631795728857486,0.8494797315565096,109,286,0.019066666666666666,9606,Homo sapiens,"21347;24813;16196;17126;30817;17482;16796;9349;17285;16112;16199;16474;18332;2198;21547;15947;17927;30021;88765;16995;16797;18344;17377;17697;17533;64564;15354;15793;16244;17254;24786;28623;2710;33442;68440;15999;16208;32635;16891;15366;15960;15486;16530;17380;29009;28671;3219;17509;28115;15929;6128;5832;16335;16737;16856;16583;17750;16384;38397;17196;16344;17154;183911;16708;34114;18408;43580;1606;30831;15539;16946;15811","","R-HSA-5693783;R-HSA-209921;R-HSA-71173;R-HSA-70666;R-HSA-5694018;R-HSA-71189;R-HSA-1614605;R-HSA-8954513;R-HSA-508189;R-HSA-71200;R-HSA-174374;R-HSA-5691507;R-HSA-1614654;R-HSA-141348;R-HSA-209960;R-HSA-71217;R-HSA-389684;R-HSA-71218;R-HSA-209973;R-HSA-5333615;R-HSA-1614631;R-HSA-70723;R-HSA-517444;R-HSA-2408551;R-HSA-174401;R-HSA-2408544;R-HSA-2408546;R-HSA-5693977;R-HSA-9013471;R-HSA-5693967;R-HSA-71261;R-HSA-71260;R-HSA-1655879;R-HSA-353125;R-HSA-350567;R-HSA-164967;R-HSA-8942575;R-HSA-2408525;R-HSA-71275;R-HSA-209772;R-HSA-2408532;R-HSA-70773;R-HSA-2408529;R-HSA-71287;R-HSA-71286;R-HSA-2408540;R-HSA-9012721;R-HSA-175993;R-HSA-2408543;R-HSA-2408537;R-HSA-893583;R-HSA-209792;R-HSA-350604;R-HSA-5693148;R-HSA-350600;R-HSA-9034756;R-HSA-508040;R-HSA-70542;R-HSA-350869;R-HSA-893597;R-HSA-893596;R-HSA-508308;R-HSA-70555;R-HSA-209821;R-HSA-977324;R-HSA-1614524;R-HSA-893609;R-HSA-5693681;R-HSA-70569;R-HSA-70577;R-HSA-350901;R-HSA-209840;R-HSA-389821;R-HSA-1237160;R-HSA-977333;R-HSA-70844;R-HSA-452036;R-HSA-389826;R-HSA-6787757;R-HSA-70606;R-HSA-6784436;R-HSA-6784434;R-HSA-389842;R-HSA-70881;R-HSA-6797957;R-HSA-6797956;R-HSA-389862;R-HSA-901097;R-HSA-6797955;R-HSA-351201;R-HSA-1614591;R-HSA-351215;R-HSA-70634;R-HSA-70893;R-HSA-8954468;R-HSA-352232;R-HSA-351208;R-HSA-6797961;R-HSA-6783880;R-HSA-1614583;R-HSA-351210;R-HSA-71155;R-HSA-70899;R-HSA-5693347;R-HSA-70903;R-HSA-9014641;R-HSA-9012597;R-HSA-71164;R-HSA-70654"
R-HSA-3371497,"HSP90 chaperone cycle for steroid hormone receptors (SHR) in the presence of ligand",9,76,0.004862444017914268,0.37261957758093045,0.8494797315565096,7,22,0.0014666666666666667,9606,Homo sapiens,"16330;17026;16827;16422;27584;17650;16973;17347;26756;2869","","R-HSA-9705925;R-HSA-5618080;R-HSA-9690534;R-HSA-5618099;R-HSA-5618093;R-HSA-9725885;R-HSA-5618073"
R-HSA-216083,"Integrin cell surface interactions",10,86,0.0055022392834293025,0.3823092019005532,0.8494797315565096,26,55,0.0036666666666666666,9606,Homo sapiens,"16032;16411;15783;16410;15891;30021;88458;30314;16040;15714;15768","","R-HSA-114560;R-HSA-114563;R-HSA-210304;R-HSA-216069;R-HSA-2467436;R-HSA-265423;R-HSA-216072;R-HSA-216076;R-HSA-216082;R-HSA-202704;R-HSA-2752125;R-HSA-265425;R-HSA-265426;R-HSA-265427;R-HSA-4084903;R-HSA-349593;R-HSA-4085087;R-HSA-4088218;R-HSA-4085083;R-HSA-349603;R-HSA-2327695;R-HSA-216045;R-HSA-216050;R-HSA-4086223;R-HSA-4088264;R-HSA-2426259"
R-HSA-9022702,"MECP2 regulates transcription of neuronal ligands",2,13,8.317338451695458E-4,0.382331840526727,0.8494797315565096,8,8,5.333333333333334E-4,9606,Homo sapiens,"16388","","R-HSA-9006122;R-HSA-9021935;R-HSA-9021919;R-HSA-9017983;R-HSA-9006050;R-HSA-9023348;R-HSA-9017988;R-HSA-9023351"
R-HSA-880009,"Interconversion of 2-oxoglutarate and 2-hydroxyglutarate",2,13,8.317338451695458E-4,0.382331840526727,0.8494797315565096,4,4,2.666666666666667E-4,9606,Homo sapiens,"32797;32796","","R-HSA-880007;R-HSA-880033;R-HSA-880050;R-HSA-880002"
R-HSA-5140745,"WNT5A-dependent internalization of FZD2, FZD5 and ROR2",2,13,8.317338451695458E-4,0.382331840526727,0.8494797315565096,2,2,1.3333333333333334E-4,9606,Homo sapiens,"27470;71012","","R-HSA-5140747;R-HSA-5140741"
R-HSA-629594,"Highly calcium permeable postsynaptic nicotinic acetylcholine receptors",2,13,8.317338451695458E-4,0.382331840526727,0.8494797315565096,2,2,1.3333333333333334E-4,9606,Homo sapiens,"15355;40521","","R-HSA-629595;R-HSA-629596"
R-HSA-9762292,"Regulation of CDH11 function",2,13,8.317338451695458E-4,0.382331840526727,0.8494797315565096,8,10,6.666666666666666E-4,9606,Homo sapiens,"16283;12387","","R-HSA-9833671;R-HSA-9762246;R-HSA-9761474;R-HSA-9761452;R-HSA-9761421;R-HSA-9833674;R-HSA-9833672;R-HSA-9762282"
R-HSA-9683686,"Maturation of spike protein",2,13,8.317338451695458E-4,0.382331840526727,0.8494797315565096,2,8,5.333333333333334E-4,9606,Homo sapiens,"15903;18347","","R-HSA-9686790;R-HSA-9683663"
R-HSA-9668250,"Defective factor IX causes hemophilia B",2,13,8.317338451695458E-4,0.382331840526727,0.8494797315565096,1,4,2.666666666666667E-4,9606,Homo sapiens,"78277;16119","","R-HSA-9673231"
R-HSA-209952,"Peptide hormone biosynthesis",2,13,8.317338451695458E-4,0.382331840526727,0.8494797315565096,1,5,3.333333333333333E-4,9606,Homo sapiens,"16322;16325","","R-HSA-378975"
R-HSA-9615017,"FOXO-mediated transcription of oxidative stress, metabolic and neuronal genes",6,49,0.0031349968010236724,0.3835444669040544,0.8494797315565096,6,34,0.002266666666666667,9606,Homo sapiens,"17750;16827;28940;27584;17650;16973;2869","","R-HSA-9625699;R-HSA-9623168;R-HSA-9623281;R-HSA-9623415;R-HSA-9623023;R-HSA-9625693"
R-HSA-8964539,"Glutamate and glutamine metabolism",5,40,0.0025591810620601407,0.38667814223924557,0.8494797315565096,5,14,9.333333333333333E-4,9606,Homo sapiens,"16583;2710;15486;5832;21547","","R-HSA-8942575;R-HSA-70666;R-HSA-508040;R-HSA-70606;R-HSA-70654"
R-HSA-1296059,"G protein gated Potassium channels",4,31,0.001983365323096609,0.3889320796660336,0.8494797315565096,3,3,2.0E-4,9606,Homo sapiens,"25858;16521;16513;50599","","R-HSA-1013020;R-HSA-1013013;R-HSA-1013012"
R-HSA-1296041,"Activation of G protein gated Potassium channels",4,31,0.001983365323096609,0.3889320796660336,0.8494797315565096,3,3,2.0E-4,9606,Homo sapiens,"25858;16521;16513;50599","","R-HSA-1013020;R-HSA-1013013;R-HSA-1013012"
R-HSA-997272,"Inhibition  of voltage gated Ca2+ channels via Gbeta/gamma subunits",4,31,0.001983365323096609,0.3889320796660336,0.8494797315565096,3,3,2.0E-4,9606,Homo sapiens,"25858;16521;16513;50599","","R-HSA-1013020;R-HSA-1013013;R-HSA-1013012"
R-HSA-372708,"p130Cas linkage to MAPK signaling for integrins",3,22,0.0014075495841330773,0.3890075352036134,0.8494797315565096,3,3,2.0E-4,9606,Homo sapiens,"30314;16040;15714","","R-HSA-372693;R-HSA-372705;R-HSA-372697"
R-HSA-2894862,"Constitutive Signaling by NOTCH1 HD+PEST Domain Mutants",8,68,0.004350607805502239,0.39156101391652376,0.8494797315565096,16,21,0.0014,9606,Homo sapiens,"86507;16450;1387;88811;176466;89963;50613;18128","","R-HSA-2220964;R-HSA-2220967;R-HSA-2220966;R-HSA-2220971;R-HSA-4396393;R-HSA-4396392;R-HSA-4396402;R-HSA-2220976;R-HSA-2900765;R-HSA-4396401;R-HSA-2220979;R-HSA-2220981;R-HSA-2220982;R-HSA-2220985;R-HSA-2900756;R-HSA-2220957"
R-HSA-2644602,"Signaling by NOTCH1 PEST Domain Mutants in Cancer",8,68,0.004350607805502239,0.39156101391652376,0.8494797315565096,16,21,0.0014,9606,Homo sapiens,"86507;16450;1387;88811;176466;89963;50613;18128","","R-HSA-2220964;R-HSA-2769007;R-HSA-2220967;R-HSA-2220966;R-HSA-2220971;R-HSA-4396393;R-HSA-4396392;R-HSA-2768993;R-HSA-4396402;R-HSA-2220944;R-HSA-4396401;R-HSA-2220979;R-HSA-2220981;R-HSA-2220982;R-HSA-2220985;R-HSA-2220957"
R-HSA-2644606,"Constitutive Signaling by NOTCH1 PEST Domain Mutants",8,68,0.004350607805502239,0.39156101391652376,0.8494797315565096,16,21,0.0014,9606,Homo sapiens,"86507;16450;1387;88811;176466;89963;50613;18128","","R-HSA-2220964;R-HSA-2769007;R-HSA-2220967;R-HSA-2220966;R-HSA-2220971;R-HSA-4396393;R-HSA-4396392;R-HSA-2768993;R-HSA-4396402;R-HSA-2220944;R-HSA-4396401;R-HSA-2220979;R-HSA-2220981;R-HSA-2220982;R-HSA-2220985;R-HSA-2220957"
R-HSA-2894858,"Signaling by NOTCH1 HD+PEST Domain Mutants in Cancer",8,68,0.004350607805502239,0.39156101391652376,0.8494797315565096,16,21,0.0014,9606,Homo sapiens,"86507;16450;1387;88811;176466;89963;50613;18128","","R-HSA-2220964;R-HSA-2220967;R-HSA-2220966;R-HSA-2220971;R-HSA-4396393;R-HSA-4396392;R-HSA-4396402;R-HSA-2220976;R-HSA-2900765;R-HSA-4396401;R-HSA-2220979;R-HSA-2220981;R-HSA-2220982;R-HSA-2220985;R-HSA-2900756;R-HSA-2220957"
R-HSA-2644603,"Signaling by NOTCH1 in Cancer",8,68,0.004350607805502239,0.39156101391652376,0.8494797315565096,24,39,0.0026,9606,Homo sapiens,"86507;16450;1387;88811;176466;89963;50613;18128","","R-HSA-2220964;R-HSA-2769007;R-HSA-2220967;R-HSA-2220966;R-HSA-2691214;R-HSA-2730752;R-HSA-2737728;R-HSA-2220971;R-HSA-4396393;R-HSA-2768993;R-HSA-4396392;R-HSA-2220976;R-HSA-4396402;R-HSA-2900765;R-HSA-2220944;R-HSA-2220979;R-HSA-4396401;R-HSA-2220978;R-HSA-2220981;R-HSA-2220982;R-HSA-2220985;R-HSA-2660816;R-HSA-2900756;R-HSA-2220957"
R-HSA-9856649,"Transcriptional and post-translational regulation of MITF-M expression and activity",8,68,0.004350607805502239,0.39156101391652376,0.8494797315565096,8,32,0.0021333333333333334,9606,Homo sapiens,"17201;17202;17203;17154;1387;12387;15901;15603","","R-HSA-9825780;R-HSA-9825751;R-HSA-9824598;R-HSA-9825747;R-HSA-9824653;R-HSA-9730412;R-HSA-9857375;R-HSA-9825772"
R-HSA-417973,"Adenosine P1 receptors",1,5,3.198976327575176E-4,0.3995034631602671,0.8494797315565096,2,2,1.3333333333333334E-4,9606,Homo sapiens,"16335","","R-HSA-418925;R-HSA-418904"
R-HSA-9673766,"Signaling by cytosolic PDGFRA and PDGFRB fusion proteins",1,5,3.198976327575176E-4,0.3995034631602671,0.8494797315565096,2,2,1.3333333333333334E-4,9606,Homo sapiens,"6801","","R-HSA-9673757;R-HSA-9673756"
R-HSA-209563,"Axonal growth stimulation",1,5,3.198976327575176E-4,0.3995034631602671,0.8494797315565096,2,2,1.3333333333333334E-4,9606,Homo sapiens,"18053","","R-HSA-193668;R-HSA-193646"
R-HSA-5579030,"Defective CYP19A1 causes AEXS",1,5,3.198976327575176E-4,0.3995034631602671,0.8494797315565096,1,1,6.666666666666667E-5,9606,Homo sapiens,"16422","","R-HSA-5601849"
R-HSA-5579027,"Defective CYP27B1 causes VDDR1B",1,5,3.198976327575176E-4,0.3995034631602671,0.8494797315565096,1,1,6.666666666666667E-5,9606,Homo sapiens,"28940","","R-HSA-5602147"
R-HSA-198745,"Signalling to STAT3",1,5,3.198976327575176E-4,0.3995034631602671,0.8494797315565096,1,1,6.666666666666667E-5,9606,Homo sapiens,"16581","","R-HSA-198732"
R-HSA-5683329,"Defective ABCD4 causes MAHCJ",1,5,3.198976327575176E-4,0.3995034631602671,0.8494797315565096,1,1,6.666666666666667E-5,9606,Homo sapiens,"21553","","R-HSA-5683325"
R-HSA-5683678,"Defective ABCA3 causes SMDP3",1,5,3.198976327575176E-4,0.3995034631602671,0.8494797315565096,1,1,6.666666666666667E-5,9606,Homo sapiens,"27410","","R-HSA-5683672"
R-HSA-5579021,"Defective CYP21A2 causes AH3",1,5,3.198976327575176E-4,0.3995034631602671,0.8494797315565096,1,1,6.666666666666667E-5,9606,Homo sapiens,"17026","","R-HSA-5601976"
R-HSA-5579017,"Defective CYP11B1 causes AH4",1,5,3.198976327575176E-4,0.3995034631602671,0.8494797315565096,1,1,6.666666666666667E-5,9606,Homo sapiens,"28324","","R-HSA-5580292"
R-HSA-5579014,"Defective CYP27B1 causes VDDR1A",1,5,3.198976327575176E-4,0.3995034631602671,0.8494797315565096,1,1,6.666666666666667E-5,9606,Homo sapiens,"17933","","R-HSA-5602186"
R-HSA-5579010,"Defective CYP24A1 causes HCAI",1,5,3.198976327575176E-4,0.3995034631602671,0.8494797315565096,1,1,6.666666666666667E-5,9606,Homo sapiens,"17823","","R-HSA-5602004"
R-HSA-5660862,"Defective SLC7A7 causes lysinuric protein intolerance (LPI)",1,5,3.198976327575176E-4,0.3995034631602671,0.8494797315565096,1,1,6.666666666666667E-5,9606,Homo sapiens,"17254","","R-HSA-5660910"
R-HSA-5688399,"Defective ABCA3 causes SMDP3",1,5,3.198976327575176E-4,0.3995034631602671,0.8494797315565096,1,1,6.666666666666667E-5,9606,Homo sapiens,"27410","","R-HSA-5688397"
R-HSA-5579000,"Defective CYP1B1 causes Glaucoma",1,5,3.198976327575176E-4,0.3995034631602671,0.8494797315565096,1,1,6.666666666666667E-5,9606,Homo sapiens,"16469","","R-HSA-5605147"
R-HSA-5579011,"Defective CYP2U1 causes SPG56",1,5,3.198976327575176E-4,0.3995034631602671,0.8494797315565096,1,1,6.666666666666667E-5,9606,Homo sapiens,"16474","","R-HSA-5602242"
R-HSA-9034793,"Activated NTRK3 signals through PLCG1",1,5,3.198976327575176E-4,0.3995034631602671,0.8494797315565096,2,3,2.0E-4,9606,Homo sapiens,"3347","","R-HSA-9034814;R-HSA-9034855"
R-HSA-8875513,"MET interacts with TNS proteins",1,5,3.198976327575176E-4,0.3995034631602671,0.8494797315565096,1,2,1.3333333333333334E-4,9606,Homo sapiens,"36210","","R-HSA-8875531"
R-HSA-3359474,"Defective MMACHC causes MAHCC",1,5,3.198976327575176E-4,0.3995034631602671,0.8494797315565096,1,2,1.3333333333333334E-4,9606,Homo sapiens,"17439","","R-HSA-3318590"
R-HSA-8981607,"Intracellular oxygen transport",1,5,3.198976327575176E-4,0.3995034631602671,0.8494797315565096,2,6,4.0E-4,9606,Homo sapiens,"17189","","R-HSA-8981622;R-HSA-8981606"
R-HSA-991365,"Activation of GABAB receptors",6,50,0.003198976327575176,0.4014622183783577,0.8494797315565096,8,8,5.333333333333334E-4,9606,Homo sapiens,"25858;113;16521;16513;88522;50599","","R-HSA-170674;R-HSA-1013020;R-HSA-170666;R-HSA-1013013;R-HSA-1013012;R-HSA-392206;R-HSA-170686;R-HSA-170671"
R-HSA-977444,"GABA B receptor activation",6,50,0.003198976327575176,0.4014622183783577,0.8494797315565096,8,9,6.0E-4,9606,Homo sapiens,"25858;113;16521;16513;88522;50599","","R-HSA-170674;R-HSA-1013020;R-HSA-170666;R-HSA-1013013;R-HSA-1013012;R-HSA-392206;R-HSA-170686;R-HSA-170671"
R-HSA-5686938,"Regulation of TLR by endogenous ligand",5,41,0.0026231605886116445,0.4065854430660404,0.8494797315565096,3,13,8.666666666666666E-4,9606,Homo sapiens,"16113;16750;40304;17172;16040","","R-HSA-8870678;R-HSA-8869667;R-HSA-9824732"
R-HSA-1855183,"Synthesis of IP2, IP, and Ins in the cytosol",4,32,0.0020473448496481127,0.4116382562015044,0.8494797315565096,7,14,9.333333333333333E-4,9606,Homo sapiens,"16330;17268;32398;4170","","R-HSA-5678327;R-HSA-1855178;R-HSA-1855210;R-HSA-1855211;R-HSA-1855174;R-HSA-1855222;R-HSA-1855154"
R-HSA-210500,"Glutamate Neurotransmitter Release Cycle",4,32,0.0020473448496481127,0.4116382562015044,0.8494797315565096,3,8,5.333333333333334E-4,9606,Homo sapiens,"34712;35128;8499;189724","","R-HSA-210404;R-HSA-210426;R-HSA-210430"
R-HSA-428643,"Organic anion transporters",4,32,0.0020473448496481127,0.4116382562015044,0.8494797315565096,1,12,8.0E-4,9606,Homo sapiens,"422;15366;30768;15940","","R-HSA-429749"
R-HSA-3000178,"ECM proteoglycans",9,79,0.005054382597568778,0.4153844855914831,0.8494797315565096,13,23,0.0015333333333333334,9606,Homo sapiens,"16411;15783;16410;17474;15891;30021;88458;21803;30314;15768","","R-HSA-4086204;R-HSA-2426471;R-HSA-4086200;R-HSA-2327909;R-HSA-4086132;R-HSA-2681667;R-HSA-2327886;R-HSA-2467633;R-HSA-2396370;R-HSA-2424243;R-HSA-2424252;R-HSA-2465883;R-HSA-2466106"
R-HSA-9613829,"Chaperone Mediated Autophagy",3,23,0.001471529110684581,0.41608776660626356,0.8494797315565096,15,19,0.0012666666666666666,9606,Homo sapiens,"19232;30776;50613","","R-HSA-9626256;R-HSA-9626039;R-HSA-9626235;R-HSA-9622840;R-HSA-9624158;R-HSA-9626242;R-HSA-9625188;R-HSA-9626276;R-HSA-9620197;R-HSA-9615721;R-HSA-9622831;R-HSA-9625196;R-HSA-9626060;R-HSA-9625197;R-HSA-9626253"
R-HSA-8963684,"Tyrosine catabolism",3,23,0.001471529110684581,0.41608776660626356,0.8494797315565096,4,6,4.0E-4,9606,Homo sapiens,"24813;16196;183911","","R-HSA-71155;R-HSA-517444;R-HSA-71173;R-HSA-71164"
R-HSA-8849932,"Synaptic adhesion-like molecules",3,23,0.001471529110684581,0.41608776660626356,0.8494797315565096,5,8,5.333333333333334E-4,9606,Homo sapiens,"17418;2904;32425","","R-HSA-8849878;R-HSA-8849908;R-HSA-8849891;R-HSA-8849906;R-HSA-8849881"
R-HSA-181429,"Serotonin Neurotransmitter Release Cycle",3,23,0.001471529110684581,0.41608776660626356,0.8494797315565096,2,4,2.666666666666667E-4,9606,Homo sapiens,"8499;15573;189724","","R-HSA-380901;R-HSA-380905"
R-HSA-9758890,"Transport of RCbl within the body",2,14,8.957133717210493E-4,0.4177805720348198,0.8494797315565096,7,9,6.0E-4,9606,Homo sapiens,"35699;21553","","R-HSA-9759206;R-HSA-9759202;R-HSA-3000122;R-HSA-3000074;R-HSA-3000263;R-HSA-9759209;R-HSA-3000112"
R-HSA-9020558,"Interleukin-2 signaling",2,14,8.957133717210493E-4,0.4177805720348198,0.8494797315565096,13,19,0.0012666666666666666,9606,Homo sapiens,"3561;19229","","R-HSA-451942;R-HSA-919404;R-HSA-452100;R-HSA-508292;R-HSA-508451;R-HSA-508513;R-HSA-452097;R-HSA-450063;R-HSA-452108;R-HSA-451895;R-HSA-452122;R-HSA-508282;R-HSA-452091"
R-HSA-71032,"Propionyl-CoA catabolism",2,14,8.957133717210493E-4,0.4177805720348198,0.8494797315565096,2,3,2.0E-4,9606,Homo sapiens,"18408;15539","","R-HSA-71010;R-HSA-71031"
R-HSA-77108,"Utilization of Ketone Bodies",2,14,8.957133717210493E-4,0.4177805720348198,0.8494797315565096,2,3,2.0E-4,9606,Homo sapiens,"15344;17066","","R-HSA-74177;R-HSA-73920"
R-HSA-8963888,"Chylomicron assembly",2,14,8.957133717210493E-4,0.4177805720348198,0.8494797315565096,3,5,3.333333333333333E-4,9606,Homo sapiens,"16113;15940","","R-HSA-174660;R-HSA-174741;R-HSA-174587"
R-HSA-6807062,"Cholesterol biosynthesis via lathosterol",2,14,8.957133717210493E-4,0.4177805720348198,0.8494797315565096,2,4,2.666666666666667E-4,9606,Homo sapiens,"16113;17759","","R-HSA-6807055;R-HSA-6807053"
R-HSA-2173789,"TGF-beta receptor signaling activates SMADs",6,51,0.0032629558541266796,0.41934562656040764,0.8494797315565096,28,44,0.0029333333333333334,9606,Homo sapiens,"16032;16410;35420;15611;21803;33070","","R-HSA-178178;R-HSA-2395364;R-HSA-2128994;R-HSA-2328033;R-HSA-4332235;R-HSA-173512;R-HSA-4332236;R-HSA-178189;R-HSA-170835;R-HSA-177107;R-HSA-170843;R-HSA-2396029;R-HSA-170846;R-HSA-2395320;R-HSA-170844;R-HSA-170850;R-HSA-2395328;R-HSA-178218;R-HSA-173483;R-HSA-2127562;R-HSA-170861;R-HSA-170868;R-HSA-2169046;R-HSA-2179291;R-HSA-2187355;R-HSA-2169050;R-HSA-2179293;R-HSA-2187358"
R-HSA-170834,"Signaling by TGF-beta Receptor Complex",12,108,0.00690978886756238,0.4224342236637749,0.8494797315565096,40,100,0.006666666666666667,9606,Homo sapiens,"86507;16032;16410;17154;35420;15611;41941;86366;21803;15768;16390;33070","","R-HSA-178178;R-HSA-2395364;R-HSA-2128994;R-HSA-2328033;R-HSA-2160931;R-HSA-2160932;R-HSA-2160935;R-HSA-4332235;R-HSA-173512;R-HSA-9736984;R-HSA-4332236;R-HSA-178189;R-HSA-170835;R-HSA-177107;R-HSA-1484099;R-HSA-2134519;R-HSA-170843;R-HSA-2396029;R-HSA-170846;R-HSA-2395320;R-HSA-2187325;R-HSA-170844;R-HSA-170850;R-HSA-2134532;R-HSA-2395328;R-HSA-178218;R-HSA-173483;R-HSA-2127562;R-HSA-170861;R-HSA-2186643;R-HSA-9733216;R-HSA-170868;R-HSA-2169046;R-HSA-2127257;R-HSA-2179291;R-HSA-2176475;R-HSA-2187355;R-HSA-2169050;R-HSA-2179293;R-HSA-2187358"
R-HSA-3000171,"Non-integrin membrane-ECM interactions",7,61,0.003902751119641715,0.4292143370139512,0.8494797315565096,11,22,0.0014666666666666667,9606,Homo sapiens,"16410;18189;88458;21803;16335;15768;28946","","R-HSA-2731081;R-HSA-2426263;R-HSA-2328129;R-HSA-2684507;R-HSA-2681694;R-HSA-2465890;R-HSA-2327738;R-HSA-2731075;R-HSA-2731123;R-HSA-2731074;R-HSA-2731078"
R-HSA-390918,"Peroxisomal lipid metabolism",10,90,0.005758157389635317,0.43616431058629734,0.8494797315565096,12,35,0.0023333333333333335,9606,Homo sapiens,"16285;65101;17126;15487;15960;15366;16474;28867;15533;15539","","R-HSA-390276;R-HSA-389622;R-HSA-6787811;R-HSA-6809810;R-HSA-390224;R-HSA-390304;R-HSA-390291;R-HSA-6786720;R-HSA-390284;R-HSA-390302;R-HSA-389609;R-HSA-390281"
R-HSA-190828,"Gap junction trafficking",6,52,0.003326935380678183,0.43715967528577093,0.8494797315565096,5,20,0.0013333333333333333,9606,Homo sapiens,"16509;27470;2700;15882;2691;17409","","R-HSA-196017;R-HSA-190519;R-HSA-190682;R-HSA-196026;R-HSA-190829"
R-HSA-6809371,"Formation of the cornified envelope",15,138,0.008829174664107486,0.4374086699163524,0.8494797315565096,10,27,0.0018,9606,Homo sapiens,"16682;89582;16680;16283;16675;16322;16113;6698;16668;16325;91316;50205;15428;15614;30745;30744","","R-HSA-6814695;R-HSA-6810357;R-HSA-6814387;R-HSA-6811539;R-HSA-8942224;R-HSA-6814734;R-HSA-6810894;R-HSA-6814764;R-HSA-6814298;R-HSA-6810937"
R-HSA-9725370,"Signaling by ALK fusions and activated point mutants",13,119,0.007613563659628919,0.4396461192840784,0.8494797315565096,16,63,0.0042,9606,Homo sapiens,"17981;27471;3347;17263;16388;28478;16238;176466;15676;3374;6801;4170","","R-HSA-9712084;R-HSA-9700181;R-HSA-9712085;R-HSA-9712086;R-HSA-9701810;R-HSA-9700179;R-HSA-9712083;R-HSA-9725023;R-HSA-9725030;R-HSA-9851109;R-HSA-9851104;R-HSA-9850958;R-HSA-9712078;R-HSA-9701903;R-HSA-9712079;R-HSA-9851112"
R-HSA-9700206,"Signaling by ALK in cancer",13,119,0.007613563659628919,0.4396461192840784,0.8494797315565096,17,71,0.004733333333333333,9606,Homo sapiens,"17981;27471;3347;17263;16388;28478;16238;176466;15676;3374;6801;4170","","R-HSA-9712084;R-HSA-9700181;R-HSA-9712085;R-HSA-9712086;R-HSA-9701810;R-HSA-9700179;R-HSA-9712083;R-HSA-9725023;R-HSA-9725030;R-HSA-9851109;R-HSA-9851104;R-HSA-9700131;R-HSA-9850958;R-HSA-9712078;R-HSA-9701903;R-HSA-9712079;R-HSA-9851112"
R-HSA-8964058,"HDL remodeling",3,24,0.0015355086372360845,0.4427660855391651,0.8494797315565096,12,13,8.666666666666666E-4,9606,Homo sapiens,"16891;16113;15940","","R-HSA-266310;R-HSA-264678;R-HSA-264695;R-HSA-264689;R-HSA-266082;R-HSA-349404;R-HSA-266303;R-HSA-266328;R-HSA-8980228;R-HSA-266089;R-HSA-266299;R-HSA-266315"
R-HSA-140179,"Amine Oxidase reactions",3,24,0.0015355086372360845,0.4427660855391651,0.8494797315565096,3,8,5.333333333333334E-4,9606,Homo sapiens,"17927;15760;18397","","R-HSA-141202;R-HSA-141200;R-HSA-141348"
R-HSA-192456,"Digestion of dietary lipid",3,24,0.0015355086372360845,0.4427660855391651,0.8494797315565096,3,8,5.333333333333334E-4,9606,Homo sapiens,"16113;17754;17336","","R-HSA-192417;R-HSA-975593;R-HSA-192425"
R-HSA-76002,"Platelet activation, signaling and aggregation",31,293,0.01874600127959053,0.44293057025708005,0.8494797315565096,67,119,0.007933333333333334,9606,Homo sapiens,"90000;28819;17263;17385;20912;21803;32805;15600;88522;16797;3699;85253;15768;30865;16000;16440;25858;71018;16002;2089;23774;16040;27999;35280;16828;15996;1606;30314;30776;17754;15714;18405","","R-HSA-443910;R-HSA-392195;R-HSA-426240;R-HSA-429441;R-HSA-443905;R-HSA-396941;R-HSA-428941;R-HSA-443402;R-HSA-397835;R-HSA-392202;R-HSA-434836;R-HSA-481044;R-HSA-418581;R-HSA-418579;R-HSA-430096;R-HSA-418576;R-HSA-354066;R-HSA-354077;R-HSA-443418;R-HSA-354073;R-HSA-354087;R-HSA-139941;R-HSA-5694462;R-HSA-443439;R-HSA-377644;R-HSA-114600;R-HSA-377641;R-HSA-377640;R-HSA-377643;R-HSA-443831;R-HSA-453183;R-HSA-426043;R-HSA-139842;R-HSA-396996;R-HSA-397891;R-HSA-428750;R-HSA-354124;R-HSA-428749;R-HSA-139854;R-HSA-372693;R-HSA-482772;R-HSA-482770;R-HSA-428752;R-HSA-453200;R-HSA-372697;R-HSA-429529;R-HSA-354149;R-HSA-429415;R-HSA-372705;R-HSA-432096;R-HSA-481007;R-HSA-432110;R-HSA-428909;R-HSA-114671;R-HSA-114670;R-HSA-354165;R-HSA-428918;R-HSA-428917;R-HSA-481010;R-HSA-481009;R-HSA-437118;R-HSA-114552;R-HSA-430076;R-HSA-114683;R-HSA-392187;R-HSA-430073;R-HSA-114558"
R-HSA-9696264,"RND3 GTPase cycle",5,43,0.0027511196417146513,0.44609471859990446,0.8494797315565096,1,2,1.3333333333333334E-4,9606,Homo sapiens,"28087;28833;16349;27647;32425","","R-HSA-9696268"
R-HSA-1368108,"BMAL1:CLOCK,NPAS2 activates circadian gene expression",5,43,0.0027511196417146513,0.44609471859990446,0.8494797315565096,2,20,0.0013333333333333333,9606,Homo sapiens,"28364;27432;16015;17351;1387","","R-HSA-879724;R-HSA-549428"
R-HSA-3000497,"Scavenging by Class H Receptors",2,15,9.596928982725527E-4,0.4521663534445597,0.8494797315565096,4,4,2.666666666666667E-4,9606,Homo sapiens,"16113;53014","","R-HSA-2247511;R-HSA-2203479;R-HSA-2247513;R-HSA-2197770"
R-HSA-622323,"Presynaptic nicotinic acetylcholine receptors",2,15,9.596928982725527E-4,0.4521663534445597,0.8494797315565096,4,4,2.666666666666667E-4,9606,Homo sapiens,"15355;40521","","R-HSA-629599;R-HSA-622325;R-HSA-629588;R-HSA-622326"
R-HSA-9758881,"Uptake of dietary cobalamins into enterocytes",2,15,9.596928982725527E-4,0.4521663534445597,0.8494797315565096,3,7,4.6666666666666666E-4,9606,Homo sapiens,"21553;16814","","R-HSA-3000137;R-HSA-3000103;R-HSA-5223313"
R-HSA-3772470,"Negative regulation of TCF-dependent signaling by WNT ligand antagonists",2,15,9.596928982725527E-4,0.4521663534445597,0.8494797315565096,2,5,3.333333333333333E-4,9606,Homo sapiens,"16450;15728","","R-HSA-3769370;R-HSA-3769397"
R-HSA-141333,"Biogenic amines are oxidatively deaminated to aldehydes by MAOA and MAOB",2,15,9.596928982725527E-4,0.4521663534445597,0.8494797315565096,2,5,3.333333333333333E-4,9606,Homo sapiens,"15760;18397","","R-HSA-141202;R-HSA-141200"
R-HSA-2214320,"Anchoring fibril formation",2,15,9.596928982725527E-4,0.4521663534445597,0.8494797315565096,1,4,2.666666666666667E-4,9606,Homo sapiens,"16335;15768","","R-HSA-2396234"
R-HSA-8940973,"RUNX2 regulates osteoblast differentiation",4,34,0.0021753039027511195,0.4564343919447449,0.8494797315565096,3,24,0.0016,9606,Homo sapiens,"16330;16422;50613;17347","","R-HSA-8877918;R-HSA-8877902;R-HSA-9008389"
R-HSA-5626978,"TNFR1-mediated ceramide production",1,6,3.8387715930902113E-4,0.45774432802592135,0.8494797315565096,3,3,2.0E-4,9606,Homo sapiens,"2495","","R-HSA-5626981;R-HSA-5626982;R-HSA-5626988"
R-HSA-205025,"NADE modulates death signalling",1,6,3.8387715930902113E-4,0.45774432802592135,0.8494797315565096,3,3,2.0E-4,9606,Homo sapiens,"18053","","R-HSA-193650;R-HSA-204981;R-HSA-205117"
R-HSA-9818035,"NFE2L2 regulating ER-stress associated genes",1,6,3.8387715930902113E-4,0.45774432802592135,0.8494797315565096,2,2,1.3333333333333334E-4,9606,Homo sapiens,"1387","","R-HSA-9796068;R-HSA-9796061"
R-HSA-5679096,"Defective ABCG5 causes sitosterolemia",1,6,3.8387715930902113E-4,0.45774432802592135,0.8494797315565096,1,1,6.666666666666667E-5,9606,Homo sapiens,"16113","","R-HSA-5679145"
R-HSA-9637679,"Escape of Mtb from the phagocyte",1,6,3.8387715930902113E-4,0.45774432802592135,0.8494797315565096,1,1,6.666666666666667E-5,9606,Homo sapiens,"17154","","R-HSA-9637699"
R-HSA-5660883,"Defective SLC7A9 causes cystinuria (CSNU)",1,6,3.8387715930902113E-4,0.45774432802592135,0.8494797315565096,1,1,6.666666666666667E-5,9606,Homo sapiens,"16283","","R-HSA-5660890"
R-HSA-5679090,"Defective ABCG8 causes GBD4 and sitosterolemia",1,6,3.8387715930902113E-4,0.45774432802592135,0.8494797315565096,1,1,6.666666666666667E-5,9606,Homo sapiens,"16113","","R-HSA-5679101"
R-HSA-2978092,"Abnormal conversion of 2-oxoglutarate to 2-hydroxyglutarate",1,6,3.8387715930902113E-4,0.45774432802592135,0.8494797315565096,1,1,6.666666666666667E-5,9606,Homo sapiens,"32796","","R-HSA-880053"
R-HSA-9637698,"Phagocyte cell death caused by cytosolic Mtb",1,6,3.8387715930902113E-4,0.45774432802592135,0.8494797315565096,1,1,6.666666666666667E-5,9606,Homo sapiens,"17154","","R-HSA-9637699"
R-HSA-5619113,"Defective SLC3A1 causes cystinuria (CSNU)",1,6,3.8387715930902113E-4,0.45774432802592135,0.8494797315565096,1,1,6.666666666666667E-5,9606,Homo sapiens,"16283","","R-HSA-5655702"
R-HSA-140834,"Extrinsic Pathway of Fibrin Clot Formation",1,6,3.8387715930902113E-4,0.45774432802592135,0.8494797315565096,7,8,5.333333333333334E-4,9606,Homo sapiens,"16015","","R-HSA-140736;R-HSA-140769;R-HSA-140823;R-HSA-140825;R-HSA-140777;R-HSA-140783;R-HSA-140748"
R-HSA-8866911,"TFAP2 (AP-2) family regulates transcription of cell cycle factors",1,6,3.8387715930902113E-4,0.45774432802592135,0.8494797315565096,3,4,2.666666666666667E-4,9606,Homo sapiens,"30531","","R-HSA-8865265;R-HSA-8865280;R-HSA-8865256"
R-HSA-9026527,"Activated NTRK2 signals through PLCG1",1,6,3.8387715930902113E-4,0.45774432802592135,0.8494797315565096,2,3,2.0E-4,9606,Homo sapiens,"3347","","R-HSA-9026894;R-HSA-9026579"
R-HSA-388479,"Vasopressin-like receptors",1,6,3.8387715930902113E-4,0.45774432802592135,0.8494797315565096,4,7,4.6666666666666666E-4,9606,Homo sapiens,"15344","","R-HSA-9667619;R-HSA-9667569;R-HSA-392263;R-HSA-9667563"
R-HSA-8941333,"RUNX2 regulates genes involved in differentiation of myeloid cells",1,6,3.8387715930902113E-4,0.45774432802592135,0.8494797315565096,1,2,1.3333333333333334E-4,9606,Homo sapiens,"30852","","R-HSA-8938382"
R-HSA-1251932,"PLCG1 events in ERBB2 signaling",1,6,3.8387715930902113E-4,0.45774432802592135,0.8494797315565096,1,2,1.3333333333333334E-4,9606,Homo sapiens,"3347","","R-HSA-1251922"
R-HSA-9729555,"Sensory perception of sour taste",1,6,3.8387715930902113E-4,0.45774432802592135,0.8494797315565096,1,3,2.0E-4,9606,Homo sapiens,"15366","","R-HSA-9737111"
R-HSA-193670,"p75NTR negatively regulates cell cycle via SC1",1,6,3.8387715930902113E-4,0.45774432802592135,0.8494797315565096,1,3,2.0E-4,9606,Homo sapiens,"18053","","R-HSA-193643"
R-HSA-173736,"Alternative complement activation",1,6,3.8387715930902113E-4,0.45774432802592135,0.8494797315565096,2,9,6.0E-4,9606,Homo sapiens,"86612","","R-HSA-174551;R-HSA-173754"
R-HSA-112315,"Transmission across Chemical Synapses",36,344,0.02200895713371721,0.4608020602898093,0.8494797315565096,72,167,0.011133333333333334,9606,Homo sapiens,"545959;16196;71466;8499;71464;3387;189724;28875;40521;27823;2700;113;32980;16513;88522;50599;16958;2904;34846;88494;16000;17750;25858;16521;15355;30805;15354;15573;48950;1547;34712;35128;16509;2710;422;17418","","R-HSA-9609746;R-HSA-9609744;R-HSA-210439;R-HSA-9619478;R-HSA-9611030;R-HSA-212614;R-HSA-379395;R-HSA-392206;R-HSA-442760;R-HSA-374922;R-HSA-9610653;R-HSA-9610627;R-HSA-1013020;R-HSA-975389;R-HSA-438037;R-HSA-352029;R-HSA-1013013;R-HSA-1013012;R-HSA-380574;R-HSA-9609737;R-HSA-372505;R-HSA-429594;R-HSA-9609743;R-HSA-9609740;R-HSA-9610802;R-HSA-432164;R-HSA-372519;R-HSA-264615;R-HSA-432162;R-HSA-9612085;R-HSA-170666;R-HSA-9619515;R-HSA-432172;R-HSA-264622;R-HSA-9618750;R-HSA-170671;R-HSA-170674;R-HSA-445367;R-HSA-372529;R-HSA-9610408;R-HSA-170686;R-HSA-9617326;R-HSA-380869;R-HSA-9619542;R-HSA-380608;R-HSA-9673173;R-HSA-416320;R-HSA-379464;R-HSA-6803753;R-HSA-70606;R-HSA-629595;R-HSA-629596;R-HSA-451283;R-HSA-629599;R-HSA-975449;R-HSA-629588;R-HSA-380901;R-HSA-210404;R-HSA-451311;R-HSA-9668218;R-HSA-500717;R-HSA-442732;R-HSA-380905;R-HSA-9610750;R-HSA-9610879;R-HSA-374899;R-HSA-210426;R-HSA-9611368;R-HSA-9614185;R-HSA-622325;R-HSA-210430;R-HSA-622326"
R-HSA-2173796,"SMAD2/SMAD3:SMAD4 heterotrimer regulates transcription",5,44,0.0028150991682661546,0.4656086278619598,0.8494797315565096,6,24,0.0016,9606,Homo sapiens,"86507;41941;86366;16390;15768","","R-HSA-2186643;R-HSA-9733216;R-HSA-1484099;R-HSA-2127257;R-HSA-2176475;R-HSA-9736984"
R-HSA-6802952,"Signaling by BRAF and RAF1 fusions",8,73,0.004670505438259757,0.46741203628677797,0.8494797315565096,5,5,3.333333333333333E-4,9606,Homo sapiens,"16828;17263;24786;17409;30314;30754;16040;15714","","R-HSA-6802935;R-HSA-6802934;R-HSA-6802933;R-HSA-6802932;R-HSA-6802927"
R-HSA-196108,"Pregnenolone biosynthesis",3,25,0.001599488163787588,0.4689531637241817,0.8494797315565096,6,9,6.0E-4,9606,Homo sapiens,"16581;16113;189724","","R-HSA-8951850;R-HSA-196086;R-HSA-193097;R-HSA-193054;R-HSA-196126;R-HSA-193101"
R-HSA-445144,"Signal transduction by L1",3,25,0.001599488163787588,0.4689531637241817,0.8494797315565096,6,11,7.333333333333333E-4,9606,Homo sapiens,"16330;16410;30314","","R-HSA-392752;R-HSA-374669;R-HSA-437230;R-HSA-374686;R-HSA-445069;R-HSA-374681"
R-HSA-391903,"Eicosanoid ligand-binding receptors",3,25,0.001599488163787588,0.4689531637241817,0.8494797315565096,4,15,0.001,9606,Homo sapiens,"28666;16995;89884","","R-HSA-391941;R-HSA-391943;R-HSA-391937;R-HSA-9690439"
R-HSA-77111,"Synthesis of Ketone Bodies",3,25,0.001599488163787588,0.4689531637241817,0.8494797315565096,2,8,5.333333333333334E-4,9606,Homo sapiens,"15344;17066;16207","","R-HSA-74180;R-HSA-73912"
R-HSA-418555,"G alpha (s) signalling events",20,190,0.01215611004478567,0.473897830481551,0.8494797315565096,14,28,0.0018666666666666666,9606,Homo sapiens,"15670;17200;68434;25858;17201;17202;17203;15344;18397;28834;68329;2691;371;2668;113;88528;27551;88522;16335;2869","","R-HSA-379044;R-HSA-163617;R-HSA-392129;R-HSA-9036301;R-HSA-751013;R-HSA-8851797;R-HSA-8982641;R-HSA-9036307;R-HSA-744887;R-HSA-8982645;R-HSA-9624014;R-HSA-744886;R-HSA-9036308;R-HSA-418553"
R-HSA-420092,"Glucagon-type ligand receptors",4,35,0.0022392834293026233,0.47840603628865086,0.8494797315565096,5,8,5.333333333333334E-4,9606,Homo sapiens,"25858;2668;2691;371","","R-HSA-420243;R-HSA-381612;R-HSA-163625;R-HSA-420123;R-HSA-420233"
R-HSA-392154,"Nitric oxide stimulates guanylate cyclase",4,35,0.0022392834293026233,0.47840603628865086,0.8494797315565096,4,7,4.6666666666666666E-4,9606,Homo sapiens,"68434;18125;68329;88750","","R-HSA-418436;R-HSA-392143;R-HSA-392152;R-HSA-418456"
R-HSA-204174,"Regulation of pyruvate dehydrogenase (PDH) complex",4,35,0.0022392834293026233,0.47840603628865086,0.8494797315565096,3,6,4.0E-4,9606,Homo sapiens,"2710;17154;183911;16856","","R-HSA-9011595;R-HSA-9861626;R-HSA-9863531"
R-HSA-1566948,"Elastic fibre formation",5,45,0.0028790786948176585,0.4849084496437417,0.8494797315565096,16,17,0.0011333333333333334,9606,Homo sapiens,"16032;16031;15971;16410;21803","","R-HSA-2395364;R-HSA-2161282;R-HSA-2328033;R-HSA-2395328;R-HSA-2328037;R-HSA-2129353;R-HSA-2129385;R-HSA-2396399;R-HSA-2161293;R-HSA-2129357;R-HSA-2129362;R-HSA-2328048;R-HSA-2396029;R-HSA-1592387;R-HSA-2395320;R-HSA-2129375"
R-HSA-9005895,"Pervasive developmental disorders",2,16,0.0010236724248240564,0.48536201225549047,0.8494797315565096,5,5,3.333333333333333E-4,9606,Homo sapiens,"16388","","R-HSA-9005561;R-HSA-9022462;R-HSA-9005585;R-HSA-9022465;R-HSA-9023461"
R-HSA-9005891,"Loss of function of MECP2 in Rett syndrome",2,16,0.0010236724248240564,0.48536201225549047,0.8494797315565096,5,5,3.333333333333333E-4,9606,Homo sapiens,"16388","","R-HSA-9005561;R-HSA-9022462;R-HSA-9005585;R-HSA-9022465;R-HSA-9023461"
R-HSA-9697154,"Disorders of Nervous System Development",2,16,0.0010236724248240564,0.48536201225549047,0.8494797315565096,5,5,3.333333333333333E-4,9606,Homo sapiens,"16388","","R-HSA-9005561;R-HSA-9022462;R-HSA-9005585;R-HSA-9022465;R-HSA-9023461"
R-HSA-9675151,"Disorders of Developmental Biology",2,16,0.0010236724248240564,0.48536201225549047,0.8494797315565096,5,5,3.333333333333333E-4,9606,Homo sapiens,"16388","","R-HSA-9005561;R-HSA-9022462;R-HSA-9005585;R-HSA-9022465;R-HSA-9023461"
R-HSA-3656237,"Defective EXT2 causes exostoses 2",2,16,0.0010236724248240564,0.48536201225549047,0.8494797315565096,4,4,2.666666666666667E-4,9606,Homo sapiens,"28666;28946","","R-HSA-9036289;R-HSA-3656254;R-HSA-9036290;R-HSA-3656267"
R-HSA-3656253,"Defective EXT1 causes exostoses 1, TRPS2 and CHDS",2,16,0.0010236724248240564,0.48536201225549047,0.8494797315565096,4,4,2.666666666666667E-4,9606,Homo sapiens,"28666;28946","","R-HSA-9036283;R-HSA-3656261;R-HSA-9036285;R-HSA-3656257"
R-HSA-8941856,"RUNX3 regulates NOTCH signaling",2,16,0.0010236724248240564,0.48536201225549047,0.8494797315565096,5,7,4.6666666666666666E-4,9606,Homo sapiens,"1387;89963","","R-HSA-1980047;R-HSA-8878243;R-HSA-4396347;R-HSA-8878237;R-HSA-8878220"
R-HSA-9617629,"Regulation of FOXO transcriptional activity by acetylation",2,16,0.0010236724248240564,0.48536201225549047,0.8494797315565096,6,9,6.0E-4,9606,Homo sapiens,"17154;1387","","R-HSA-9626962;R-HSA-9617683;R-HSA-9626928;R-HSA-9626945;R-HSA-9620532;R-HSA-9617758"
R-HSA-877312,"Regulation of IFNG signaling",2,16,0.0010236724248240564,0.48536201225549047,0.8494797315565096,2,4,2.666666666666667E-4,9606,Homo sapiens,"16243;15978","","R-HSA-877308;R-HSA-877269"
R-HSA-1679131,"Trafficking and processing of endosomal TLR",2,16,0.0010236724248240564,0.48536201225549047,0.8494797315565096,3,7,4.6666666666666666E-4,9606,Homo sapiens,"30860;2904","","R-HSA-1678920;R-HSA-1678923;R-HSA-1678944"
R-HSA-8951936,"RUNX3 regulates p14-ARF",2,16,0.0010236724248240564,0.48536201225549047,0.8494797315565096,2,8,5.333333333333334E-4,9606,Homo sapiens,"15366;21803","","R-HSA-8951966;R-HSA-8952069"
R-HSA-446205,"Synthesis of GDP-mannose",2,16,0.0010236724248240564,0.48536201225549047,0.8494797315565096,1,4,2.666666666666667E-4,9606,Homo sapiens,"16199;4208","","R-HSA-9909159"
R-HSA-196807,"Nicotinate metabolism",9,84,0.005374280230326296,0.4862437017513378,0.8494797315565096,11,29,0.0019333333333333333,9606,Homo sapiens,"422;15366;17154;133686;30768;15940;55328;16797;27647","","R-HSA-197250;R-HSA-8938073;R-HSA-197186;R-HSA-8956458;R-HSA-429749;R-HSA-8938076;R-HSA-8869603;R-HSA-5359451;R-HSA-8870346;R-HSA-8955030;R-HSA-2309773"
R-HSA-8876198,"RAB GEFs exchange GTP for GDP on RABs",10,94,0.0060140754958413305,0.4896127887063886,0.8494797315565096,18,21,0.0014,9606,Homo sapiens,"57589;66682;2676;40410;88405;87247;16217;87248;27999;51209;34306","","R-HSA-8876615;R-HSA-8876454;R-HSA-8876837;R-HSA-8877475;R-HSA-8876193;R-HSA-8877760;R-HSA-8877998;R-HSA-8877612;R-HSA-8877451;R-HSA-8876616;R-HSA-8875318;R-HSA-8877813;R-HSA-8876191;R-HSA-8877311;R-HSA-8876190;R-HSA-8876188;R-HSA-8877308;R-HSA-8875320"
R-HSA-6811440,"Retrograde transport at the Trans-Golgi-Network",6,55,0.0035188739603326936,0.48986214758116253,0.8494797315565096,12,20,0.0013333333333333333,9606,Homo sapiens,"57589;17113;31882;15761;27551;68505;51209","","R-HSA-6811431;R-HSA-6814678;R-HSA-6811429;R-HSA-6811428;R-HSA-6814676;R-HSA-6814675;R-HSA-6814674;R-HSA-6814671;R-HSA-6814670;R-HSA-6814684;R-HSA-6814683;R-HSA-6814682"
R-HSA-210991,"Basigin interactions",3,26,0.0016634676903390915,0.4945722797736567,0.8494797315565096,3,10,6.666666666666666E-4,9606,Homo sapiens,"16330;9123;17254","","R-HSA-375133;R-HSA-204392;R-HSA-375131"
R-HSA-5619107,"Defective TPR may confer susceptibility towards thyroid papillary carcinoma (TPC)",4,36,0.0023032629558541267,0.5000240350622835,0.8494797315565096,1,1,6.666666666666667E-5,9606,Homo sapiens,"17981;32365;32354;17759","","R-HSA-5661474"
R-HSA-112311,"Neurotransmitter clearance",4,36,0.0023032629558541267,0.5000240350622835,0.8494797315565096,4,16,0.0010666666666666667,9606,Homo sapiens,"545959;15355;15354;27823","","R-HSA-372519;R-HSA-380608;R-HSA-379395;R-HSA-379464"
R-HSA-8979227,"Triglyceride metabolism",7,66,0.004222648752399232,0.5097124297046718,0.8494797315565096,8,24,0.0016,9606,Homo sapiens,"70997;2710;16113;8228;17754;17336;172509","","R-HSA-188467;R-HSA-5696119;R-HSA-8848355;R-HSA-8848338;R-HSA-163595;R-HSA-163432;R-HSA-5334794;R-HSA-75887"
R-HSA-111463,"SMAC (DIABLO) binds to IAPs ",1,7,4.478566858605246E-4,0.5103397343574543,0.8494797315565096,4,4,2.666666666666667E-4,9606,Homo sapiens,"28061","","R-HSA-114354;R-HSA-114306;R-HSA-9627350;R-HSA-114361"
R-HSA-111464,"SMAC(DIABLO)-mediated dissociation of IAP:caspase complexes ",1,7,4.478566858605246E-4,0.5103397343574543,0.8494797315565096,3,3,2.0E-4,9606,Homo sapiens,"28061","","R-HSA-114419;R-HSA-114440;R-HSA-114392"
R-HSA-9818026,"NFE2L2 regulating inflammation associated genes",1,7,4.478566858605246E-4,0.5103397343574543,0.8494797315565096,3,3,2.0E-4,9606,Homo sapiens,"1387","","R-HSA-9796054;R-HSA-9796070;R-HSA-9796066"
R-HSA-74713,"IRS activation",1,7,4.478566858605246E-4,0.5103397343574543,0.8494797315565096,3,3,2.0E-4,9606,Homo sapiens,"17750","","R-HSA-74707;R-HSA-74711;R-HSA-74712"
R-HSA-429593,"Inositol transporters",1,7,4.478566858605246E-4,0.5103397343574543,0.8494797315565096,3,3,2.0E-4,9606,Homo sapiens,"17268","","R-HSA-429571;R-HSA-429663;R-HSA-429101"
R-HSA-5678520,"Defective ABCB11 causes PFIC2 and BRIC2",1,7,4.478566858605246E-4,0.5103397343574543,0.8494797315565096,1,1,6.666666666666667E-5,9606,Homo sapiens,"16525","","R-HSA-5678517"
R-HSA-5624138,"Trafficking of myristoylated proteins to the cilium",1,7,4.478566858605246E-4,0.5103397343574543,0.8494797315565096,5,8,5.333333333333334E-4,9606,Homo sapiens,"15996","","R-HSA-5638006;R-HSA-5624133;R-HSA-5638007;R-HSA-5638004;R-HSA-5624130"
R-HSA-8939247,"RUNX1 regulates transcription of genes involved in interleukin signaling",1,7,4.478566858605246E-4,0.5103397343574543,0.8494797315565096,3,5,3.333333333333333E-4,9606,Homo sapiens,"28426","","R-HSA-8938938;R-HSA-8938913;R-HSA-8938981"
R-HSA-8939245,"RUNX1 regulates transcription of genes involved in BCR signaling",1,7,4.478566858605246E-4,0.5103397343574543,0.8494797315565096,2,4,2.666666666666667E-4,9606,Homo sapiens,"28426","","R-HSA-8938987;R-HSA-8938965"
R-HSA-174577,"Activation of C3 and C5",1,7,4.478566858605246E-4,0.5103397343574543,0.8494797315565096,2,4,2.666666666666667E-4,9606,Homo sapiens,"86612","","R-HSA-173680;R-HSA-166817"
R-HSA-390648,"Muscarinic acetylcholine receptors",1,7,4.478566858605246E-4,0.5103397343574543,0.8494797315565096,2,5,3.333333333333333E-4,9606,Homo sapiens,"15355","","R-HSA-390673;R-HSA-390649"
R-HSA-427652,"Sodium-coupled phosphate cotransporters",1,7,4.478566858605246E-4,0.5103397343574543,0.8494797315565096,1,3,2.0E-4,9606,Homo sapiens,"3699","","R-HSA-427605"
R-HSA-447038,"NrCAM interactions",1,7,4.478566858605246E-4,0.5103397343574543,0.8494797315565096,1,4,2.666666666666667E-4,9606,Homo sapiens,"17418","","R-HSA-376134"
R-HSA-9854909,"Regulation of MITF-M dependent genes involved in invasion",1,7,4.478566858605246E-4,0.5103397343574543,0.8494797315565096,1,6,4.0E-4,9606,Homo sapiens,"15864","","R-HSA-9857585"
R-HSA-181431,"Acetylcholine binding and downstream events",2,17,0.0010876519513755597,0.5172749960251904,0.8494797315565096,6,6,4.0E-4,9606,Homo sapiens,"15355;40521","","R-HSA-629595;R-HSA-629596;R-HSA-629599;R-HSA-622325;R-HSA-629588;R-HSA-622326"
R-HSA-622327,"Postsynaptic nicotinic acetylcholine receptors",2,17,0.0010876519513755597,0.5172749960251904,0.8494797315565096,4,4,2.666666666666667E-4,9606,Homo sapiens,"15355;40521","","R-HSA-629595;R-HSA-629596;R-HSA-622325;R-HSA-629588"
R-HSA-8963901,"Chylomicron remodeling",2,17,0.0010876519513755597,0.5172749960251904,0.8494797315565096,3,3,2.0E-4,9606,Homo sapiens,"16113;15940","","R-HSA-174690;R-HSA-174739;R-HSA-174757"
R-HSA-75892,"Platelet Adhesion to exposed collagen",2,17,0.0010876519513755597,0.5172749960251904,0.8494797315565096,6,8,5.333333333333334E-4,9606,Homo sapiens,"15714;15768","","R-HSA-114577;R-HSA-9822532;R-HSA-114563;R-HSA-9822734;R-HSA-9823065;R-HSA-9822539"
R-HSA-9755088,"Ribavirin ADME",3,27,0.001727447216890595,0.5195585377237921,0.8494797315565096,3,12,8.0E-4,9606,Homo sapiens,"18102;17596;17964","","R-HSA-9754916;R-HSA-9755013;R-HSA-9754929"
R-HSA-451927,"Interleukin-2 family signaling",5,47,0.0030070377479206652,0.5227237429757402,0.8494797315565096,45,59,0.003933333333333333,9606,Homo sapiens,"28320;16168;16199;3561;19229","","R-HSA-8985929;R-HSA-8983371;R-HSA-912527;R-HSA-452100;R-HSA-8983307;R-HSA-508292;R-HSA-8983309;R-HSA-8983374;R-HSA-452097;R-HSA-8983425;R-HSA-8983424;R-HSA-450063;R-HSA-8983299;R-HSA-452108;R-HSA-8983298;R-HSA-9006850;R-HSA-8983300;R-HSA-8985988;R-HSA-508247;R-HSA-9006873;R-HSA-8983384;R-HSA-913374;R-HSA-8983378;R-HSA-452122;R-HSA-449115;R-HSA-913424;R-HSA-8963734;R-HSA-9006870;R-HSA-451942;R-HSA-919404;R-HSA-508451;R-HSA-8985900;R-HSA-508513;R-HSA-8983394;R-HSA-9011748;R-HSA-9009700;R-HSA-8983335;R-HSA-451895;R-HSA-453111;R-HSA-8985914;R-HSA-9006844;R-HSA-453104;R-HSA-8985973;R-HSA-508282;R-HSA-452091"
R-HSA-5620920,"Cargo trafficking to the periciliary membrane",6,57,0.0036468330134357004,0.5240902289976743,0.8494797315565096,19,27,0.0018,9606,Homo sapiens,"15355;15354;15671;15996;27500;28645","","R-HSA-5638006;R-HSA-5638007;R-HSA-5617815;R-HSA-5638004;R-HSA-5620918;R-HSA-5620914;R-HSA-5624125;R-HSA-5624127;R-HSA-5623519;R-HSA-5624126;R-HSA-5623513;R-HSA-5620921;R-HSA-5623525;R-HSA-5624133;R-HSA-5623524;R-HSA-5623527;R-HSA-5624129;R-HSA-5623521;R-HSA-5624130"
R-HSA-157858,"Gap junction trafficking and regulation",6,57,0.0036468330134357004,0.5240902289976743,0.8494797315565096,5,24,0.0016,9606,Homo sapiens,"16509;27470;2700;15882;2691;17409","","R-HSA-196017;R-HSA-190519;R-HSA-190682;R-HSA-196026;R-HSA-190829"
R-HSA-416476,"G alpha (q) signalling events",29,285,0.018234165067178502,0.5302368971260263,0.8494797315565096,15,35,0.0023333333333333335,9606,Homo sapiens,"16196;15366;28875;3561;28716;42504;2668;53460;113;32980;53486;53487;88700;30768;16995;2869;16440;25858;15355;30805;18101;28666;28661;28364;27432;84634;1606;89884;17754","","R-HSA-8982025;R-HSA-114688;R-HSA-749448;R-HSA-8982026;R-HSA-426240;R-HSA-139941;R-HSA-749452;R-HSA-8982017;R-HSA-5694462;R-HSA-398188;R-HSA-139854;R-HSA-379048;R-HSA-416510;R-HSA-750993;R-HSA-426043"
R-HSA-977443,"GABA receptor activation",7,68,0.004350607805502239,0.5408462879185019,0.8494797315565096,9,12,8.0E-4,9606,Homo sapiens,"25858;113;422;16521;16513;88522;50599","","R-HSA-170674;R-HSA-1013020;R-HSA-975449;R-HSA-170666;R-HSA-1013013;R-HSA-1013012;R-HSA-392206;R-HSA-170686;R-HSA-170671"
R-HSA-1296065,"Inwardly rectifying K+ channels",4,38,0.002431222008957134,0.54202431246415,0.8494797315565096,4,7,4.6666666666666666E-4,9606,Homo sapiens,"25858;16521;16513;50599","","R-HSA-1013020;R-HSA-1013013;R-HSA-1013012;R-HSA-1296045"
R-HSA-8963693,"Aspartate and asparagine metabolism",4,38,0.002431222008957134,0.54202431246415,0.8494797315565096,5,11,7.333333333333333E-4,9606,Homo sapiens,"15366;17285;1606;21547","","R-HSA-5693783;R-HSA-5691507;R-HSA-8954513;R-HSA-6787757;R-HSA-8954468"
R-HSA-3238698,"WNT ligand biogenesis and trafficking",3,28,0.0017914267434420985,0.5438580390206653,0.8494797315565096,8,12,8.0E-4,9606,Homo sapiens,"15729;15728;15727;7476","","R-HSA-3247840;R-HSA-3247843;R-HSA-3238691;R-HSA-3247844;R-HSA-3238694;R-HSA-3247837;R-HSA-3781941;R-HSA-3781943"
R-HSA-879518,"Transport of organic anions",3,28,0.0017914267434420985,0.5438580390206653,0.8494797315565096,5,9,6.0E-4,9606,Homo sapiens,"17474;18332;16525","","R-HSA-194130;R-HSA-9631987;R-HSA-879562;R-HSA-879575;R-HSA-879584"
R-HSA-212676,"Dopamine Neurotransmitter Release Cycle",3,28,0.0017914267434420985,0.5438580390206653,0.8494797315565096,2,5,3.333333333333333E-4,9606,Homo sapiens,"8499;15573;189724","","R-HSA-380869;R-HSA-380574"
R-HSA-189200,"Cellular hexose transport",3,28,0.0017914267434420985,0.5438580390206653,0.8494797315565096,3,18,0.0012,9606,Homo sapiens,"17775;17890;4208","","R-HSA-429567;R-HSA-429036;R-HSA-8876283"
R-HSA-399956,"CRMPs in Sema3A signaling",2,18,0.0011516314779270633,0.5478418614211072,0.8494797315565096,5,5,3.333333333333333E-4,9606,Homo sapiens,"28197;20912","","R-HSA-399951;R-HSA-399946;R-HSA-399947;R-HSA-399931;R-HSA-399944"
R-HSA-8963896,"HDL assembly",2,18,0.0011516314779270633,0.5478418614211072,0.8494797315565096,8,9,6.0E-4,9606,Homo sapiens,"17351;16113","","R-HSA-216723;R-HSA-5682103;R-HSA-5682084;R-HSA-5682101;R-HSA-216727;R-HSA-216757;R-HSA-216756;R-HSA-349657"
R-HSA-5607763,"CLEC7A (Dectin-1) induces NFAT activation",2,18,0.0011516314779270633,0.5478418614211072,0.8494797315565096,4,6,4.0E-4,9606,Homo sapiens,"16440;18019","","R-HSA-169683;R-HSA-169680;R-HSA-2730849;R-HSA-2730867"
R-HSA-5578768,"Physiological factors",2,18,0.0011516314779270633,0.5478418614211072,0.8494797315565096,2,6,4.0E-4,9606,Homo sapiens,"17380;16104","","R-HSA-9727607;R-HSA-2032800"
R-HSA-5684264,"MAP3K8 (TPL2)-dependent MAPK1/3 activation",2,18,0.0011516314779270633,0.5478418614211072,0.8494797315565096,2,8,5.333333333333334E-4,9606,Homo sapiens,"176466;28924","","R-HSA-5684250;R-HSA-5684248"
R-HSA-418457,"cGMP effects",2,18,0.0011516314779270633,0.5478418614211072,0.8494797315565096,1,4,2.666666666666667E-4,9606,Homo sapiens,"68434;68329","","R-HSA-418456"
R-HSA-373080,"Class B/2 (Secretin family receptors)",10,99,0.006333973128598848,0.5544971163849607,0.8494797315565096,8,24,0.0016,9606,Homo sapiens,"27708;25858;15729;2668;15728;15727;30817;7476;71012;2691;371","","R-HSA-444773;R-HSA-8937613;R-HSA-420243;R-HSA-381612;R-HSA-163625;R-HSA-420123;R-HSA-201708;R-HSA-420233"
R-HSA-2151201,"Transcriptional activation of mitochondrial biogenesis",9,89,0.0056941778630838135,0.5547871730486174,0.8494797315565096,6,32,0.0021333333333333334,9606,Homo sapiens,"28364;2710;27432;17351;17154;1387;84808;17261;4208","","R-HSA-5688294;R-HSA-5688276;R-HSA-1592238;R-HSA-5688289;R-HSA-1368140;R-HSA-8940309"
R-HSA-2187338,"Visual phototransduction",17,169,0.010812539987204094,0.555376788075916,0.8494797315565096,55,92,0.0061333333333333335,9606,Homo sapiens,"16196;16168;17252;19660;16113;17351;28946;15843;16347;15940;15367;17754;16628;17336;18107;17898;17579;35704","","R-HSA-2466085;R-HSA-2404133;R-HSA-2404134;R-HSA-975629;R-HSA-2404135;R-HSA-8956427;R-HSA-2464803;R-HSA-2404131;R-HSA-2404140;R-HSA-2404142;R-HSA-2464809;R-HSA-2399913;R-HSA-2404137;R-HSA-2404139;R-HSA-2464810;R-HSA-2584246;R-HSA-2464822;R-HSA-2404144;R-HSA-2465971;R-HSA-2424254;R-HSA-975635;R-HSA-975633;R-HSA-5164399;R-HSA-2465926;R-HSA-2395784;R-HSA-3229213;R-HSA-2465940;R-HSA-2465938;R-HSA-2466718;R-HSA-2466846;R-HSA-2453863;R-HSA-2581474;R-HSA-74059;R-HSA-2423785;R-HSA-74065;R-HSA-2395764;R-HSA-2453876;R-HSA-6786239;R-HSA-74843;R-HSA-2395768;R-HSA-1467466;R-HSA-5246478;R-HSA-2534087;R-HSA-2632521;R-HSA-975594;R-HSA-2187332;R-HSA-975593;R-HSA-2466764;R-HSA-2453833;R-HSA-2429643;R-HSA-2855259;R-HSA-975608;R-HSA-74872;R-HSA-2453855;R-HSA-2855252"
R-HSA-445717,"Aquaporin-mediated transport",7,69,0.004414587332053743,0.5561054851314027,0.8494797315565096,15,25,0.0016666666666666668,9606,Homo sapiens,"25858;68433;113;15344;16199;15996;17754","","R-HSA-392263;R-HSA-163617;R-HSA-507875;R-HSA-432195;R-HSA-507873;R-HSA-432237;R-HSA-432074;R-HSA-422320;R-HSA-432049;R-HSA-507871;R-HSA-507870;R-HSA-507869;R-HSA-432188;R-HSA-164377;R-HSA-507868"
R-HSA-352230,"Amino acid transport across the plasma membrane",7,69,0.004414587332053743,0.5561054851314027,0.8494797315565096,12,36,0.0024,9606,Homo sapiens,"17750;16283;17254;48950;16958;34846;27747","","R-HSA-352119;R-HSA-379415;R-HSA-378513;R-HSA-351987;R-HSA-379426;R-HSA-352029;R-HSA-352191;R-HSA-375487;R-HSA-376200;R-HSA-352232;R-HSA-379432;R-HSA-8959781"
R-HSA-450294,"MAP kinase activation",7,69,0.004414587332053743,0.5561054851314027,0.8494797315565096,9,32,0.0021333333333333334,9606,Homo sapiens,"90000;17164;176466;16556;29073;4208;28924","","R-HSA-450292;R-HSA-450325;R-HSA-450337;R-HSA-199929;R-HSA-450333;R-HSA-450346;R-HSA-5684250;R-HSA-199917;R-HSA-5684248"
R-HSA-75158,"TRAIL  signaling",1,8,5.118362124120282E-4,0.5578366031010069,0.8494797315565096,6,6,4.0E-4,9606,Homo sapiens,"1879","","R-HSA-141139;R-HSA-75187;R-HSA-141316;R-HSA-75238;R-HSA-5635741;R-HSA-75146"
R-HSA-187706,"Signalling to p38 via RIT and RIN",1,8,5.118362124120282E-4,0.5578366031010069,0.8494797315565096,3,3,2.0E-4,9606,Homo sapiens,"16581","","R-HSA-187698;R-HSA-187746;R-HSA-187697"
R-HSA-111957,"Cam-PDE 1 activation",1,8,5.118362124120282E-4,0.5578366031010069,0.8494797315565096,2,2,1.3333333333333334E-4,9606,Homo sapiens,"68329","","R-HSA-111955;R-HSA-111956"
R-HSA-5576894,"Phase 1 - inactivation of fast Na+ channels",1,8,5.118362124120282E-4,0.5578366031010069,0.8494797315565096,1,1,6.666666666666667E-5,9606,Homo sapiens,"32063","","R-HSA-5577234"
R-HSA-111469,"SMAC, XIAP-regulated apoptotic response",1,8,5.118362124120282E-4,0.5578366031010069,0.8494797315565096,9,10,6.666666666666666E-4,9606,Homo sapiens,"28061","","R-HSA-9627107;R-HSA-114419;R-HSA-9627104;R-HSA-114354;R-HSA-114306;R-HSA-9627350;R-HSA-114361;R-HSA-114440;R-HSA-114392"
R-HSA-5653890,"Lactose synthesis",1,8,5.118362124120282E-4,0.5578366031010069,0.8494797315565096,2,3,2.0E-4,9606,Homo sapiens,"30768","","R-HSA-5653878;R-HSA-5653886"
R-HSA-9758920,"Formation of lateral plate mesoderm",1,8,5.118362124120282E-4,0.5578366031010069,0.8494797315565096,3,5,3.333333333333333E-4,9606,Homo sapiens,"16104","","R-HSA-9759892;R-HSA-9759920;R-HSA-9759859"
R-HSA-9667769,"Acetylcholine inhibits contraction of outer hair cells",1,8,5.118362124120282E-4,0.5578366031010069,0.8494797315565096,2,4,2.666666666666667E-4,9606,Homo sapiens,"15355","","R-HSA-9663785;R-HSA-9663736"
R-HSA-111457,"Release of apoptotic factors from the mitochondria",1,8,5.118362124120282E-4,0.5578366031010069,0.8494797315565096,2,4,2.666666666666667E-4,9606,Homo sapiens,"28061","","R-HSA-9627106;R-HSA-114307"
R-HSA-5638302,"Signaling by Overexpressed Wild-Type EGFR in Cancer",1,8,5.118362124120282E-4,0.5578366031010069,0.8494797315565096,1,2,1.3333333333333334E-4,9606,Homo sapiens,"17254","","R-HSA-1225978"
R-HSA-351143,"Agmatine biosynthesis",1,8,5.118362124120282E-4,0.5578366031010069,0.8494797315565096,1,2,1.3333333333333334E-4,9606,Homo sapiens,"16199","","R-HSA-350604"
R-HSA-5638303,"Inhibition of Signaling by Overexpressed EGFR",1,8,5.118362124120282E-4,0.5578366031010069,0.8494797315565096,1,2,1.3333333333333334E-4,9606,Homo sapiens,"17254","","R-HSA-1225978"
R-HSA-2466712,"Biosynthesis of A2E, implicated in retinal degradation",1,8,5.118362124120282E-4,0.5578366031010069,0.8494797315565096,2,5,3.333333333333333E-4,9606,Homo sapiens,"17898","","R-HSA-2466764;R-HSA-2466846"
R-HSA-5674499,"Negative feedback regulation of MAPK pathway",1,8,5.118362124120282E-4,0.5578366031010069,0.8494797315565096,1,3,2.0E-4,9606,Homo sapiens,"16828","","R-HSA-5675194"
R-HSA-5660668,"CLEC7A/inflammasome pathway",1,8,5.118362124120282E-4,0.5578366031010069,0.8494797315565096,1,4,2.666666666666667E-4,9606,Homo sapiens,"16176","","R-HSA-5660663"
R-HSA-5362798,"Release of Hh-Np from the secreting cell",1,8,5.118362124120282E-4,0.5578366031010069,0.8494797315565096,1,5,3.333333333333333E-4,9606,Homo sapiens,"34372","","R-HSA-5362551"
R-HSA-2660825,"Signaling by NOTCH1 t(7;9)(NOTCH1:M1580_K2555) Translocation Mutant",1,8,5.118362124120282E-4,0.5578366031010069,0.8494797315565096,1,5,3.333333333333333E-4,9606,Homo sapiens,"16450","","R-HSA-2660816"
R-HSA-2660826,"Constitutive Signaling by NOTCH1 t(7;9)(NOTCH1:M1580_K2555) Translocation Mutant",1,8,5.118362124120282E-4,0.5578366031010069,0.8494797315565096,1,5,3.333333333333333E-4,9606,Homo sapiens,"16450","","R-HSA-2660816"
R-HSA-8941855,"RUNX3 regulates CDKN1A transcription",1,8,5.118362124120282E-4,0.5578366031010069,0.8494797315565096,1,6,4.0E-4,9606,Homo sapiens,"21803","","R-HSA-8878117"
R-HSA-159227,"Transport of the SLBP independent Mature mRNA",4,39,0.0024952015355086373,0.5623324700895903,0.8494797315565096,3,3,2.0E-4,9606,Homo sapiens,"17981;32365;32354;17759","","R-HSA-158481;R-HSA-158484;R-HSA-111439"
R-HSA-4085377,"SUMOylation of SUMOylation proteins",4,39,0.0024952015355086373,0.5623324700895903,0.8494797315565096,2,5,3.333333333333333E-4,9606,Homo sapiens,"17981;32365;32354;17759","","R-HSA-4551649;R-HSA-4551679"
R-HSA-211935,"Fatty acids",3,29,0.0018554062699936021,0.5674270320103014,0.8494797315565096,4,4,2.666666666666667E-4,9606,Homo sapiens,"30805;16474;39567","","R-HSA-211904;R-HSA-76466;R-HSA-211924;R-HSA-211983"
R-HSA-1369062,"ABC transporters in lipid homeostasis",3,29,0.0018554062699936021,0.5674270320103014,0.8494797315565096,8,11,7.333333333333333E-4,9606,Homo sapiens,"27410;16113;16643","","R-HSA-382613;R-HSA-1369028;R-HSA-8848053;R-HSA-265783;R-HSA-5683714;R-HSA-1454928;R-HSA-266082;R-HSA-1369052"
R-HSA-74182,"Ketone body metabolism",3,29,0.0018554062699936021,0.5674270320103014,0.8494797315565096,4,11,7.333333333333333E-4,9606,Homo sapiens,"15344;17066;16207","","R-HSA-74177;R-HSA-73920;R-HSA-74180;R-HSA-73912"
R-HSA-74259,"Purine catabolism",8,80,0.005118362124120281,0.5693655942366174,0.8494797315565096,13,33,0.0022,9606,Homo sapiens,"17596;17775;17368;16235;16750;17172;16335;17712","","R-HSA-9727349;R-HSA-74242;R-HSA-109415;R-HSA-74247;R-HSA-9727347;R-HSA-74249;R-HSA-74248;R-HSA-109387;R-HSA-74255;R-HSA-74258;R-HSA-8953339;R-HSA-109470;R-HSA-109278"
R-HSA-9707616,"Heme signaling",7,70,0.004478566858605247,0.571137132987665,0.8494797315565096,3,25,0.0016666666666666668,9606,Homo sapiens,"28364;27432;16113;17351;1387;17261;4208","","R-HSA-1368065;R-HSA-9707586;R-HSA-1368140"
R-HSA-6794361,"Neurexins and neuroligins",6,60,0.003838771593090211,0.5735790153252001,0.8494797315565096,17,19,0.0012666666666666666,9606,Homo sapiens,"28088;18189;16551;88700;17418;2904","","R-HSA-6794338;R-HSA-6797568;R-HSA-6794336;R-HSA-6794349;R-HSA-6794348;R-HSA-6794347;R-HSA-6794346;R-HSA-6794345;R-HSA-6794344;R-HSA-6797974;R-HSA-6794357;R-HSA-6794356;R-HSA-6794355;R-HSA-6797554;R-HSA-6794354;R-HSA-6794353;R-HSA-6794352"
R-HSA-9634815,"Transcriptional Regulation by NPAS4",6,60,0.003838771593090211,0.5735790153252001,0.8494797315565096,4,47,0.0031333333333333335,9606,Homo sapiens,"17750;16827;27584;1387;17650;16973;2869","","R-HSA-9769345;R-HSA-9769347;R-HSA-9644900;R-HSA-9769307"
R-HSA-9007101,"Rab regulation of trafficking",13,131,0.00838131797824696,0.5764626678809701,0.8494797315565096,24,35,0.0023333333333333335,9606,Homo sapiens,"66682;68449;40410;27999;57589;35546;2676;88405;16217;87247;15996;87248;51209;34306","","R-HSA-8876615;R-HSA-8876454;R-HSA-8876837;R-HSA-8877475;R-HSA-8876193;R-HSA-8854209;R-HSA-8877760;R-HSA-8854255;R-HSA-8877998;R-HSA-8854222;R-HSA-8877612;R-HSA-8854604;R-HSA-8877451;R-HSA-8876616;R-HSA-8875318;R-HSA-8877813;R-HSA-8876191;R-HSA-8877311;R-HSA-8876190;R-HSA-8854173;R-HSA-8876188;R-HSA-8877308;R-HSA-8854329;R-HSA-8875320"
R-HSA-170670,"Adenylate cyclase inhibitory pathway",2,19,0.001215611004478567,0.5770235054568282,0.8494797315565096,5,5,3.333333333333333E-4,9606,Homo sapiens,"113;88522","","R-HSA-170674;R-HSA-170666;R-HSA-392206;R-HSA-170686;R-HSA-170671"
R-HSA-6785631,"ERBB2 Regulates Cell Motility",2,19,0.001215611004478567,0.5770235054568282,0.8494797315565096,2,2,1.3333333333333334E-4,9606,Homo sapiens,"104011;18183;15864","","R-HSA-6785636;R-HSA-6785648"
R-HSA-2173791,"TGF-beta receptor signaling in EMT (epithelial to mesenchymal transition)",2,19,0.001215611004478567,0.5770235054568282,0.8494797315565096,5,6,4.0E-4,9606,Homo sapiens,"15611;21803","","R-HSA-2160931;R-HSA-2160932;R-HSA-2134532;R-HSA-2160935;R-HSA-2134519"
R-HSA-196780,"Biotin transport and metabolism",2,19,0.001215611004478567,0.5770235054568282,0.8494797315565096,10,13,8.666666666666666E-4,9606,Homo sapiens,"16384;15956","","R-HSA-199219;R-HSA-3323111;R-HSA-2993802;R-HSA-3076905;R-HSA-4167511;R-HSA-3065959;R-HSA-2993799;R-HSA-2993447;R-HSA-4167509;R-HSA-2993814"
R-HSA-2142712,"Synthesis of 12-eicosatetraenoic acid derivatives",2,19,0.001215611004478567,0.5770235054568282,0.8494797315565096,3,6,4.0E-4,9606,Homo sapiens,"34146;87998;1387","","R-HSA-2161948;R-HSA-2161964;R-HSA-2161999"
R-HSA-5676934,"Protein repair",2,19,0.001215611004478567,0.5770235054568282,0.8494797315565096,3,7,4.6666666666666666E-4,9606,Homo sapiens,"31882;70979","","R-HSA-5676966;R-HSA-5687520;R-HSA-5676940"
R-HSA-450513,"Tristetraprolin (TTP, ZFP36) binds and destabilizes mRNA",2,19,0.001215611004478567,0.5770235054568282,0.8494797315565096,1,4,2.666666666666667E-4,9606,Homo sapiens,"28661;174634","","R-HSA-450431"
R-HSA-9701898,"STAT3 nuclear events downstream of ALK signaling",2,19,0.001215611004478567,0.5770235054568282,0.8494797315565096,2,11,7.333333333333333E-4,9606,Homo sapiens,"15366;3561","","R-HSA-9701556;R-HSA-9701565"
R-HSA-450385,"Butyrate Response Factor 1 (BRF1) binds and destabilizes mRNA",2,19,0.001215611004478567,0.5770235054568282,0.8494797315565096,1,6,4.0E-4,9606,Homo sapiens,"28661;174634","","R-HSA-450488"
R-HSA-4615885,"SUMOylation of DNA replication proteins",5,50,0.003198976327575176,0.577034367428295,0.8494797315565096,3,8,5.333333333333334E-4,9606,Homo sapiens,"17981;32365;32354;17759;32635","","R-HSA-4615910;R-HSA-5228525;R-HSA-4655355"
R-HSA-159230,"Transport of the SLBP Dependant Mature mRNA",4,40,0.0025591810620601407,0.5821383009984917,0.8494797315565096,3,3,2.0E-4,9606,Homo sapiens,"17981;32365;32354;17759","","R-HSA-77587;R-HSA-159046;R-HSA-159050"
R-HSA-170822,"Regulation of Glucokinase by Glucokinase Regulatory Protein",4,40,0.0025591810620601407,0.5821383009984917,0.8494797315565096,1,5,3.333333333333333E-4,9606,Homo sapiens,"17981;32365;32354;17759","","R-HSA-170796"
R-HSA-4090294,"SUMOylation of intracellular receptors",4,40,0.0025591810620601407,0.5821383009984917,0.8494797315565096,1,25,0.0016666666666666668,9606,Homo sapiens,"16827;27584;17650;16973;2869","","R-HSA-4341025"
R-HSA-4086398,"Ca2+ pathway",8,81,0.005182341650671785,0.583234294703918,0.8494797315565096,17,27,0.0018,9606,Homo sapiens,"16440;25858;32111;32980;71012;12387;16628;18019","","R-HSA-8944362;R-HSA-4411365;R-HSA-4086392;R-HSA-4086393;R-HSA-4411402;R-HSA-4551465;R-HSA-169680;R-HSA-4411383;R-HSA-4420052;R-HSA-398193;R-HSA-3965444;R-HSA-3965446;R-HSA-3965447;R-HSA-3965441;R-HSA-4518585;R-HSA-4551451;R-HSA-398040"
R-HSA-8848021,"Signaling by PTK6",7,71,0.00454254638515675,0.5859261441858437,0.8494797315565096,7,53,0.003533333333333333,9606,Homo sapiens,"104011;16827;27584;17650;87986;18183;43580;16973;2869","","R-HSA-8848758;R-HSA-8848005;R-HSA-8848804;R-HSA-8856930;R-HSA-8848751;R-HSA-8847995;R-HSA-9634702"
R-HSA-9006927,"Signaling by Non-Receptor Tyrosine Kinases",7,71,0.00454254638515675,0.5859261441858437,0.8494797315565096,7,53,0.003533333333333333,9606,Homo sapiens,"104011;16827;27584;17650;87986;18183;43580;16973;2869","","R-HSA-8848758;R-HSA-8848005;R-HSA-8848804;R-HSA-8856930;R-HSA-8848751;R-HSA-8847995;R-HSA-9634702"
R-HSA-8963898,"Plasma lipoprotein assembly",3,30,0.0019193857965451055,0.5902310579971264,0.8494797315565096,14,19,0.0012666666666666666,9606,Homo sapiens,"17351;16113;15940","","R-HSA-5682103;R-HSA-5682101;R-HSA-174660;R-HSA-8866304;R-HSA-216723;R-HSA-8866327;R-HSA-5682084;R-HSA-216727;R-HSA-216757;R-HSA-8866321;R-HSA-216756;R-HSA-174741;R-HSA-174587;R-HSA-349657"
R-HSA-8939902,"Regulation of RUNX2 expression and activity",8,82,0.005246321177223289,0.5968886392043649,0.8494797315565096,10,29,0.0019333333333333333,9606,Homo sapiens,"16827;33442;27584;17650;176466;16469;15676;16973;2869","","R-HSA-8939688;R-HSA-8939801;R-HSA-8939706;R-HSA-8939900;R-HSA-9009085;R-HSA-9007759;R-HSA-9008110;R-HSA-8940032;R-HSA-9009362;R-HSA-9007686"
R-HSA-211981,"Xenobiotics",7,72,0.004606525911708253,0.6004587842091322,0.8494797315565096,21,22,0.0014666666666666667,9606,Homo sapiens,"25858;15882;16474;27732;16716;17347;46195","","R-HSA-76416;R-HSA-76354;R-HSA-76453;R-HSA-211910;R-HSA-212005;R-HSA-212004;R-HSA-211882;R-HSA-76456;R-HSA-211881;R-HSA-76426;R-HSA-76397;R-HSA-143468;R-HSA-211948;R-HSA-213175;R-HSA-211991;R-HSA-76373;R-HSA-211988;R-HSA-76472;R-HSA-211929;R-HSA-76475;R-HSA-211966"
R-HSA-9645135,"STAT5 Activation",1,9,5.758157389635317E-4,0.6007289006081085,0.8494797315565096,3,3,2.0E-4,9606,Homo sapiens,"28320","","R-HSA-9645137;R-HSA-9645126;R-HSA-9645134"
R-HSA-3656244,"Defective B4GALT1 causes B4GALT1-CDG (CDG-2d)",1,9,5.758157389635317E-4,0.6007289006081085,0.8494797315565096,3,3,2.0E-4,9606,Homo sapiens,"18295","","R-HSA-3656230;R-HSA-9035949;R-HSA-9035950"
R-HSA-140180,"COX reactions",1,9,5.758157389635317E-4,0.6007289006081085,0.8494797315565096,2,2,1.3333333333333334E-4,9606,Homo sapiens,"27647","","R-HSA-140355;R-HSA-140359"
R-HSA-350864,"Regulation of thyroid hormone activity",1,9,5.758157389635317E-4,0.6007289006081085,0.8494797315565096,2,2,1.3333333333333334E-4,9606,Homo sapiens,"18332","","R-HSA-350869;R-HSA-209772"
R-HSA-629587,"Highly sodium permeable postsynaptic acetylcholine nicotinic receptors",1,9,5.758157389635317E-4,0.6007289006081085,0.8494797315565096,2,2,1.3333333333333334E-4,9606,Homo sapiens,"15355","","R-HSA-622325;R-HSA-629588"
R-HSA-3656225,"Defective CHST6 causes MCDC1",1,9,5.758157389635317E-4,0.6007289006081085,0.8494797315565096,1,1,6.666666666666667E-5,9606,Homo sapiens,"18295","","R-HSA-3656269"
R-HSA-3656243,"Defective ST3GAL3 causes MCT12 and EIEE15",1,9,5.758157389635317E-4,0.6007289006081085,0.8494797315565096,1,1,6.666666666666667E-5,9606,Homo sapiens,"18295","","R-HSA-3656258"
R-HSA-6806664,"Metabolism of vitamin K",1,9,5.758157389635317E-4,0.6007289006081085,0.8494797315565096,3,4,2.666666666666667E-4,9606,Homo sapiens,"78277","","R-HSA-6806647;R-HSA-6806674;R-HSA-159790"
R-HSA-8866423,"VLDL assembly",1,9,5.758157389635317E-4,0.6007289006081085,0.8494797315565096,3,5,3.333333333333333E-4,9606,Homo sapiens,"16113","","R-HSA-8866327;R-HSA-8866321;R-HSA-8866304"
R-HSA-8939256,"RUNX1 regulates transcription of genes involved in WNT signaling",1,9,5.758157389635317E-4,0.6007289006081085,0.8494797315565096,2,4,2.666666666666667E-4,9606,Homo sapiens,"16070","","R-HSA-8877879;R-HSA-8877884"
R-HSA-2142696,"Synthesis of Hepoxilins (HX) and Trioxilins (TrX)",1,9,5.758157389635317E-4,0.6007289006081085,0.8494797315565096,1,2,1.3333333333333334E-4,9606,Homo sapiens,"1387;87998","","R-HSA-2161794"
R-HSA-3359469,"Defective MTR causes HMAG",1,9,5.758157389635317E-4,0.6007289006081085,0.8494797315565096,1,2,1.3333333333333334E-4,9606,Homo sapiens,"28115","","R-HSA-3322140"
R-HSA-1483152,"Hydrolysis of LPE",1,9,5.758157389635317E-4,0.6007289006081085,0.8494797315565096,1,3,2.0E-4,9606,Homo sapiens,"16000","","R-HSA-1483107"
R-HSA-9818749,"Regulation of NFE2L2 gene expression",1,9,5.758157389635317E-4,0.6007289006081085,0.8494797315565096,2,7,4.6666666666666666E-4,9606,Homo sapiens,"1387","","R-HSA-9796080;R-HSA-9796060"
R-HSA-9662001,"Defective factor VIII causes hemophilia A",1,9,5.758157389635317E-4,0.6007289006081085,0.8494797315565096,2,8,5.333333333333334E-4,9606,Homo sapiens,"15714","","R-HSA-9665809;R-HSA-9666383"
R-HSA-199920,"CREB phosphorylation",1,9,5.758157389635317E-4,0.6007289006081085,0.8494797315565096,1,4,2.666666666666667E-4,9606,Homo sapiens,"17164","","R-HSA-199917"
R-HSA-210746,"Regulation of gene expression in endocrine-committed (NEUROG3+) progenitor cells",1,9,5.758157389635317E-4,0.6007289006081085,0.8494797315565096,1,4,2.666666666666667E-4,9606,Homo sapiens,"16540","","R-HSA-210920"
R-HSA-8964572,"Lipid particle organization",1,9,5.758157389635317E-4,0.6007289006081085,0.8494797315565096,1,4,2.666666666666667E-4,9606,Homo sapiens,"29016","","R-HSA-8857686"
R-HSA-8857538,"PTK6 promotes HIF1A stabilization",1,9,5.758157389635317E-4,0.6007289006081085,0.8494797315565096,1,6,4.0E-4,9606,Homo sapiens,"43580","","R-HSA-9634702"
R-HSA-8869496,"TFAP2A acts as a transcriptional repressor during retinoic acid induced cell differentiation",1,9,5.758157389635317E-4,0.6007289006081085,0.8494797315565096,1,7,4.6666666666666666E-4,9606,Homo sapiens,"15367","","R-HSA-8869568"
R-HSA-447043,"Neurofascin interactions",1,9,5.758157389635317E-4,0.6007289006081085,0.8494797315565096,1,7,4.6666666666666666E-4,9606,Homo sapiens,"15854","","R-HSA-437243"
R-HSA-159763,"Transport of gamma-carboxylated protein precursors from the endoplasmic reticulum to the Golgi apparatus",1,9,5.758157389635317E-4,0.6007289006081085,0.8494797315565096,1,9,6.0E-4,9606,Homo sapiens,"16015;28689","","R-HSA-159783"
R-HSA-180746,"Nuclear import of Rev protein",4,41,0.0026231605886116445,0.6014169839473007,0.8494797315565096,2,7,4.6666666666666666E-4,9606,Homo sapiens,"17981;32365;32354;17759","","R-HSA-180710;R-HSA-180732"
R-HSA-9603798,"Class I peroxisomal membrane protein import",2,20,0.0012795905310300703,0.6048010469200638,0.8494797315565096,6,6,4.0E-4,9606,Homo sapiens,"15487;16643","","R-HSA-9603797;R-HSA-9603784;R-HSA-9603801;R-HSA-9603775;R-HSA-9603791;R-HSA-9603804"
R-HSA-2142816,"Synthesis of (16-20)-hydroxyeicosatetraenoic acids (HETE)",2,20,0.0012795905310300703,0.6048010469200638,0.8494797315565096,3,3,2.0E-4,9606,Homo sapiens,"16474;34306","","R-HSA-2161795;R-HSA-2161940;R-HSA-2161814"
R-HSA-169893,"Prolonged ERK activation events",2,20,0.0012795905310300703,0.6048010469200638,0.8494797315565096,11,19,0.0012666666666666666,9606,Homo sapiens,"16581","","R-HSA-170978;R-HSA-170979;R-HSA-169891;R-HSA-169904;R-HSA-170977;R-HSA-169905;R-HSA-169895;R-HSA-170964;R-HSA-9612980;R-HSA-170975;R-HSA-169901"
R-HSA-399997,"Acetylcholine regulates insulin secretion",2,20,0.0012795905310300703,0.6048010469200638,0.8494797315565096,4,7,4.6666666666666666E-4,9606,Homo sapiens,"32980;15355","","R-HSA-400023;R-HSA-399998;R-HSA-400012;R-HSA-399995"
R-HSA-209931,"Serotonin and melatonin biosynthesis",2,20,0.0012795905310300703,0.6048010469200638,0.8494797315565096,2,4,2.666666666666667E-4,9606,Homo sapiens,"17697;16796","","R-HSA-209792;R-HSA-209821"
R-HSA-2187335,"The retinoid cycle in cones (daylight vision)",2,20,0.0012795905310300703,0.6048010469200638,0.8494797315565096,5,13,8.666666666666666E-4,9606,Homo sapiens,"17336;17898","","R-HSA-2466085;R-HSA-2465940;R-HSA-2465926;R-HSA-2465971;R-HSA-2465938"
R-HSA-210744,"Regulation of gene expression in late stage (branching morphogenesis) pancreatic bud precursor cells",2,20,0.0012795905310300703,0.6048010469200638,0.8494797315565096,1,4,2.666666666666667E-4,9606,Homo sapiens,"1387;89963","","R-HSA-1980047"
R-HSA-427601,"Multifunctional anion exchangers",2,20,0.0012795905310300703,0.6048010469200638,0.8494797315565096,1,6,4.0E-4,9606,Homo sapiens,"422;15940","","R-HSA-8876312"
R-HSA-73929,"Base-Excision Repair, AP Site Formation",6,62,0.003966730646193218,0.6051056642315606,0.8494797315565096,11,64,0.004266666666666667,9606,Homo sapiens,"16708;17368;38635;17821;15901;17568","","R-HSA-110227;R-HSA-110231;R-HSA-110215;R-HSA-110246;R-HSA-110248;R-HSA-110232;R-HSA-110219;R-HSA-110251;R-HSA-110218;R-HSA-5649658;R-HSA-110221"
R-HSA-8864260,"Transcriptional regulation by the AP-2 (TFAP2) family of transcription factors",5,52,0.003326935380678183,0.6113521867826375,0.8494797315565096,7,44,0.0029333333333333334,9606,Homo sapiens,"30531;1387;17254;15940;15367","","R-HSA-8864999;R-HSA-8869590;R-HSA-8864307;R-HSA-8865265;R-HSA-8865280;R-HSA-8869568;R-HSA-8865256"
R-HSA-1266695,"Interleukin-7 signaling",3,31,0.001983365323096609,0.6122441087825596,0.8494797315565096,12,26,0.0017333333333333333,9606,Homo sapiens,"27374;16196;3561;2904","","R-HSA-449958;R-HSA-451895;R-HSA-8983003;R-HSA-1295540;R-HSA-9025969;R-HSA-6785165;R-HSA-8983011;R-HSA-1295519;R-HSA-449978;R-HSA-8983063;R-HSA-1295516;R-HSA-1266684"
R-HSA-2474795,"Diseases associated with visual transduction",3,31,0.001983365323096609,0.6122441087825596,0.8494797315565096,7,17,0.0011333333333333334,9606,Homo sapiens,"17754;17336;17898","","R-HSA-2466710;R-HSA-2471670;R-HSA-2466861;R-HSA-2466828;R-HSA-2466764;R-HSA-2466846;R-HSA-2453818"
R-HSA-9675143,"Diseases of the neuronal system",3,31,0.001983365323096609,0.6122441087825596,0.8494797315565096,7,17,0.0011333333333333334,9606,Homo sapiens,"17754;17336;17898","","R-HSA-2466710;R-HSA-2471670;R-HSA-2466861;R-HSA-2466828;R-HSA-2466764;R-HSA-2466846;R-HSA-2453818"
R-HSA-2453864,"Retinoid cycle disease events",3,31,0.001983365323096609,0.6122441087825596,0.8494797315565096,6,16,0.0010666666666666667,9606,Homo sapiens,"17754;17336;17898","","R-HSA-2466710;R-HSA-2471670;R-HSA-2466861;R-HSA-2466764;R-HSA-2466846;R-HSA-2453818"
R-HSA-389599,"Alpha-oxidation of phytanate",3,31,0.001983365323096609,0.6122441087825596,0.8494797315565096,3,8,5.333333333333334E-4,9606,Homo sapiens,"16285;15487;16474","","R-HSA-389622;R-HSA-6809810;R-HSA-389609"
R-HSA-3301854,"Nuclear Pore Complex (NPC) Disassembly",4,42,0.002687140115163148,0.6201481218527821,0.8494797315565096,2,2,1.3333333333333334E-4,9606,Homo sapiens,"17981;32365;32354;17759","","R-HSA-2990880;R-HSA-2990882"
R-HSA-9772755,"Formation of WDR5-containing histone-modifying complexes",4,42,0.002687140115163148,0.6201481218527821,0.8494797315565096,12,30,0.002,9606,Homo sapiens,"2668;2700;2691;16390","","R-HSA-9676257;R-HSA-9821235;R-HSA-9821475;R-HSA-9821410;R-HSA-9828175;R-HSA-9821902;R-HSA-9821486;R-HSA-9818937;R-HSA-9821931;R-HSA-9818682;R-HSA-9818954;R-HSA-9676268"
R-HSA-1980143,"Signaling by NOTCH1",8,84,0.005374280230326296,0.6235115066393482,0.8494797315565096,18,39,0.0026,9606,Homo sapiens,"86507;16450;1387;88811;176466;89963;50613;18128","","R-HSA-157632;R-HSA-4396371;R-HSA-1980078;R-HSA-1980047;R-HSA-1980044;R-HSA-1852623;R-HSA-1912393;R-HSA-1980074;R-HSA-1980138;R-HSA-1912394;R-HSA-4396347;R-HSA-4396379;R-HSA-1912388;R-HSA-1912391;R-HSA-1912385;R-HSA-1980067;R-HSA-4396382;R-HSA-1980065"
R-HSA-9660821,"ADORA2B mediated anti-inflammatory cytokines production",5,53,0.0033909149072296864,0.6278891466060997,0.8494797315565096,6,12,8.0E-4,9606,Homo sapiens,"25858;113;88528;88522;16335","","R-HSA-9660819;R-HSA-163617;R-HSA-392129;R-HSA-9660824;R-HSA-9660829;R-HSA-9660828"
R-HSA-1614558,"Degradation of cysteine and homocysteine",5,53,0.0033909149072296864,0.6278891466060997,0.8494797315565096,8,23,0.0015333333333333334,9606,Homo sapiens,"21347;28623;30831;16208;15999;16856","","R-HSA-1614605;R-HSA-9013471;R-HSA-1614591;R-HSA-9012721;R-HSA-9012597;R-HSA-9034756;R-HSA-1655879;R-HSA-1614631"
R-HSA-6783984,"Glycine degradation",2,21,0.001343570057581574,0.631172276866717,0.8494797315565096,3,3,2.0E-4,9606,Homo sapiens,"16112;15929","","R-HSA-5694018;R-HSA-5693967;R-HSA-5693977"
R-HSA-77346,"Beta oxidation of decanoyl-CoA to octanoyl-CoA-CoA",2,21,0.001343570057581574,0.631172276866717,0.8494797315565096,3,5,3.333333333333333E-4,9606,Homo sapiens,"28493;15533","","R-HSA-77345;R-HSA-8952873;R-HSA-77340"
R-HSA-6804114,"TP53 Regulates Transcription of Genes Involved in G2 Cell Cycle Arrest",2,21,0.001343570057581574,0.631172276866717,0.8494797315565096,6,11,7.333333333333333E-4,9606,Homo sapiens,"41941;95120","","R-HSA-6803892;R-HSA-6803875;R-HSA-6803890;R-HSA-6803871;R-HSA-6798268;R-HSA-6798282"
R-HSA-5661270,"Formation of xylulose-5-phosphate",2,21,0.001343570057581574,0.631172276866717,0.8494797315565096,3,6,4.0E-4,9606,Homo sapiens,"17140;17151","","R-HSA-5662471;R-HSA-5662466;R-HSA-5661240"
R-HSA-9690406,"Transcriptional regulation of testis differentiation",2,21,0.001343570057581574,0.631172276866717,0.8494797315565096,6,18,0.0012,9606,Homo sapiens,"15741;16104","","R-HSA-9692241;R-HSA-9693009;R-HSA-9690896;R-HSA-9692135;R-HSA-9692250;R-HSA-9690877"
R-HSA-1483148,"Synthesis of PG",2,21,0.001343570057581574,0.631172276866717,0.8494797315565096,1,5,3.333333333333333E-4,9606,Homo sapiens,"15354;17754","","R-HSA-1483142"
R-HSA-9022699,"MECP2 regulates neuronal receptors and channels",3,32,0.0020473448496481127,0.6334478071717253,0.8494797315565096,26,26,0.0017333333333333333,9606,Homo sapiens,"16388;2904","","R-HSA-9022728;R-HSA-9022734;R-HSA-9017921;R-HSA-9021954;R-HSA-9020504;R-HSA-9006490;R-HSA-9022365;R-HSA-9022175;R-HSA-9022359;R-HSA-9006507;R-HSA-9005994;R-HSA-9022186;R-HSA-9020513;R-HSA-9017954;R-HSA-9005988;R-HSA-9006585;R-HSA-9021946;R-HSA-9023549;R-HSA-9021948;R-HSA-8986940;R-HSA-9006588;R-HSA-9021951;R-HSA-8986943;R-HSA-9023345;R-HSA-9023346;R-HSA-9023538"
R-HSA-264876,"Insulin processing",3,32,0.0020473448496481127,0.6334478071717253,0.8494797315565096,13,17,0.0011333333333333334,9606,Homo sapiens,"17750;28595;28645","","R-HSA-264997;R-HSA-9023178;R-HSA-265153;R-HSA-9023171;R-HSA-265160;R-HSA-9023173;R-HSA-9023163;R-HSA-9817575;R-HSA-264976;R-HSA-9023196;R-HSA-265010;R-HSA-265177;R-HSA-9023159"
R-HSA-2046105,"Linoleic acid (LA) metabolism",3,32,0.0020473448496481127,0.6334478071717253,0.8494797315565096,6,10,6.666666666666666E-4,9606,Homo sapiens,"65136;17351;16474","","R-HSA-2046095;R-HSA-2046094;R-HSA-2066782;R-HSA-2046101;R-HSA-2046083;R-HSA-2046098"
R-HSA-1660514,"Synthesis of PIPs at the Golgi membrane",3,32,0.0020473448496481127,0.6334478071717253,0.8494797315565096,5,11,7.333333333333333E-4,9606,Homo sapiens,"32398;15996;83493","","R-HSA-1676152;R-HSA-1675883;R-HSA-1675824;R-HSA-1676114;R-HSA-1676133"
R-HSA-8874081,"MET activates PTK2 signaling",3,32,0.0020473448496481127,0.6334478071717253,0.8494797315565096,1,5,3.333333333333333E-4,9606,Homo sapiens,"88458;16335;15768","","R-HSA-8874079"
R-HSA-2173793,"Transcriptional activity of SMAD2/SMAD3:SMAD4 heterotrimer",6,64,0.004094689699296225,0.6353153279735455,0.8494797315565096,7,51,0.0034,9606,Homo sapiens,"86507;17154;41941;86366;16390;15768","","R-HSA-2186643;R-HSA-9733216;R-HSA-1484099;R-HSA-2127257;R-HSA-2176475;R-HSA-9736984;R-HSA-2187325"
R-HSA-9843745,"Adipogenesis",14,147,0.009404990403071018,0.6368757621143835,0.8494797315565096,19,33,0.0022,9606,Homo sapiens,"17685;16285;16796;17351;34154;21803;86507;28364;27432;1387;15918;34496;17336;1879","","R-HSA-1183058;R-HSA-9844822;R-HSA-560491;R-HSA-560493;R-HSA-381283;R-HSA-1183003;R-HSA-9844415;R-HSA-560517;R-HSA-9844600;R-HSA-9844536;R-HSA-9844440;R-HSA-560472;R-HSA-560473;R-HSA-9844549;R-HSA-560510;R-HSA-381309;R-HSA-977271;R-HSA-560498;R-HSA-381337"
R-HSA-3232142,"SUMOylation of ubiquitinylation proteins",4,43,0.0027511196417146513,0.6383154604290877,0.8494797315565096,1,3,2.0E-4,9606,Homo sapiens,"17981;32365;32354;17759","","R-HSA-5228523"
R-HSA-8941326,"RUNX2 regulates bone development",4,43,0.0027511196417146513,0.6383154604290877,0.8494797315565096,3,32,0.0021333333333333334,9606,Homo sapiens,"16330;16422;50613;17347","","R-HSA-8877918;R-HSA-8877902;R-HSA-9008389"
R-HSA-9006936,"Signaling by TGFB family members",17,178,0.011388355726167627,0.6394332608384312,0.8494797315565096,63,148,0.009866666666666666,9606,Homo sapiens,"16032;16322;16410;17154;41941;21803;16390;33070;86507;17927;35420;85057;15611;31835;86366;15367;70989;15768","","R-HSA-178178;R-HSA-201475;R-HSA-2160931;R-HSA-9839378;R-HSA-2160932;R-HSA-8858369;R-HSA-2160935;R-HSA-201476;R-HSA-9839377;R-HSA-9839390;R-HSA-4332235;R-HSA-9860125;R-HSA-9736984;R-HSA-4332236;R-HSA-9839384;R-HSA-178189;R-HSA-9839363;R-HSA-2395320;R-HSA-2187325;R-HSA-9839371;R-HSA-9839368;R-HSA-2134532;R-HSA-178218;R-HSA-173483;R-HSA-2186643;R-HSA-201648;R-HSA-2127257;R-HSA-9839405;R-HSA-9839402;R-HSA-9839401;R-HSA-2395364;R-HSA-2128994;R-HSA-2328033;R-HSA-173512;R-HSA-170835;R-HSA-177107;R-HSA-1484099;R-HSA-2134519;R-HSA-170843;R-HSA-2396029;R-HSA-170846;R-HSA-201821;R-HSA-170844;R-HSA-9860169;R-HSA-170850;R-HSA-201443;R-HSA-2395328;R-HSA-9839358;R-HSA-2127562;R-HSA-201453;R-HSA-170861;R-HSA-201457;R-HSA-1181153;R-HSA-9733216;R-HSA-170868;R-HSA-2470483;R-HSA-2169046;R-HSA-2179291;R-HSA-2176475;R-HSA-2187355;R-HSA-2169050;R-HSA-2179293;R-HSA-2187358"
R-HSA-8951430,"RUNX3 regulates WNT signaling",1,10,6.397952655150352E-4,0.6394627629564249,0.8494797315565096,5,5,3.333333333333333E-4,9606,Homo sapiens,"12387","","R-HSA-4411367;R-HSA-8951442;R-HSA-8951443;R-HSA-8951428;R-HSA-4411357"
R-HSA-964827,"Progressive trimming of alpha-1,2-linked mannose residues from Man9/8/7GlcNAc2 to produce Man5GlcNAc2",1,10,6.397952655150352E-4,0.6394627629564249,0.8494797315565096,3,3,2.0E-4,9606,Homo sapiens,"4208","","R-HSA-964830;R-HSA-964825;R-HSA-964737"
R-HSA-8964046,"VLDL clearance",1,10,6.397952655150352E-4,0.6394627629564249,0.8494797315565096,3,3,2.0E-4,9606,Homo sapiens,"16113","","R-HSA-8933292;R-HSA-8854462;R-HSA-8854408"
R-HSA-111367,"SLBP independent Processing of Histone Pre-mRNAs",1,10,6.397952655150352E-4,0.6394627629564249,0.8494797315565096,2,2,1.3333333333333334E-4,9606,Homo sapiens,"32636","","R-HSA-111437;R-HSA-111438"
R-HSA-9726840,"SHOC2 M1731 mutant abolishes MRAS complex function",1,10,6.397952655150352E-4,0.6394627629564249,0.8494797315565096,1,1,6.666666666666667E-5,9606,Homo sapiens,"16828","","R-HSA-9660536"
R-HSA-203641,"NOSTRIN mediated eNOS trafficking",1,10,6.397952655150352E-4,0.6394627629564249,0.8494797315565096,3,4,2.666666666666667E-4,9606,Homo sapiens,"15882","","R-HSA-203625;R-HSA-203662;R-HSA-203565"
R-HSA-8964041,"LDL remodeling",1,10,6.397952655150352E-4,0.6394627629564249,0.8494797315565096,2,3,2.0E-4,9606,Homo sapiens,"16113","","R-HSA-266350;R-HSA-176879"
R-HSA-114516,"Disinhibition of SNARE formation",1,10,6.397952655150352E-4,0.6394627629564249,0.8494797315565096,1,2,1.3333333333333334E-4,9606,Homo sapiens,"20912","","R-HSA-114683"
R-HSA-1296052,"Ca2+ activated K+ channels",1,10,6.397952655150352E-4,0.6394627629564249,0.8494797315565096,1,3,2.0E-4,9606,Homo sapiens,"16534","","R-HSA-1296035"
R-HSA-428890,"Role of ABL in ROBO-SLIT signaling",1,10,6.397952655150352E-4,0.6394627629564249,0.8494797315565096,1,4,2.666666666666667E-4,9606,Homo sapiens,"27389","","R-HSA-428885"
R-HSA-5336415,"Uptake and function of diphtheria toxin",1,10,6.397952655150352E-4,0.6394627629564249,0.8494797315565096,1,5,3.333333333333333E-4,9606,Homo sapiens,"17154","","R-HSA-5336421"
R-HSA-5666185,"RHO GTPases Activate Rhotekin and Rhophilins",1,10,6.397952655150352E-4,0.6394627629564249,0.8494797315565096,1,6,4.0E-4,9606,Homo sapiens,"30851","","R-HSA-5666216"
R-HSA-159782,"Removal of aminoterminal propeptides from gamma-carboxylated proteins",1,10,6.397952655150352E-4,0.6394627629564249,0.8494797315565096,1,9,6.0E-4,9606,Homo sapiens,"16015;28689","","R-HSA-159868"
R-HSA-9839373,"Signaling by TGFBR3",5,54,0.00345489443378119,0.6439931489178161,0.8494797315565096,13,23,0.0015333333333333334,9606,Homo sapiens,"17927;16322;31835;15611;21803;15367","","R-HSA-9839378;R-HSA-9839377;R-HSA-9839358;R-HSA-9839390;R-HSA-9860125;R-HSA-9839384;R-HSA-9839363;R-HSA-9839405;R-HSA-9839402;R-HSA-9839371;R-HSA-9839368;R-HSA-9860169;R-HSA-9839401"
R-HSA-9861718,"Regulation of pyruvate metabolism",5,54,0.00345489443378119,0.6439931489178161,0.8494797315565096,4,11,7.333333333333333E-4,9606,Homo sapiens,"16828;2710;16344;17154;183911;16856","","R-HSA-9011595;R-HSA-9861626;R-HSA-9861563;R-HSA-9863531"
R-HSA-167243,"Tat-mediated HIV elongation arrest and recovery",3,33,0.002111324376199616,0.6538306189994554,0.8494797315565096,3,3,2.0E-4,9606,Homo sapiens,"9150;86366;7936","","R-HSA-167090;R-HSA-167459;R-HSA-167148"
R-HSA-167238,"Pausing and recovery of Tat-mediated HIV elongation",3,33,0.002111324376199616,0.6538306189994554,0.8494797315565096,2,2,1.3333333333333334E-4,9606,Homo sapiens,"9150;86366;7936","","R-HSA-167076;R-HSA-167150"
R-HSA-4641262,"Disassembly of the destruction complex and recruitment of AXIN to the membrane",3,33,0.002111324376199616,0.6538306189994554,0.8494797315565096,5,7,4.6666666666666666E-4,9606,Homo sapiens,"71012;12387;16973","","R-HSA-201685;R-HSA-3601585;R-HSA-201691;R-HSA-1504186;R-HSA-201677"
R-HSA-201451,"Signaling by BMP",3,33,0.002111324376199616,0.6538306189994554,0.8494797315565096,8,17,0.0011333333333333334,9606,Homo sapiens,"16322;85057;70989","","R-HSA-201475;R-HSA-201443;R-HSA-201457;R-HSA-201648;R-HSA-8858369;R-HSA-201476;R-HSA-201821;R-HSA-201453"
R-HSA-180910,"Vpr-mediated nuclear import of PICs",4,44,0.0028150991682661546,0.6559066014142588,0.8494797315565096,1,2,1.3333333333333334E-4,9606,Homo sapiens,"17981;32365;32354;17759","","R-HSA-180622"
R-HSA-9696270,"RND2 GTPase cycle",4,44,0.0028150991682661546,0.6559066014142588,0.8494797315565096,1,2,1.3333333333333334E-4,9606,Homo sapiens,"28087;15487;28833;16349","","R-HSA-9696266"
R-HSA-8948216,"Collagen chain trimerization",4,44,0.0028150991682661546,0.6559066014142588,0.8494797315565096,4,28,0.0018666666666666666,9606,Homo sapiens,"15783;88458;15765;15768","","R-HSA-8944223;R-HSA-8944225;R-HSA-8944229;R-HSA-8944214"
R-HSA-5654219,"Phospholipase C-mediated cascade: FGFR1",2,22,0.0014075495841330773,0.6561486066514706,0.8494797315565096,3,3,2.0E-4,9606,Homo sapiens,"3347;17362","","R-HSA-5654167;R-HSA-5654165;R-HSA-5654149"
R-HSA-5358565,"Mismatch repair (MMR) directed by MSH2:MSH6 (MutSalpha)",2,22,0.0014075495841330773,0.6561486066514706,0.8494797315565096,7,10,6.666666666666666E-4,9606,Homo sapiens,"17685;16467;17688","","R-HSA-5358912;R-HSA-5358597;R-HSA-5358599;R-HSA-5358518;R-HSA-5444516;R-HSA-5358525;R-HSA-5358510"
R-HSA-6798163,"Choline catabolism",2,22,0.0014075495841330773,0.6561486066514706,0.8494797315565096,5,8,5.333333333333334E-4,9606,Homo sapiens,"17750;15354","","R-HSA-6797957;R-HSA-6797956;R-HSA-6797955;R-HSA-1614654;R-HSA-6797961"
R-HSA-1614517,"Sulfide oxidation to sulfate",2,22,0.0014075495841330773,0.6561486066514706,0.8494797315565096,2,6,4.0E-4,9606,Homo sapiens,"28623;15999;16856","","R-HSA-1614605;R-HSA-1655879"
R-HSA-2046104,"alpha-linolenic (omega3) and linoleic (omega6) acid metabolism",5,55,0.0035188739603326936,0.6596535206346734,0.8494797315565096,11,25,0.0016666666666666668,9606,Homo sapiens,"27432;65136;17351;16474;15539","","R-HSA-2046095;R-HSA-2046094;R-HSA-2066782;R-HSA-2066781;R-HSA-2046090;R-HSA-2046088;R-HSA-2046101;R-HSA-2046085;R-HSA-2046100;R-HSA-2046083;R-HSA-2046098"
R-HSA-422356,"Regulation of insulin secretion",10,108,0.00690978886756238,0.6617850704157981,0.8494797315565096,19,38,0.002533333333333333,9606,Homo sapiens,"17750;16440;25858;2668;16196;32980;15355;30805;88522;42504","","R-HSA-400037;R-HSA-400097;R-HSA-400046;R-HSA-381644;R-HSA-381612;R-HSA-265166;R-HSA-400012;R-HSA-9728664;R-HSA-381706;R-HSA-169683;R-HSA-400023;R-HSA-169680;R-HSA-416530;R-HSA-400434;R-HSA-422320;R-HSA-399998;R-HSA-400063;R-HSA-400092;R-HSA-399995"
R-HSA-4420097,"VEGFA-VEGFR2 Pathway",12,129,0.008253358925143953,0.663344442926944,0.8494797315565096,30,79,0.005266666666666667,9606,Homo sapiens,"90000;16440;16283;17973;16827;3347;16410;87986;178081;17409;12387;19229","","R-HSA-5218830;R-HSA-5218827;R-HSA-167686;R-HSA-5218824;R-HSA-5218819;R-HSA-5218818;R-HSA-5218847;R-HSA-169683;R-HSA-169680;R-HSA-5218841;R-HSA-4420121;R-HSA-5218836;R-HSA-5218832;R-HSA-5357429;R-HSA-5218854;R-HSA-5357432;R-HSA-4420202;R-HSA-5218916;R-HSA-5218851;R-HSA-4420143;R-HSA-4420206;R-HSA-4420140;R-HSA-5218815;R-HSA-5218814;R-HSA-5218812;R-HSA-198640;R-HSA-5357477;R-HSA-5357479;R-HSA-5218806;R-HSA-5218804"
R-HSA-191273,"Cholesterol biosynthesis",7,77,0.004926423544465771,0.6688874322120704,0.8494797315565096,12,37,0.0024666666666666665,9606,Homo sapiens,"16521;16113;16057;16474;4047;17759;28834","","R-HSA-8848215;R-HSA-194674;R-HSA-196417;R-HSA-5250531;R-HSA-191366;R-HSA-191382;R-HSA-194678;R-HSA-9755937;R-HSA-191322;R-HSA-6807055;R-HSA-6807053;R-HSA-9717834"
R-HSA-165054,"Rev-mediated nuclear export of HIV RNA",4,45,0.0028790786948176585,0.6729127144400873,0.8494797315565096,2,10,6.666666666666666E-4,9606,Homo sapiens,"17981;32365;32354;17759","","R-HSA-165043;R-HSA-165047"
R-HSA-8875878,"MET promotes cell motility",4,45,0.0028790786948176585,0.6729127144400873,0.8494797315565096,2,12,8.0E-4,9606,Homo sapiens,"88458;36210;16335;15768","","R-HSA-8874079;R-HSA-8875531"
R-HSA-167287,"HIV elongation arrest and recovery",3,34,0.0021753039027511195,0.673387102912787,0.8494797315565096,3,3,2.0E-4,9606,Homo sapiens,"9150;86366;7936","","R-HSA-167284;R-HSA-167288;R-HSA-167481"
R-HSA-113418,"Formation of the Early Elongation Complex",3,34,0.0021753039027511195,0.673387102912787,0.8494797315565096,3,3,2.0E-4,9606,Homo sapiens,"88735;9150;7936","","R-HSA-113402;R-HSA-112383;R-HSA-113407"
R-HSA-167290,"Pausing and recovery of HIV elongation",3,34,0.0021753039027511195,0.673387102912787,0.8494797315565096,2,2,1.3333333333333334E-4,9606,Homo sapiens,"9150;86366;7936","","R-HSA-167282;R-HSA-167292"
R-HSA-167158,"Formation of the HIV-1 Early Elongation Complex",3,34,0.0021753039027511195,0.673387102912787,0.8494797315565096,4,5,3.333333333333333E-4,9606,Homo sapiens,"88735;9150;7936","","R-HSA-167072;R-HSA-167478;R-HSA-167083;R-HSA-167085"
R-HSA-451326,"Activation of kainate receptors upon glutamate binding",3,34,0.0021753039027511195,0.673387102912787,0.8494797315565096,3,6,4.0E-4,9606,Homo sapiens,"25858;32980;17418","","R-HSA-451283;R-HSA-451311;R-HSA-500717"
R-HSA-190370,"FGFR1b ligand binding and activation",1,11,7.037747920665387E-4,0.6744411246807676,0.8494797315565096,2,2,1.3333333333333334E-4,9606,Homo sapiens,"17362","","R-HSA-190245;R-HSA-190427"
R-HSA-9660537,"Signaling by MRAS-complex mutants",1,11,7.037747920665387E-4,0.6744411246807676,0.8494797315565096,2,2,1.3333333333333334E-4,9606,Homo sapiens,"16828","","R-HSA-9660538;R-HSA-9660536"
R-HSA-5652227,"Fructose biosynthesis",1,11,7.037747920665387E-4,0.6744411246807676,0.8494797315565096,2,2,1.3333333333333334E-4,9606,Homo sapiens,"17924","","R-HSA-5652195;R-HSA-5652172"
R-HSA-9726842,"Gain-of-function MRAS complexes activate RAF signaling",1,11,7.037747920665387E-4,0.6744411246807676,0.8494797315565096,1,1,6.666666666666667E-5,9606,Homo sapiens,"16828","","R-HSA-9660538"
R-HSA-193634,"Axonal growth inhibition (RHOA activation)",1,11,7.037747920665387E-4,0.6744411246807676,0.8494797315565096,5,6,4.0E-4,9606,Homo sapiens,"18053","","R-HSA-9012761;R-HSA-193696;R-HSA-193655;R-HSA-209573;R-HSA-193636"
R-HSA-164940,"Nef mediated downregulation of MHC class I complex cell surface expression",1,11,7.037747920665387E-4,0.6744411246807676,0.8494797315565096,3,4,2.666666666666667E-4,9606,Homo sapiens,"28822","","R-HSA-182263;R-HSA-182279;R-HSA-182286"
R-HSA-77588,"SLBP Dependent Processing of Replication-Dependent Histone Pre-mRNAs",1,11,7.037747920665387E-4,0.6744411246807676,0.8494797315565096,2,3,2.0E-4,9606,Homo sapiens,"32636","","R-HSA-77585;R-HSA-77586"
R-HSA-9020933,"Interleukin-23 signaling",1,11,7.037747920665387E-4,0.6744411246807676,0.8494797315565096,7,12,8.0E-4,9606,Homo sapiens,"16255","","R-HSA-8950364;R-HSA-8950269;R-HSA-8952749;R-HSA-8950591;R-HSA-447130;R-HSA-8952823;R-HSA-8950583"
R-HSA-3371378,"Regulation by c-FLIP",1,11,7.037747920665387E-4,0.6744411246807676,0.8494797315565096,2,4,2.666666666666667E-4,9606,Homo sapiens,"1879","","R-HSA-3465448;R-HSA-3371359"
R-HSA-390696,"Adrenoceptors",1,11,7.037747920665387E-4,0.6744411246807676,0.8494797315565096,5,12,8.0E-4,9606,Homo sapiens,"27551","","R-HSA-390674;R-HSA-9611851;R-HSA-9609310;R-HSA-9611839;R-HSA-9611852"
R-HSA-69416,"Dimerization of procaspase-8",1,11,7.037747920665387E-4,0.6744411246807676,0.8494797315565096,1,3,2.0E-4,9606,Homo sapiens,"1879","","R-HSA-141156"
R-HSA-9032500,"Activated NTRK2 signals through FYN",1,11,7.037747920665387E-4,0.6744411246807676,0.8494797315565096,2,7,4.6666666666666666E-4,9606,Homo sapiens,"2904","","R-HSA-9032601;R-HSA-9032582"
R-HSA-8849469,"PTK6 Regulates RTKs and Their Effectors AKT1 and DOK1",1,11,7.037747920665387E-4,0.6744411246807676,0.8494797315565096,2,8,5.333333333333334E-4,9606,Homo sapiens,"87986","","R-HSA-8848758;R-HSA-8848751"
R-HSA-389542,"NADPH regeneration",1,11,7.037747920665387E-4,0.6744411246807676,0.8494797315565096,1,4,2.666666666666667E-4,9606,Homo sapiens,"16474","","R-HSA-389550"
R-HSA-425986,"Sodium/Proton exchangers",1,11,7.037747920665387E-4,0.6744411246807676,0.8494797315565096,1,4,2.666666666666667E-4,9606,Homo sapiens,"955","","R-HSA-426015"
R-HSA-8963676,"Intestinal absorption",1,11,7.037747920665387E-4,0.6744411246807676,0.8494797315565096,1,6,4.0E-4,9606,Homo sapiens,"16113","","R-HSA-265443"
R-HSA-9637628,"Modulation by Mtb of host immune system",1,11,7.037747920665387E-4,0.6744411246807676,0.8494797315565096,1,6,4.0E-4,9606,Homo sapiens,"17533","","R-HSA-9637605"
R-HSA-351906,"Apoptotic cleavage of cell adhesion  proteins",1,11,7.037747920665387E-4,0.6744411246807676,0.8494797315565096,1,10,6.666666666666666E-4,9606,Homo sapiens,"12387","","R-HSA-202969"
R-HSA-9725371,"Nuclear events stimulated by ALK signaling in cancer",5,56,0.003582853486884197,0.6748618837083253,0.8494797315565096,6,32,0.0021333333333333334,9606,Homo sapiens,"16388;16238;176466;15676","","R-HSA-9725030;R-HSA-9851109;R-HSA-9701810;R-HSA-9851104;R-HSA-9701903;R-HSA-9725023"
R-HSA-191859,"snRNP Assembly",6,67,0.004286628278950736,0.6779680167225005,0.8494797315565096,6,6,4.0E-4,9606,Homo sapiens,"17981;189726;32365;32354;17759;32636","","R-HSA-191763;R-HSA-191825;R-HSA-191830;R-HSA-191786;R-HSA-191784;R-HSA-191790"
R-HSA-194441,"Metabolism of non-coding RNA",6,67,0.004286628278950736,0.6779680167225005,0.8494797315565096,6,6,4.0E-4,9606,Homo sapiens,"17981;189726;32365;32354;17759;32636","","R-HSA-191763;R-HSA-191825;R-HSA-191830;R-HSA-191786;R-HSA-191784;R-HSA-191790"
R-HSA-418217,"G beta:gamma signalling through PLC beta",2,23,0.001471529110684581,0.6797524504660358,0.8494797315565096,2,2,1.3333333333333334E-4,9606,Homo sapiens,"25858;32980","","R-HSA-398193;R-HSA-398040"
R-HSA-1839117,"Signaling by cytosolic FGFR1 fusion mutants",2,23,0.001471529110684581,0.6797524504660358,0.8494797315565096,13,14,9.333333333333333E-4,9606,Homo sapiens,"28320;15365","","R-HSA-1839102;R-HSA-1839039;R-HSA-1839065;R-HSA-1839067;R-HSA-1839095;R-HSA-1839031;R-HSA-1839091;R-HSA-1839112;R-HSA-1839080;R-HSA-1839114;R-HSA-1839110;R-HSA-1839078;R-HSA-1839107"
R-HSA-5358508,"Mismatch Repair",2,23,0.001471529110684581,0.6797524504660358,0.8494797315565096,14,17,0.0011333333333333334,9606,Homo sapiens,"17685;16467;17688","","R-HSA-5358545;R-HSA-5358513;R-HSA-5358512;R-HSA-5358519;R-HSA-5358518;R-HSA-5358619;R-HSA-5358525;R-HSA-5444511;R-HSA-5358912;R-HSA-5358597;R-HSA-5358599;R-HSA-5358919;R-HSA-5444516;R-HSA-5358510"
R-HSA-190242,"FGFR1 ligand binding and activation",2,23,0.001471529110684581,0.6797524504660358,0.8494797315565096,4,7,4.6666666666666666E-4,9606,Homo sapiens,"16284;17362","","R-HSA-190256;R-HSA-5654515;R-HSA-190245;R-HSA-190427"
R-HSA-432142,"Platelet sensitization by LDL",2,23,0.001471529110684581,0.6797524504660358,0.8494797315565096,5,9,6.0E-4,9606,Homo sapiens,"90000;16113","","R-HSA-432148;R-HSA-432129;R-HSA-435244;R-HSA-8948034;R-HSA-432121"
R-HSA-500657,"Presynaptic function of Kainate receptors",2,23,0.001471529110684581,0.6797524504660358,0.8494797315565096,1,2,1.3333333333333334E-4,9606,Homo sapiens,"25858;32980","","R-HSA-500717"
R-HSA-448424,"Interleukin-17 signaling",7,78,0.0049904030710172746,0.681665985222216,0.8494797315565096,9,35,0.0023333333333333335,9606,Homo sapiens,"90000;17164;176466;16556;29073;4208;28924","","R-HSA-450292;R-HSA-450325;R-HSA-450337;R-HSA-199929;R-HSA-450333;R-HSA-450346;R-HSA-5684250;R-HSA-199917;R-HSA-5684248"
R-HSA-167200,"Formation of HIV-1 elongation complex containing HIV-1 Tat",4,46,0.002943058221369162,0.6893282509246541,0.8494797315565096,5,5,3.333333333333333E-4,9606,Homo sapiens,"88735;9150;86366;7936","","R-HSA-170706;R-HSA-167234;R-HSA-170704;R-HSA-167191;R-HSA-167196"
R-HSA-9734767,"Developmental Cell Lineages",4,46,0.002943058221369162,0.6893282509246541,0.8494797315565096,4,4,2.666666666666667E-4,9606,Homo sapiens,"70997;16322;15367;50205","","R-HSA-9725621;R-HSA-9727359;R-HSA-9727354;R-HSA-9727355"
R-HSA-9725554,"Differentiation of keratinocytes in interfollicular epidermis in mammalian skin",4,46,0.002943058221369162,0.6893282509246541,0.8494797315565096,4,4,2.666666666666667E-4,9606,Homo sapiens,"70997;16322;15367;50205","","R-HSA-9725621;R-HSA-9727359;R-HSA-9727354;R-HSA-9727355"
R-HSA-159231,"Transport of Mature mRNA Derived from an Intronless Transcript",4,46,0.002943058221369162,0.6893282509246541,0.8494797315565096,3,3,2.0E-4,9606,Homo sapiens,"17981;32365;32354;17759","","R-HSA-158441;R-HSA-77594;R-HSA-158447"
R-HSA-9035034,"RHOF GTPase cycle",4,46,0.002943058221369162,0.6893282509246541,0.8494797315565096,1,3,2.0E-4,9606,Homo sapiens,"8776;15864;17409;28865","","R-HSA-9693125"
R-HSA-168276,"NS1 Mediated Effects on Host Pathways",4,46,0.002943058221369162,0.6893282509246541,0.8494797315565096,1,6,4.0E-4,9606,Homo sapiens,"17981;32365;32354;17759","","R-HSA-1176059"
R-HSA-389661,"Glyoxylate metabolism and glycine degradation",5,57,0.0036468330134357004,0.6896120166075514,0.8494797315565096,10,20,0.0013333333333333333,9606,Homo sapiens,"16891;16112;16474;15929;16995","","R-HSA-389684;R-HSA-389862;R-HSA-6784436;R-HSA-5694018;R-HSA-6784434;R-HSA-389826;R-HSA-389842;R-HSA-389821;R-HSA-5693967;R-HSA-5693977"
R-HSA-532668,"N-glycan trimming in the ER and Calnexin/Calreticulin cycle",5,57,0.0036468330134357004,0.6896120166075514,0.8494797315565096,9,18,0.0012,9606,Homo sapiens,"28493;18347;32063;25863;4208","","R-HSA-901036;R-HSA-901039;R-HSA-8853379;R-HSA-8850594;R-HSA-6782685;R-HSA-901024;R-HSA-532678;R-HSA-8867288;R-HSA-901074"
R-HSA-210745,"Regulation of gene expression in beta cells",3,35,0.0022392834293026233,0.6921172021678361,0.8494797315565096,5,12,8.0E-4,9606,Homo sapiens,"17750;16540;16634","","R-HSA-211346;R-HSA-211350;R-HSA-211301;R-HSA-211289;R-HSA-211272"
R-HSA-1592389,"Activation of Matrix Metalloproteinases",3,35,0.0022392834293026233,0.6921172021678361,0.8494797315565096,8,27,0.0018,9606,Homo sapiens,"17394;17385;85253","","R-HSA-1602488;R-HSA-1604712;R-HSA-1592297;R-HSA-1602458;R-HSA-1592316;R-HSA-1592398;R-HSA-1592371;R-HSA-1602484"
R-HSA-450282,"MAPK targets/ Nuclear events mediated by MAP kinases",3,35,0.0022392834293026233,0.6921172021678361,0.8494797315565096,4,16,0.0010666666666666667,9606,Homo sapiens,"17164;29073;4208","","R-HSA-450292;R-HSA-450325;R-HSA-199929;R-HSA-199917"
R-HSA-167242,"Abortive elongation of HIV-1 transcript in the absence of Tat",2,24,0.0015355086372360845,0.7020149869035568,0.8494797315565096,2,2,1.3333333333333334E-4,9606,Homo sapiens,"9150;7936","","R-HSA-167147;R-HSA-167087"
R-HSA-9013422,"RHOBTB1 GTPase cycle",2,24,0.0015355086372360845,0.7020149869035568,0.8494797315565096,1,2,1.3333333333333334E-4,9606,Homo sapiens,"16509;19232","","R-HSA-9018778"
R-HSA-2022857,"Keratan sulfate degradation",2,24,0.0015355086372360845,0.7020149869035568,0.8494797315565096,3,7,4.6666666666666666E-4,9606,Homo sapiens,"18295;28061","","R-HSA-2046239;R-HSA-1793217;R-HSA-1630306"
R-HSA-159424,"Conjugation of carboxylic acids",2,24,0.0015355086372360845,0.7020149869035568,0.8494797315565096,2,6,4.0E-4,9606,Homo sapiens,"9008;30746","","R-HSA-159443;R-HSA-159574"
R-HSA-156587,"Amino Acid conjugation",2,24,0.0015355086372360845,0.7020149869035568,0.8494797315565096,2,6,4.0E-4,9606,Homo sapiens,"9008;30746","","R-HSA-159443;R-HSA-159574"
R-HSA-429958,"mRNA decay by 3' to 5' exoribonuclease",2,24,0.0015355086372360845,0.7020149869035568,0.8494797315565096,1,3,2.0E-4,9606,Homo sapiens,"28661;174634","","R-HSA-430028"
R-HSA-1237112,"Methionine salvage pathway",2,24,0.0015355086372360845,0.7020149869035568,0.8494797315565096,1,7,4.6666666666666666E-4,9606,Homo sapiens,"16708;17509","","R-HSA-1237160"
R-HSA-1483255,"PI Metabolism",10,112,0.007165706973768394,0.7043644469564356,0.8494797315565096,21,89,0.005933333333333333,9606,Homo sapiens,"17268;8776;15354;18132;32398;16870;15996;83493;34306","","R-HSA-8871366;R-HSA-1676152;R-HSA-1675994;R-HSA-1675836;R-HSA-1676124;R-HSA-6809793;R-HSA-1675824;R-HSA-6814254;R-HSA-6814766;R-HSA-6814797;R-HSA-1676114;R-HSA-6813740;R-HSA-1675988;R-HSA-8847912;R-HSA-6809975;R-HSA-1676203;R-HSA-1675883;R-HSA-6814132;R-HSA-1676133;R-HSA-6814778;R-HSA-6809944"
R-HSA-1442490,"Collagen degradation",6,69,0.004414587332053743,0.7045430262063037,0.8494797315565096,11,34,0.002266666666666667,9606,Homo sapiens,"17394;15783;17385;88458;15765;15768","","R-HSA-1454822;R-HSA-2168960;R-HSA-1564164;R-HSA-1474197;R-HSA-1474213;R-HSA-1454757;R-HSA-1564112;R-HSA-1458433;R-HSA-2473596;R-HSA-2537499;R-HSA-1564184"
R-HSA-159234,"Transport of Mature mRNAs Derived from Intronless Transcripts",4,47,0.0030070377479206652,0.7051506628282929,0.8494797315565096,9,9,6.0E-4,9606,Homo sapiens,"17981;32365;32354;17759","","R-HSA-77587;R-HSA-158481;R-HSA-159046;R-HSA-158484;R-HSA-159050;R-HSA-158441;R-HSA-77594;R-HSA-158447;R-HSA-111439"
R-HSA-167246,"Tat-mediated elongation of the HIV-1 transcript",4,47,0.0030070377479206652,0.7051506628282929,0.8494797315565096,8,8,5.333333333333334E-4,9606,Homo sapiens,"88735;9150;86366;7936","","R-HSA-170706;R-HSA-167234;R-HSA-170704;R-HSA-167191;R-HSA-167192;R-HSA-167196;R-HSA-167197;R-HSA-167181"
R-HSA-167152,"Formation of HIV elongation complex in the absence of HIV Tat",4,47,0.0030070377479206652,0.7051506628282929,0.8494797315565096,2,2,1.3333333333333334E-4,9606,Homo sapiens,"88735;9150;86366;7936","","R-HSA-167077;R-HSA-167084"
R-HSA-167169,"HIV Transcription Elongation",4,47,0.0030070377479206652,0.7051506628282929,0.8494797315565096,14,15,0.001,9606,Homo sapiens,"88735;9150;86366;7936","","R-HSA-167234;R-HSA-167072;R-HSA-167147;R-HSA-167083;R-HSA-167087;R-HSA-167181;R-HSA-167085;R-HSA-170706;R-HSA-170704;R-HSA-167478;R-HSA-167191;R-HSA-167192;R-HSA-167196;R-HSA-167197"
R-HSA-202433,"Generation of second messenger molecules",4,47,0.0030070377479206652,0.7051506628282929,0.8494797315565096,8,17,0.0011333333333333334,9606,Homo sapiens,"17973;3347;17285;16797","","R-HSA-430183;R-HSA-202354;R-HSA-430180;R-HSA-202407;R-HSA-202245;R-HSA-430190;R-HSA-202248;R-HSA-202216"
R-HSA-5260271,"Diseases of Immune System",4,47,0.0030070377479206652,0.7051506628282929,0.8494797315565096,5,16,0.0010666666666666667,9606,Homo sapiens,"16750;40304;17172;16040","","R-HSA-5602353;R-HSA-9824849;R-HSA-5602672;R-HSA-5602383;R-HSA-5602606"
R-HSA-5602358,"Diseases associated with the TLR signaling cascade",4,47,0.0030070377479206652,0.7051506628282929,0.8494797315565096,5,16,0.0010666666666666667,9606,Homo sapiens,"16750;40304;17172;16040","","R-HSA-5602353;R-HSA-9824849;R-HSA-5602672;R-HSA-5602383;R-HSA-5602606"
R-HSA-177243,"Interactions of Rev with host cellular proteins",4,47,0.0030070377479206652,0.7051506628282929,0.8494797315565096,4,16,0.0010666666666666667,9606,Homo sapiens,"17981;32365;32354;17759","","R-HSA-165043;R-HSA-180710;R-HSA-165047;R-HSA-180732"
R-HSA-176033,"Interactions of Vpr with host cellular proteins",4,47,0.0030070377479206652,0.7051506628282929,0.8494797315565096,1,4,2.666666666666667E-4,9606,Homo sapiens,"17981;32365;32354;17759","","R-HSA-180622"
R-HSA-9818032,"NFE2L2 regulating MDR associated enzymes",1,12,7.677543186180423E-4,0.7060278998177345,0.8494797315565096,8,8,5.333333333333334E-4,9606,Homo sapiens,"1387","","R-HSA-9796039;R-HSA-9796065;R-HSA-9796048;R-HSA-9796077;R-HSA-9796076;R-HSA-9796079;R-HSA-9796042;R-HSA-9796074"
R-HSA-170984,"ARMS-mediated activation",1,12,7.677543186180423E-4,0.7060278998177345,0.8494797315565096,6,6,4.0E-4,9606,Homo sapiens,"16581","","R-HSA-169891;R-HSA-169904;R-HSA-169905;R-HSA-169895;R-HSA-9612980;R-HSA-169901"
R-HSA-193692,"Regulated proteolysis of p75NTR",1,12,7.677543186180423E-4,0.7060278998177345,0.8494797315565096,5,5,3.333333333333333E-4,9606,Homo sapiens,"18053","","R-HSA-193682;R-HSA-193702;R-HSA-193700;R-HSA-193679;R-HSA-209532"
R-HSA-5218900,"CASP8 activity is inhibited",1,12,7.677543186180423E-4,0.7060278998177345,0.8494797315565096,2,2,1.3333333333333334E-4,9606,Homo sapiens,"1879","","R-HSA-3465429;R-HSA-5675456"
R-HSA-193697,"p75NTR regulates axonogenesis",1,12,7.677543186180423E-4,0.7060278998177345,0.8494797315565096,7,8,5.333333333333334E-4,9606,Homo sapiens,"18053","","R-HSA-9012761;R-HSA-193696;R-HSA-193655;R-HSA-209573;R-HSA-193636;R-HSA-193668;R-HSA-193646"
R-HSA-9020958,"Interleukin-21 signaling",1,12,7.677543186180423E-4,0.7060278998177345,0.8494797315565096,4,5,3.333333333333333E-4,9606,Homo sapiens,"3561","","R-HSA-9006873;R-HSA-9006844;R-HSA-9006850;R-HSA-9006870"
R-HSA-176974,"Unwinding of DNA",1,12,7.677543186180423E-4,0.7060278998177345,0.8494797315565096,2,4,2.666666666666667E-4,9606,Homo sapiens,"31967","","R-HSA-176942;R-HSA-176956"
R-HSA-379398,"Enzymatic degradation of Dopamine by monoamine oxidase",1,12,7.677543186180423E-4,0.7060278998177345,0.8494797315565096,1,2,1.3333333333333334E-4,9606,Homo sapiens,"545959","","R-HSA-379464"
R-HSA-450341,"Activation of the AP-1 family of transcription factors",1,12,7.677543186180423E-4,0.7060278998177345,0.8494797315565096,2,5,3.333333333333333E-4,9606,Homo sapiens,"29073","","R-HSA-450292;R-HSA-450325"
R-HSA-2025928,"Calcineurin activates NFAT",1,12,7.677543186180423E-4,0.7060278998177345,0.8494797315565096,1,3,2.0E-4,9606,Homo sapiens,"18019","","R-HSA-2025882"
R-HSA-264870,"Caspase-mediated cleavage of cytoskeletal proteins",1,12,7.677543186180423E-4,0.7060278998177345,0.8494797315565096,3,10,6.666666666666666E-4,9606,Homo sapiens,"19232","","R-HSA-350319;R-HSA-350318;R-HSA-201628"
R-HSA-450520,"HuR (ELAVL1) binds and stabilizes mRNA",1,12,7.677543186180423E-4,0.7060278998177345,0.8494797315565096,2,7,4.6666666666666666E-4,9606,Homo sapiens,"17759","","R-HSA-450595;R-HSA-450387"
R-HSA-8866907,"Activation of the TFAP2 (AP-2) family of transcription factors",1,12,7.677543186180423E-4,0.7060278998177345,0.8494797315565096,1,4,2.666666666666667E-4,9606,Homo sapiens,"1387","","R-HSA-8864307"
R-HSA-2465910,"MASTL Facilitates Mitotic Progression",1,12,7.677543186180423E-4,0.7060278998177345,0.8494797315565096,1,4,2.666666666666667E-4,9606,Homo sapiens,"45969","","R-HSA-2430533"
R-HSA-201688,"WNT mediated activation of DVL",1,12,7.677543186180423E-4,0.7060278998177345,0.8494797315565096,1,4,2.666666666666667E-4,9606,Homo sapiens,"27373;181620","","R-HSA-3772435"
R-HSA-163680,"AMPK inhibits chREBP transcriptional activation activity",1,12,7.677543186180423E-4,0.7060278998177345,0.8494797315565096,1,4,2.666666666666667E-4,9606,Homo sapiens,"68465","","R-HSA-8848663"
R-HSA-9613354,"Lipophagy",1,12,7.677543186180423E-4,0.7060278998177345,0.8494797315565096,1,5,3.333333333333333E-4,9606,Homo sapiens,"1547","","R-HSA-9613530"
R-HSA-9840373,"Cellular response to mitochondrial stress",1,12,7.677543186180423E-4,0.7060278998177345,0.8494797315565096,1,6,4.0E-4,9606,Homo sapiens,"87614","","R-HSA-9840415"
R-HSA-380972,"Energy dependent regulation of mTOR by LKB1-AMPK",3,36,0.0023032629558541267,0.7100255811240863,0.8494797315565096,6,7,4.6666666666666666E-4,9606,Homo sapiens,"1547;3387;68441","","R-HSA-380949;R-HSA-447074;R-HSA-200421;R-HSA-380979;R-HSA-380930;R-HSA-380927"
R-HSA-5626467,"RHO GTPases activate IQGAPs",3,36,0.0023032629558541267,0.7100255811240863,0.8494797315565096,2,5,3.333333333333333E-4,9606,Homo sapiens,"17409;12387;16390","","R-HSA-5672304;R-HSA-5626507"
R-HSA-373076,"Class A/1 (Rhodopsin-like receptors)",39,414,0.026487523992322456,0.7136002855366956,0.8494797315565096,39,185,0.012333333333333333,9606,Homo sapiens,"17200;17201;16196;17202;17203;16796;15366;15344;18397;28834;19065;28875;28716;42504;53460;2700;113;34146;53486;86369;53487;30768;15940;16335;16995;15670;18344;15355;30805;18386;18101;28666;28661;28364;27432;422;84634;27551;89884","","R-HSA-391941;R-HSA-419334;R-HSA-392263;R-HSA-391943;R-HSA-3296304;R-HSA-391937;R-HSA-3296309;R-HSA-444047;R-HSA-391375;R-HSA-9609310;R-HSA-444171;R-HSA-390673;R-HSA-9690439;R-HSA-390674;R-HSA-9611851;R-HSA-444191;R-HSA-373086;R-HSA-375384;R-HSA-9611852;R-HSA-418904;R-HSA-374298;R-HSA-9667569;R-HSA-419426;R-HSA-444654;R-HSA-418925;R-HSA-444202;R-HSA-9611839;R-HSA-391211;R-HSA-9667619;R-HSA-388981;R-HSA-388596;R-HSA-6805205;R-HSA-444661;R-HSA-3296326;R-HSA-388605;R-HSA-9667563;R-HSA-388863;R-HSA-390649;R-HSA-444731"
R-HSA-6784531,"tRNA processing in the nucleus",6,70,0.004478566858605247,0.717259356626098,0.8494797315565096,2,7,4.6666666666666666E-4,9606,Homo sapiens,"17981;27781;32365;32354;17846;17759","","R-HSA-5696813;R-HSA-6783483"
R-HSA-168271,"Transport of Ribonucleoproteins into the Host Nucleus",4,48,0.003071017274472169,0.7203801286120681,0.8494797315565096,1,4,2.666666666666667E-4,9606,Homo sapiens,"17981;32365;32354;17759","","R-HSA-168337"
R-HSA-373753,"Nephrin family interactions",2,25,0.001599488163787588,0.7229742507212711,0.8494797315565096,13,13,8.666666666666666E-4,9606,Homo sapiens,"17973;16566","","R-HSA-373732;R-HSA-373734;R-HSA-451758;R-HSA-451757;R-HSA-451403;R-HSA-532603;R-HSA-373747;R-HSA-451377;R-HSA-8981534;R-HSA-373714;R-HSA-373724;R-HSA-373727;R-HSA-373722"
R-HSA-5654221,"Phospholipase C-mediated cascade; FGFR2",2,25,0.001599488163787588,0.7229742507212711,0.8494797315565096,3,3,2.0E-4,9606,Homo sapiens,"3347;17362","","R-HSA-5654147;R-HSA-5654159;R-HSA-5654157"
R-HSA-5620916,"VxPx cargo-targeting to cilium",2,25,0.001599488163787588,0.7229742507212711,0.8494797315565096,9,10,6.666666666666666E-4,9606,Homo sapiens,"27500;28645","","R-HSA-5623525;R-HSA-5623524;R-HSA-5623527;R-HSA-5620918;R-HSA-5623521;R-HSA-5620914;R-HSA-5623519;R-HSA-5623513;R-HSA-5620921"
R-HSA-71288,"Creatine metabolism",2,25,0.001599488163787588,0.7229742507212711,0.8494797315565096,3,6,4.0E-4,9606,Homo sapiens,"16344;16737","","R-HSA-71287;R-HSA-71286;R-HSA-71275"
R-HSA-1482922,"Acyl chain remodelling of PI",2,25,0.001599488163787588,0.7229742507212711,0.8494797315565096,2,6,4.0E-4,9606,Homo sapiens,"32978;1427","","R-HSA-1482932;R-HSA-1482825"
R-HSA-70221,"Glycogen breakdown (glycogenolysis)",2,25,0.001599488163787588,0.7229742507212711,0.8494797315565096,4,15,0.001,9606,Homo sapiens,"2611;34114","","R-HSA-71541;R-HSA-71588;R-HSA-9036727;R-HSA-453337"
R-HSA-9823730,"Formation of definitive endoderm",2,25,0.001599488163787588,0.7229742507212711,0.8494797315565096,3,13,8.666666666666666E-4,9606,Homo sapiens,"12387;16104","","R-HSA-9823729;R-HSA-9823849;R-HSA-9824472"
R-HSA-9825892,"Regulation of MITF-M-dependent genes involved in cell cycle and proliferation",2,25,0.001599488163787588,0.7229742507212711,0.8494797315565096,4,18,0.0012,9606,Homo sapiens,"33033;12387","","R-HSA-9858646;R-HSA-9858647;R-HSA-9858645;R-HSA-9858636"
R-HSA-8878166,"Transcriptional regulation by RUNX2",13,146,0.009341010876519514,0.7242868768802602,0.8494797315565096,17,81,0.0054,9606,Homo sapiens,"16330;16422;17650;16827;33442;27584;16469;176466;15676;16973;50613;17347;30852;2869","","R-HSA-8939688;R-HSA-9008456;R-HSA-8938382;R-HSA-9007759;R-HSA-9008110;R-HSA-8940032;R-HSA-8877902;R-HSA-9008389;R-HSA-9007686;R-HSA-8939801;R-HSA-8939706;R-HSA-8939900;R-HSA-9009085;R-HSA-9008433;R-HSA-8877918;R-HSA-9009362;R-HSA-9007860"
R-HSA-888590,"GABA synthesis, release, reuptake and degradation",3,37,0.00236724248240563,0.7271210078444175,0.8494797315565096,1,10,6.666666666666666E-4,9606,Homo sapiens,"17750;48950;16958","","R-HSA-352029"
R-HSA-6799198,"Complex I biogenesis",6,71,0.00454254638515675,0.729592177765938,0.8494797315565096,8,14,9.333333333333333E-4,9606,Homo sapiens,"31697;16530;16525;31967;16534;37946","","R-HSA-6799191;R-HSA-6800870;R-HSA-6799202;R-HSA-6799197;R-HSA-6799196;R-HSA-6788556;R-HSA-6799179;R-HSA-6799178"
R-HSA-2426168,"Activation of gene expression by SREBF (SREBP)",6,71,0.00454254638515675,0.729592177765938,0.8494797315565096,5,42,0.0028,9606,Homo sapiens,"28364;27432;17351;1387;28871;4047","","R-HSA-1655848;R-HSA-1655850;R-HSA-1655843;R-HSA-1655826;R-HSA-1655828"
R-HSA-6802957,"Oncogenic MAPK signaling",8,93,0.005950095969289827,0.7304931721530337,0.8494797315565096,37,46,0.0030666666666666668,9606,Homo sapiens,"16828;17263;24786;17409;30314;30754;16040;15714","","R-HSA-6802919;R-HSA-9656211;R-HSA-6802918;R-HSA-9656209;R-HSA-6802916;R-HSA-9656215;R-HSA-6802914;R-HSA-6803234;R-HSA-9656214;R-HSA-9656213;R-HSA-6803233;R-HSA-6802912;R-HSA-9656212;R-HSA-6802927;R-HSA-6802926;R-HSA-6802925;R-HSA-6802924;R-HSA-6802922;R-HSA-6802921;R-HSA-6803240;R-HSA-6802935;R-HSA-6802934;R-HSA-6802933;R-HSA-8936731;R-HSA-6802932;R-HSA-6802943;R-HSA-6802942;R-HSA-6802941;R-HSA-9656207;R-HSA-9660538;R-HSA-9660536;R-HSA-8936676;R-HSA-6802911;R-HSA-6803230;R-HSA-6802910;R-HSA-6802908;R-HSA-6803227"
R-HSA-6794362,"Protein-protein interactions at synapses",8,93,0.005950095969289827,0.7304931721530337,0.8494797315565096,23,33,0.0022,9606,Homo sapiens,"28088;8499;18189;16551;88700;17418;2904;32425","","R-HSA-8849891;R-HSA-6794338;R-HSA-6797568;R-HSA-6794336;R-HSA-6794349;R-HSA-6794348;R-HSA-6794347;R-HSA-6794346;R-HSA-6794345;R-HSA-6794344;R-HSA-6797974;R-HSA-8849878;R-HSA-6794357;R-HSA-6794356;R-HSA-8849908;R-HSA-6794355;R-HSA-6797554;R-HSA-6794354;R-HSA-8849906;R-HSA-6794353;R-HSA-6794352;R-HSA-388824;R-HSA-8849881"
R-HSA-112382,"Formation of RNA Pol II elongation complex ",5,60,0.003838771593090211,0.7310802179494857,0.8494797315565096,2,2,1.3333333333333334E-4,9606,Homo sapiens,"50619;88735;9150;86366;7936","","R-HSA-112379;R-HSA-112381"
R-HSA-70895,"Branched-chain amino acid catabolism",5,60,0.003838771593090211,0.7310802179494857,0.8494797315565096,8,25,0.0016666666666666668,9606,Homo sapiens,"16384;17377;16530;2198;15539","","R-HSA-70881;R-HSA-70723;R-HSA-508308;R-HSA-70773;R-HSA-5693148;R-HSA-508189;R-HSA-70893;R-HSA-70844"
R-HSA-9717189,"Sensory perception of taste",13,147,0.009404990403071018,0.732862178381088,0.8494797315565096,15,25,0.0016666666666666668,9606,Homo sapiens,"16440;17992;25858;15366;27732;32111;83501;15854;88700;17814;16962;46195;17306","","R-HSA-9717205;R-HSA-9717206;R-HSA-9737111;R-HSA-9728752;R-HSA-9717202;R-HSA-9728723;R-HSA-9717214;R-HSA-9717182;R-HSA-9717215;R-HSA-9728697;R-HSA-9728729;R-HSA-9728748;R-HSA-9717193;R-HSA-9737035;R-HSA-9728747"
R-HSA-390450,"Folding of actin by CCT/TriC",1,13,8.317338451695458E-4,0.7345517585377381,0.8494797315565096,2,2,1.3333333333333334E-4,9606,Homo sapiens,"17409","","R-HSA-390453;R-HSA-390459"
R-HSA-451308,"Activation of Ca-permeable Kainate Receptor",1,13,8.317338451695458E-4,0.7345517585377381,0.8494797315565096,2,2,1.3333333333333334E-4,9606,Homo sapiens,"17418","","R-HSA-451283;R-HSA-451311"
R-HSA-9761174,"Formation of intermediate mesoderm",1,13,8.317338451695458E-4,0.7345517585377381,0.8494797315565096,4,5,3.333333333333333E-4,9606,Homo sapiens,"15367","","R-HSA-9761173;R-HSA-9761170;R-HSA-9761186;R-HSA-9761166"
R-HSA-198203,"PI3K/AKT activation",1,13,8.317338451695458E-4,0.7345517585377381,0.8494797315565096,4,5,3.333333333333333E-4,9606,Homo sapiens,"16581","","R-HSA-198211;R-HSA-198295;R-HSA-198315;R-HSA-198266"
R-HSA-426048,"Arachidonate production from DAG",1,13,8.317338451695458E-4,0.7345517585377381,0.8494797315565096,2,3,2.0E-4,9606,Homo sapiens,"17754","","R-HSA-5694462;R-HSA-426043"
R-HSA-1300642,"Sperm Motility And Taxes",1,13,8.317338451695458E-4,0.7345517585377381,0.8494797315565096,2,4,2.666666666666667E-4,9606,Homo sapiens,"17026","","R-HSA-2534359;R-HSA-2534388"
R-HSA-174362,"Transport and synthesis of PAPS",1,13,8.317338451695458E-4,0.7345517585377381,0.8494797315565096,2,4,2.666666666666667E-4,9606,Homo sapiens,"24786","","R-HSA-174389;R-HSA-174392"
R-HSA-6803544,"Ion influx/efflux at host-pathogen interface",1,13,8.317338451695458E-4,0.7345517585377381,0.8494797315565096,1,2,1.3333333333333334E-4,9606,Homo sapiens,"17203","","R-HSA-435171"
R-HSA-2151209,"Activation of PPARGC1A (PGC-1alpha) by phosphorylation",1,13,8.317338451695458E-4,0.7345517585377381,0.8494797315565096,1,2,1.3333333333333334E-4,9606,Homo sapiens,"1547","","R-HSA-1592244"
R-HSA-380612,"Metabolism of serotonin",1,13,8.317338451695458E-4,0.7345517585377381,0.8494797315565096,1,2,1.3333333333333334E-4,9606,Homo sapiens,"27823","","R-HSA-380608"
R-HSA-141334,"PAOs oxidise polyamines to amines",1,13,8.317338451695458E-4,0.7345517585377381,0.8494797315565096,1,3,2.0E-4,9606,Homo sapiens,"17927","","R-HSA-141348"
R-HSA-8934903,"Receptor Mediated Mitophagy",1,13,8.317338451695458E-4,0.7345517585377381,0.8494797315565096,2,7,4.6666666666666666E-4,9606,Homo sapiens,"84557","","R-HSA-8959571;R-HSA-8959573"
R-HSA-379397,"Enzymatic degradation of dopamine by COMT",1,13,8.317338451695458E-4,0.7345517585377381,0.8494797315565096,1,4,2.666666666666667E-4,9606,Homo sapiens,"545959","","R-HSA-379395"
R-HSA-6799990,"Metal sequestration by antimicrobial proteins",1,13,8.317338451695458E-4,0.7345517585377381,0.8494797315565096,1,5,3.333333333333333E-4,9606,Homo sapiens,"17189","","R-HSA-5229273"
R-HSA-9627069,"Regulation of the apoptosome activity",1,13,8.317338451695458E-4,0.7345517585377381,0.8494797315565096,1,6,4.0E-4,9606,Homo sapiens,"28061","","R-HSA-9627078"
R-HSA-1296346,"Tandem pore domain potassium channels",1,13,8.317338451695458E-4,0.7345517585377381,0.8494797315565096,1,6,4.0E-4,9606,Homo sapiens,"16525","","R-HSA-1299304"
R-HSA-74749,"Signal attenuation",1,13,8.317338451695458E-4,0.7345517585377381,0.8494797315565096,1,7,4.6666666666666666E-4,9606,Homo sapiens,"17750","","R-HSA-110011"
R-HSA-9020956,"Interleukin-27 signaling",1,13,8.317338451695458E-4,0.7345517585377381,0.8494797315565096,2,20,0.0013333333333333333,9606,Homo sapiens,"16440","","R-HSA-8950504;R-HSA-8950731"
R-HSA-111458,"Formation of apoptosome",1,13,8.317338451695458E-4,0.7345517585377381,0.8494797315565096,1,10,6.666666666666666E-4,9606,Homo sapiens,"28061","","R-HSA-9627078"
R-HSA-6811438,"Intra-Golgi traffic",4,49,0.0031349968010236724,0.7350192882755154,0.8494797315565096,10,10,6.666666666666666E-4,9606,Homo sapiens,"57589;31882;15761;27551;15996","","R-HSA-8847638;R-HSA-8847637;R-HSA-8849748;R-HSA-8847635;R-HSA-8847875;R-HSA-8847887;R-HSA-8847883;R-HSA-6811433;R-HSA-8847544;R-HSA-8847880"
R-HSA-9683701,"Translation of Structural Proteins",4,49,0.0031349968010236724,0.7350192882755154,0.8494797315565096,4,37,0.0024666666666666665,9606,Homo sapiens,"18347;15903;17361;17154","","R-HSA-9686790;R-HSA-9683769;R-HSA-9683663;R-HSA-9686061"
R-HSA-9717207,"Sensory perception of sweet, bitter, and umami (glutamate) taste",12,137,0.008765195137555982,0.738677770028543,0.8494797315565096,14,21,0.0014,9606,Homo sapiens,"16440;17992;25858;32111;83501;15854;88700;17814;27732;16962;46195;17306","","R-HSA-9717205;R-HSA-9717206;R-HSA-9728752;R-HSA-9717202;R-HSA-9728723;R-HSA-9717214;R-HSA-9717182;R-HSA-9717215;R-HSA-9728697;R-HSA-9728729;R-HSA-9728748;R-HSA-9717193;R-HSA-9737035;R-HSA-9728747"
R-HSA-9013695,"NOTCH4 Intracellular Domain Regulates Transcription",2,26,0.0016634676903390915,0.7426735118786834,0.8494797315565096,8,9,6.0E-4,9606,Homo sapiens,"1387;89963","","R-HSA-9604451;R-HSA-9604550;R-HSA-9013693;R-HSA-9604471;R-HSA-9013711;R-HSA-9604664;R-HSA-9604553;R-HSA-9604446"
R-HSA-392170,"ADP signalling through P2Y purinoceptor 12",2,26,0.0016634676903390915,0.7426735118786834,0.8494797315565096,3,4,2.666666666666667E-4,9606,Homo sapiens,"25858;88522","","R-HSA-392195;R-HSA-392187;R-HSA-392202"
R-HSA-167044,"Signalling to RAS",2,26,0.0016634676903390915,0.7426735118786834,0.8494797315565096,4,10,6.666666666666666E-4,9606,Homo sapiens,"90000;16581","","R-HSA-171011;R-HSA-167056;R-HSA-167217;R-HSA-167019"
R-HSA-2161541,"Abacavir metabolism",2,26,0.0016634676903390915,0.7426735118786834,0.8494797315565096,2,7,4.6666666666666666E-4,9606,Homo sapiens,"17596;16335","","R-HSA-2162066;R-HSA-2161193"
R-HSA-75955,"RNA Polymerase II Transcription Elongation",5,61,0.003902751119641715,0.7439734333453949,0.8494797315565096,8,8,5.333333333333334E-4,9606,Homo sapiens,"50619;88735;9150;86366;7936","","R-HSA-112385;R-HSA-113412;R-HSA-112379;R-HSA-113402;R-HSA-112381;R-HSA-112396;R-HSA-112383;R-HSA-113407"
R-HSA-445355,"Smooth Muscle Contraction",5,61,0.003902751119641715,0.7439734333453949,0.8494797315565096,11,16,0.0010666666666666667,9606,Homo sapiens,"15903;17263;88750;17898;4636","","R-HSA-5263633;R-HSA-445700;R-HSA-445813;R-HSA-445699;R-HSA-9621179;R-HSA-9620456;R-HSA-392143;R-HSA-5263628;R-HSA-392152;R-HSA-445704;R-HSA-445705"
R-HSA-165159,"MTOR signalling",4,50,0.003198976327575176,0.7490729889510691,0.8494797315565096,18,29,0.0019333333333333333,9606,Homo sapiens,"1547;34146;3387;68441","","R-HSA-5653974;R-HSA-447074;R-HSA-8952716;R-HSA-200421;R-HSA-5653968;R-HSA-380930;R-HSA-377186;R-HSA-5672828;R-HSA-5672824;R-HSA-380949;R-HSA-165680;R-HSA-5653957;R-HSA-165718;R-HSA-380979;R-HSA-380927;R-HSA-5672843;R-HSA-165692;R-HSA-8952726"
R-HSA-4551638,"SUMOylation of chromatin organization proteins",5,62,0.003966730646193218,0.7564047576566402,0.8494797315565096,3,15,0.001,9606,Homo sapiens,"17981;30763;32365;32354;89613;17759","","R-HSA-6804485;R-HSA-4615987;R-HSA-4615872"
R-HSA-15869,"Metabolism of nucleotides",23,256,0.0163787587971849,0.7568696533479522,0.8494797315565096,51,142,0.009466666666666667,9606,Homo sapiens,"18102;17596;16450;17775;17368;16235;16750;17562;17172;16708;15887;17802;955;17748;16259;15698;16335;17821;27480;15901;16704;17568;17712","","R-HSA-74241;R-HSA-74242;R-HSA-74372;R-HSA-74247;R-HSA-109449;R-HSA-74249;R-HSA-112265;R-HSA-73608;R-HSA-74248;R-HSA-74376;R-HSA-112266;R-HSA-9678749;R-HSA-74255;R-HSA-73616;R-HSA-74258;R-HSA-109470;R-HSA-112033;R-HSA-6788295;R-HSA-73632;R-HSA-112034;R-HSA-109480;R-HSA-109624;R-HSA-482621;R-HSA-6806877;R-HSA-482619;R-HSA-110141;R-HSA-109759;R-HSA-8851396;R-HSA-73794;R-HSA-109380;R-HSA-109387;R-HSA-109514;R-HSA-73548;R-HSA-109903;R-HSA-74207;R-HSA-8954327;R-HSA-109278;R-HSA-9727349;R-HSA-74213;R-HSA-109415;R-HSA-74215;R-HSA-109671;R-HSA-9727347;R-HSA-109291;R-HSA-74220;R-HSA-73585;R-HSA-8953339;R-HSA-75125;R-HSA-73589;R-HSA-73599;R-HSA-73598"
R-HSA-2022928,"HS-GAG biosynthesis",3,39,0.0024952015355086373,0.7589252159083476,0.8494797315565096,13,14,9.333333333333333E-4,9606,Homo sapiens,"15366;28666;28946","","R-HSA-2076383;R-HSA-2076508;R-HSA-2076371;R-HSA-2024108;R-HSA-2022860;R-HSA-2022856;R-HSA-2076392;R-HSA-2022919;R-HSA-2022887;R-HSA-2024100;R-HSA-2076419;R-HSA-2076611;R-HSA-2022851"
R-HSA-397795,"G-protein beta:gamma signalling",3,39,0.0024952015355086373,0.7589252159083476,0.8494797315565096,13,15,0.001,9606,Homo sapiens,"25858;32980;87986","","R-HSA-392295;R-HSA-8964271;R-HSA-392300;R-HSA-8964614;R-HSA-8964634;R-HSA-8964604;R-HSA-8964605;R-HSA-8964317;R-HSA-398193;R-HSA-8964241;R-HSA-9603279;R-HSA-398040;R-HSA-8964599"
R-HSA-354192,"Integrin signaling",3,39,0.0024952015355086373,0.7589252159083476,0.8494797315565096,20,24,0.0016,9606,Homo sapiens,"30314;16040;15714","","R-HSA-354149;R-HSA-443910;R-HSA-429415;R-HSA-354087;R-HSA-372705;R-HSA-432096;R-HSA-429441;R-HSA-443905;R-HSA-432110;R-HSA-377644;R-HSA-354124;R-HSA-377641;R-HSA-377640;R-HSA-377643;R-HSA-372693;R-HSA-354165;R-HSA-354066;R-HSA-354077;R-HSA-372697;R-HSA-354073"
R-HSA-5685938,"HDR through Single Strand Annealing (SSA)",3,39,0.0024952015355086373,0.7589252159083476,0.8494797315565096,4,6,4.0E-4,9606,Homo sapiens,"33678;176131;16865","","R-HSA-5686642;R-HSA-5686657;R-HSA-5693564;R-HSA-5693580"
R-HSA-9733709,"Cardiogenesis",3,39,0.0024952015355086373,0.7589252159083476,0.8494797315565096,16,27,0.0018,9606,Homo sapiens,"12387;16104;4208","","R-HSA-9734353;R-HSA-9734578;R-HSA-9735442;R-HSA-9735268;R-HSA-9734597;R-HSA-9735302;R-HSA-9735335;R-HSA-9749920;R-HSA-9733772;R-HSA-9734572;R-HSA-9735276;R-HSA-9735151;R-HSA-9735439;R-HSA-9733705;R-HSA-9734697;R-HSA-9735179"
R-HSA-9013424,"RHOV GTPase cycle",3,39,0.0024952015355086373,0.7589252159083476,0.8494797315565096,1,2,1.3333333333333334E-4,9606,Homo sapiens,"17973;28087;88458","","R-HSA-9018794"
R-HSA-1855204,"Synthesis of IP3 and IP4 in the cytosol",3,39,0.0024952015355086373,0.7589252159083476,0.8494797315565096,3,12,8.0E-4,9606,Homo sapiens,"16330;32980;32398","","R-HSA-1855213;R-HSA-1855177;R-HSA-1855218"
R-HSA-75205,"Dissolution of Fibrin Clot",1,14,8.957133717210493E-4,0.7603095384607645,0.8494797315565096,15,21,0.0014,9606,Homo sapiens,"85253","","R-HSA-158722;R-HSA-158784;R-HSA-158721;R-HSA-158982;R-HSA-9724753;R-HSA-158756;R-HSA-158766;R-HSA-158925;R-HSA-158893;R-HSA-158747;R-HSA-158744;R-HSA-158750;R-HSA-158942;R-HSA-9724745;R-HSA-158941"
R-HSA-9664535,"LTC4-CYSLTR mediated IL4 production",1,14,8.957133717210493E-4,0.7603095384607645,0.8494797315565096,2,3,2.0E-4,9606,Homo sapiens,"28666","","R-HSA-266012;R-HSA-266046"
R-HSA-190377,"FGFR2b ligand binding and activation",1,14,8.957133717210493E-4,0.7603095384607645,0.8494797315565096,2,3,2.0E-4,9606,Homo sapiens,"17362","","R-HSA-190260;R-HSA-190408"
R-HSA-8876493,"InlA-mediated entry of Listeria monocytogenes into host cells",1,14,8.957133717210493E-4,0.7603095384607645,0.8494797315565096,3,5,3.333333333333333E-4,9606,Homo sapiens,"12387","","R-HSA-8876948;R-HSA-8876497;R-HSA-112333"
R-HSA-210747,"Regulation of gene expression in early pancreatic precursor cells",1,14,8.957133717210493E-4,0.7603095384607645,0.8494797315565096,3,6,4.0E-4,9606,Homo sapiens,"16634","","R-HSA-210769;R-HSA-210773;R-HSA-210780"
R-HSA-451306,"Ionotropic activity of kainate receptors",1,14,8.957133717210493E-4,0.7603095384607645,0.8494797315565096,2,4,2.666666666666667E-4,9606,Homo sapiens,"17418","","R-HSA-451283;R-HSA-451311"
R-HSA-70370,"Galactose catabolism",1,14,8.957133717210493E-4,0.7603095384607645,0.8494797315565096,2,4,2.666666666666667E-4,9606,Homo sapiens,"17973","","R-HSA-70355;R-HSA-70361"
R-HSA-177135,"Conjugation of benzoate with glycine",1,14,8.957133717210493E-4,0.7603095384607645,0.8494797315565096,1,2,1.3333333333333334E-4,9606,Homo sapiens,"30746","","R-HSA-159443"
R-HSA-5658623,"FGFRL1 modulation of FGFR1 signaling",1,14,8.957133717210493E-4,0.7603095384607645,0.8494797315565096,1,2,1.3333333333333334E-4,9606,Homo sapiens,"17362","","R-HSA-5654511"
R-HSA-9026290,"Biosynthesis of DPAn-3-derived maresins",1,14,8.957133717210493E-4,0.7603095384607645,0.8494797315565096,2,5,3.333333333333333E-4,9606,Homo sapiens,"1387;87998","","R-HSA-9026007;R-HSA-9026006"
R-HSA-196819,"Vitamin B1 (thiamin) metabolism",1,14,8.957133717210493E-4,0.7603095384607645,0.8494797315565096,2,5,3.333333333333333E-4,9606,Homo sapiens,"18385","","R-HSA-199626;R-HSA-196761"
R-HSA-9706019,"RHOBTB3 ATPase cycle",1,14,8.957133717210493E-4,0.7603095384607645,0.8494797315565096,1,3,2.0E-4,9606,Homo sapiens,"51209","","R-HSA-9706390"
R-HSA-1483226,"Synthesis of PI",1,14,8.957133717210493E-4,0.7603095384607645,0.8494797315565096,1,3,2.0E-4,9606,Homo sapiens,"17268","","R-HSA-1482976"
R-HSA-425381,"Bicarbonate transporters",1,14,8.957133717210493E-4,0.7603095384607645,0.8494797315565096,1,4,2.666666666666667E-4,9606,Homo sapiens,"74340","","R-HSA-8878664"
R-HSA-6807047,"Cholesterol biosynthesis via desmosterol",1,14,8.957133717210493E-4,0.7603095384607645,0.8494797315565096,1,4,2.666666666666667E-4,9606,Homo sapiens,"16113","","R-HSA-196417"
R-HSA-9614399,"Regulation of localization of FOXO transcription factors",1,14,8.957133717210493E-4,0.7603095384607645,0.8494797315565096,1,5,3.333333333333333E-4,9606,Homo sapiens,"95120","","R-HSA-9614562"
R-HSA-9754560,"SARS-CoV-2 modulates autophagy",1,14,8.957133717210493E-4,0.7603095384607645,0.8494797315565096,1,5,3.333333333333333E-4,9606,Homo sapiens,"36751","","R-HSA-9730505"
R-HSA-1483248,"Synthesis of PIPs at the ER membrane",1,14,8.957133717210493E-4,0.7603095384607645,0.8494797315565096,1,5,3.333333333333333E-4,9606,Homo sapiens,"83493","","R-HSA-1676124"
R-HSA-210990,"PECAM1 interactions",1,14,8.957133717210493E-4,0.7603095384607645,0.8494797315565096,1,7,4.6666666666666666E-4,9606,Homo sapiens,"16410","","R-HSA-210304"
R-HSA-6787450,"tRNA modification in the mitochondrion",1,14,8.957133717210493E-4,0.7603095384607645,0.8494797315565096,1,7,4.6666666666666666E-4,9606,Homo sapiens,"16057","","R-HSA-6787567"
R-HSA-375281,"Hormone ligand-binding receptors",1,14,8.957133717210493E-4,0.7603095384607645,0.8494797315565096,1,8,5.333333333333334E-4,9606,Homo sapiens,"15670","","R-HSA-391375"
R-HSA-438066,"Unblocking of NMDA receptors, glutamate binding and activation",2,27,0.001727447216890595,0.7611599041330404,0.8494797315565096,5,5,3.333333333333333E-4,9606,Homo sapiens,"17418;2904","","R-HSA-432164;R-HSA-438037;R-HSA-432162;R-HSA-432172;R-HSA-9614185"
R-HSA-442982,"Ras activation upon Ca2+ influx through NMDA receptor",2,27,0.001727447216890595,0.7611599041330404,0.8494797315565096,2,2,1.3333333333333334E-4,9606,Homo sapiens,"17418;2904","","R-HSA-442732;R-HSA-442760"
R-HSA-450302,"activated TAK1 mediates p38 MAPK activation",2,27,0.001727447216890595,0.7611599041330404,0.8494797315565096,2,5,3.333333333333333E-4,9606,Homo sapiens,"90000;16556","","R-HSA-450333;R-HSA-450346"
R-HSA-8876384,"Listeria monocytogenes entry into host cells",2,27,0.001727447216890595,0.7611599041330404,0.8494797315565096,5,13,8.666666666666666E-4,9606,Homo sapiens,"6456;12387","","R-HSA-8876262;R-HSA-8876948;R-HSA-8876497;R-HSA-8876255;R-HSA-112333"
R-HSA-2995383,"Initiation of Nuclear Envelope (NE) Reformation",2,27,0.001727447216890595,0.7611599041330404,0.8494797315565096,2,7,4.6666666666666666E-4,9606,Homo sapiens,"17154;16349","","R-HSA-9667952;R-HSA-2995376"
R-HSA-9617324,"Negative regulation of NMDA receptor-mediated neuronal transmission",2,27,0.001727447216890595,0.7611599041330404,0.8494797315565096,1,4,2.666666666666667E-4,9606,Homo sapiens,"17418;2904","","R-HSA-9617326"
R-HSA-425393,"Transport of inorganic cations/anions and amino acids/oligopeptides",15,172,0.011004478566858605,0.7617553468442859,0.8494797315565096,19,79,0.005266666666666667,9606,Homo sapiens,"17750;16283;15366;17254;48950;74340;27747;34712;422;30768;955;15940;3699;16958;34846","","R-HSA-379426;R-HSA-428015;R-HSA-376200;R-HSA-352232;R-HSA-379432;R-HSA-8959781;R-HSA-8878664;R-HSA-352119;R-HSA-379415;R-HSA-427605;R-HSA-5340130;R-HSA-429749;R-HSA-378513;R-HSA-351987;R-HSA-352029;R-HSA-426015;R-HSA-352191;R-HSA-375487;R-HSA-8876312"
R-HSA-4570464,"SUMOylation of RNA binding proteins",4,51,0.0032629558541266796,0.7625480421893145,0.8494797315565096,1,4,2.666666666666667E-4,9606,Homo sapiens,"17981;32365;32354;17759","","R-HSA-4570493"
R-HSA-194138,"Signaling by VEGF",12,140,0.008957133717210493,0.7638543944912329,0.8494797315565096,30,86,0.005733333333333333,9606,Homo sapiens,"90000;16440;16283;17973;16827;3347;16410;87986;178081;17409;12387;19229","","R-HSA-5218830;R-HSA-5218827;R-HSA-167686;R-HSA-5218824;R-HSA-5218819;R-HSA-5218818;R-HSA-5218847;R-HSA-169683;R-HSA-169680;R-HSA-5218841;R-HSA-4420121;R-HSA-5218836;R-HSA-5218832;R-HSA-5357429;R-HSA-5218854;R-HSA-5357432;R-HSA-4420202;R-HSA-5218916;R-HSA-5218851;R-HSA-4420143;R-HSA-4420206;R-HSA-4420140;R-HSA-5218815;R-HSA-5218814;R-HSA-5218812;R-HSA-198640;R-HSA-5357477;R-HSA-5357479;R-HSA-5218806;R-HSA-5218804"
R-HSA-6796648,"TP53 Regulates Transcription of DNA Repair Genes",7,86,0.0055022392834293025,0.7722648256407729,0.8494797315565096,6,17,0.0011333333333333334,9606,Homo sapiens,"17685;88735;9150;86366;7936;25722;29073","","R-HSA-6797606;R-HSA-6797616;R-HSA-6797712;R-HSA-6806412;R-HSA-6797100;R-HSA-6806394"
R-HSA-390522,"Striated Muscle Contraction",3,40,0.0025591810620601407,0.7736671429265489,0.8494797315565096,4,4,2.666666666666667E-4,9606,Homo sapiens,"19232;15641;31799","","R-HSA-390597;R-HSA-390598;R-HSA-390593;R-HSA-390595"
R-HSA-163359,"Glucagon signaling in metabolic regulation",3,40,0.0025591810620601407,0.7736671429265489,0.8494797315565096,4,6,4.0E-4,9606,Homo sapiens,"25858;2668;113","","R-HSA-825631;R-HSA-163617;R-HSA-163625;R-HSA-164377"
R-HSA-114508,"Effects of PIP2 hydrolysis",3,40,0.0025591810620601407,0.7736671429265489,0.8494797315565096,5,9,6.0E-4,9606,Homo sapiens,"16440;17754;1606","","R-HSA-426240;R-HSA-139941;R-HSA-5694462;R-HSA-139854;R-HSA-426043"
R-HSA-390471,"Association of TriC/CCT with target proteins during biosynthesis",3,40,0.0025591810620601407,0.7736671429265489,0.8494797315565096,1,2,1.3333333333333334E-4,9606,Homo sapiens,"28918;30838;15946;28924","","R-HSA-390470"
R-HSA-189483,"Heme degradation",3,40,0.0025591810620601407,0.7736671429265489,0.8494797315565096,3,22,0.0014666666666666667,9606,Homo sapiens,"16474;36378;26756","","R-HSA-9661710;R-HSA-9661726;R-HSA-9661820"
R-HSA-5652084,"Fructose metabolism",2,28,0.0017914267434420985,0.7784832700826761,0.8494797315565096,3,7,4.6666666666666666E-4,9606,Homo sapiens,"17924;28645","","R-HSA-5652195;R-HSA-5652172;R-HSA-70333"
R-HSA-71384,"Ethanol oxidation",2,28,0.0017914267434420985,0.7784832700826761,0.8494797315565096,3,8,5.333333333333334E-4,9606,Homo sapiens,"15366;84532","","R-HSA-449911;R-HSA-71735;R-HSA-71691"
R-HSA-975578,"Reactions specific to the complex N-glycan synthesis pathway",2,28,0.0017914267434420985,0.7784832700826761,0.8494797315565096,2,7,4.6666666666666666E-4,9606,Homo sapiens,"16082;4208","","R-HSA-975814;R-HSA-5693807"
R-HSA-166208,"mTORC1-mediated signalling",2,28,0.0017914267434420985,0.7784832700826761,0.8494797315565096,2,8,5.333333333333334E-4,9606,Homo sapiens,"34146;68441","","R-HSA-165718;R-HSA-165692"
R-HSA-1592230,"Mitochondrial biogenesis",11,131,0.00838131797824696,0.7790442941824426,0.8494797315565096,8,36,0.0024,9606,Homo sapiens,"1547;28364;2710;27432;17351;17154;1387;84808;17261;4208;24702","","R-HSA-5688294;R-HSA-8949609;R-HSA-5688276;R-HSA-1592238;R-HSA-5688289;R-HSA-1368140;R-HSA-1592244;R-HSA-8940309"
R-HSA-975871,"MyD88 cascade initiated on plasma membrane",9,109,0.006973768394113884,0.7791056587514422,0.8494797315565096,14,70,0.004666666666666667,9606,Homo sapiens,"90000;32114;17164;53014;176466;16556;29073;4208;28924","","R-HSA-168166;R-HSA-9750226;R-HSA-450337;R-HSA-9750942;R-HSA-450346;R-HSA-5684250;R-HSA-199917;R-HSA-5684248;R-HSA-450292;R-HSA-450325;R-HSA-9750946;R-HSA-168184;R-HSA-199929;R-HSA-450333"
R-HSA-168142,"Toll Like Receptor 10 (TLR10) Cascade",9,109,0.006973768394113884,0.7791056587514422,0.8494797315565096,14,71,0.004733333333333333,9606,Homo sapiens,"90000;32114;17164;53014;176466;16556;29073;4208;28924","","R-HSA-168166;R-HSA-9750226;R-HSA-450337;R-HSA-9750942;R-HSA-450346;R-HSA-5684250;R-HSA-199917;R-HSA-5684248;R-HSA-450292;R-HSA-450325;R-HSA-9750946;R-HSA-168184;R-HSA-199929;R-HSA-450333"
R-HSA-168176,"Toll Like Receptor 5 (TLR5) Cascade",9,109,0.006973768394113884,0.7791056587514422,0.8494797315565096,14,71,0.004733333333333333,9606,Homo sapiens,"90000;32114;17164;53014;176466;16556;29073;4208;28924","","R-HSA-168166;R-HSA-9750226;R-HSA-450337;R-HSA-9750942;R-HSA-450346;R-HSA-5684250;R-HSA-199917;R-HSA-5684248;R-HSA-450292;R-HSA-450325;R-HSA-9750946;R-HSA-168184;R-HSA-199929;R-HSA-450333"
R-HSA-177929,"Signaling by EGFR",5,64,0.004094689699296225,0.7798981225181076,0.8494797315565096,41,50,0.0033333333333333335,9606,Homo sapiens,"3347;6456;17254;28833;28832","","R-HSA-177922;R-HSA-177923;R-HSA-177926;R-HSA-177927;R-HSA-177924;R-HSA-177925;R-HSA-177930;R-HSA-182986;R-HSA-183051;R-HSA-8951490;R-HSA-177934;R-HSA-182990;R-HSA-177935;R-HSA-183055;R-HSA-177933;R-HSA-177938;R-HSA-182994;R-HSA-183058;R-HSA-177939;R-HSA-177936;R-HSA-177937;R-HSA-182993;R-HSA-177942;R-HSA-177943;R-HSA-177941;R-HSA-183002;R-HSA-183067;R-HSA-9851407;R-HSA-177944;R-HSA-177945;R-HSA-8867047;R-HSA-212706;R-HSA-183072;R-HSA-8867044;R-HSA-212710;R-HSA-8867041;R-HSA-212713;R-HSA-183084;R-HSA-183089;R-HSA-182969;R-HSA-183036"
R-HSA-112316,"Neuronal System",45,490,0.03134996801023673,0.7817370263179929,0.8494797315565096,99,221,0.014733333333333333,9606,Homo sapiens,"545959;16196;71466;8499;71464;16551;3387;189724;28875;40521;27823;2700;113;32980;88700;16513;88522;16534;50599;16958;2904;32425;34846;88494;16000;17750;25858;16285;16521;15355;30805;15354;15573;18189;48950;2955;1547;34712;28088;35128;16509;2710;422;16525;17418","","R-HSA-210439;R-HSA-6794338;R-HSA-379395;R-HSA-6794336;R-HSA-6794349;R-HSA-6794348;R-HSA-392206;R-HSA-6794347;R-HSA-6794346;R-HSA-6794345;R-HSA-6794344;R-HSA-9610653;R-HSA-9610627;R-HSA-6794357;R-HSA-1013020;R-HSA-975389;R-HSA-438037;R-HSA-6794356;R-HSA-6794355;R-HSA-6794354;R-HSA-6794353;R-HSA-6794352;R-HSA-352029;R-HSA-1013013;R-HSA-1013012;R-HSA-372505;R-HSA-429594;R-HSA-432164;R-HSA-372519;R-HSA-432162;R-HSA-432172;R-HSA-372529;R-HSA-9610408;R-HSA-9617326;R-HSA-9673173;R-HSA-416320;R-HSA-379464;R-HSA-6803753;R-HSA-8849878;R-HSA-629595;R-HSA-629596;R-HSA-629599;R-HSA-975449;R-HSA-629588;R-HSA-8849881;R-HSA-8849891;R-HSA-6797568;R-HSA-442732;R-HSA-9610750;R-HSA-8849908;R-HSA-8849906;R-HSA-374899;R-HSA-1299304;R-HSA-9609746;R-HSA-9609744;R-HSA-9619478;R-HSA-9611030;R-HSA-212614;R-HSA-442760;R-HSA-374922;R-HSA-6797554;R-HSA-380574;R-HSA-9609737;R-HSA-9609743;R-HSA-9609740;R-HSA-9610802;R-HSA-264615;R-HSA-9612085;R-HSA-170666;R-HSA-9619515;R-HSA-264622;R-HSA-9618750;R-HSA-170671;R-HSA-170674;R-HSA-1296035;R-HSA-445367;R-HSA-170686;R-HSA-1296045;R-HSA-380869;R-HSA-9619542;R-HSA-380608;R-HSA-70606;R-HSA-451283;R-HSA-388824;R-HSA-380901;R-HSA-210404;R-HSA-451311;R-HSA-9668218;R-HSA-500717;R-HSA-1296127;R-HSA-380905;R-HSA-9610879;R-HSA-6797974;R-HSA-210426;R-HSA-9611368;R-HSA-9614185;R-HSA-622325;R-HSA-210430;R-HSA-622326"
R-HSA-1655829,"Regulation of cholesterol biosynthesis by SREBP (SREBF)",7,87,0.005566218809980806,0.7821235384037468,0.8494797315565096,6,52,0.0034666666666666665,9606,Homo sapiens,"28364;27432;16113;17351;1387;28871;4047","","R-HSA-1655848;R-HSA-1655850;R-HSA-2317530;R-HSA-1655843;R-HSA-1655826;R-HSA-1655828"
R-HSA-428540,"Activation of RAC1",1,15,9.596928982725527E-4,0.7835693259717877,0.8494797315565096,4,4,2.666666666666667E-4,9606,Homo sapiens,"17973","","R-HSA-428535;R-HSA-428515;R-HSA-428531;R-HSA-428511"
R-HSA-1250342,"PI3K events in ERBB4 signaling",1,15,9.596928982725527E-4,0.7835693259717877,0.8494797315565096,2,2,1.3333333333333334E-4,9606,Homo sapiens,"104011;18183","","R-HSA-1250370;R-HSA-1250353"
R-HSA-1234158,"Regulation of gene expression by Hypoxia-inducible Factor",1,15,9.596928982725527E-4,0.7835693259717877,0.8494797315565096,4,7,4.6666666666666666E-4,9606,Homo sapiens,"1387","","R-HSA-1234167;R-HSA-1235035;R-HSA-1235070;R-HSA-1235037"
R-HSA-9818028,"NFE2L2 regulates pentose phosphate pathway genes",1,15,9.596928982725527E-4,0.7835693259717877,0.8494797315565096,4,8,5.333333333333334E-4,9606,Homo sapiens,"1387","","R-HSA-9761812;R-HSA-9761828;R-HSA-9761846;R-HSA-9761849"
R-HSA-209560,"NF-kB is activated and signals survival",1,15,9.596928982725527E-4,0.7835693259717877,0.8494797315565096,2,4,2.666666666666667E-4,9606,Homo sapiens,"18053","","R-HSA-193703;R-HSA-193705"
R-HSA-5358493,"Synthesis of diphthamide-EEF2",1,15,9.596928982725527E-4,0.7835693259717877,0.8494797315565096,1,4,2.666666666666667E-4,9606,Homo sapiens,"17509","","R-HSA-5358494"
R-HSA-381183,"ATF6 (ATF6-alpha) activates chaperone genes",1,15,9.596928982725527E-4,0.7835693259717877,0.8494797315565096,1,5,3.333333333333333E-4,9606,Homo sapiens,"2904","","R-HSA-1791163"
R-HSA-75035,"Chk1/Chk2(Cds1) mediated inactivation of Cyclin B:Cdk1 complex",1,15,9.596928982725527E-4,0.7835693259717877,0.8494797315565096,1,5,3.333333333333333E-4,9606,Homo sapiens,"95120","","R-HSA-75016"
R-HSA-9694719,"Maturation of protein 3a",1,15,9.596928982725527E-4,0.7835693259717877,0.8494797315565096,1,7,4.6666666666666666E-4,9606,Homo sapiens,"17361","","R-HSA-9694718"
R-HSA-9683673,"Maturation of protein 3a",1,15,9.596928982725527E-4,0.7835693259717877,0.8494797315565096,1,7,4.6666666666666666E-4,9606,Homo sapiens,"17361","","R-HSA-9683769"
R-HSA-110362,"POLB-Dependent Long Patch Base Excision Repair",1,15,9.596928982725527E-4,0.7835693259717877,0.8494797315565096,1,10,6.666666666666666E-4,9606,Homo sapiens,"17154","","R-HSA-5651723"
R-HSA-111461,"Cytochrome c-mediated apoptotic response",1,15,9.596928982725527E-4,0.7835693259717877,0.8494797315565096,1,12,8.0E-4,9606,Homo sapiens,"28061","","R-HSA-9627078"
R-HSA-1650814,"Collagen biosynthesis and modifying enzymes",6,76,0.004862444017914268,0.7855217292794059,0.8494797315565096,25,51,0.0034,9606,Homo sapiens,"32643;15783;88458;15765;29073;15768","","R-HSA-8948232;R-HSA-2002460;R-HSA-8948234;R-HSA-8948224;R-HSA-8948226;R-HSA-8948228;R-HSA-8948230;R-HSA-8948231;R-HSA-1981128;R-HSA-2002440;R-HSA-1980233;R-HSA-8944223;R-HSA-1981120;R-HSA-8944214;R-HSA-1650808;R-HSA-2002428;R-HSA-2022073;R-HSA-8944225;R-HSA-2089971;R-HSA-8944229;R-HSA-1981104;R-HSA-8948219;R-HSA-2152276;R-HSA-8948222;R-HSA-1981157"
R-HSA-187037,"Signaling by NTRK1 (TRKA)",12,143,0.009149072296865002,0.7873141671439107,0.8494797315565096,52,102,0.0068,9606,Homo sapiens,"90000;16581;3347;17164;15882;6456;15918;17261;16335;15901;4208","","R-HSA-171011;R-HSA-167683;R-HSA-9613460;R-HSA-167684;R-HSA-9613210;R-HSA-166538;R-HSA-166542;R-HSA-9613213;R-HSA-187661;R-HSA-166544;R-HSA-167056;R-HSA-198295;R-HSA-187678;R-HSA-169891;R-HSA-169895;R-HSA-9612980;R-HSA-198315;R-HSA-169901;R-HSA-187698;R-HSA-9613219;R-HSA-169904;R-HSA-9031610;R-HSA-167217;R-HSA-187697;R-HSA-169905;R-HSA-9613476;R-HSA-9612073;R-HSA-198211;R-HSA-9031624;R-HSA-177479;R-HSA-9031616;R-HSA-9613023;R-HSA-198732;R-HSA-9612483;R-HSA-177491;R-HSA-9612996;R-HSA-170964;R-HSA-170975;R-HSA-9612493;R-HSA-177501;R-HSA-170978;R-HSA-187746;R-HSA-170979;R-HSA-170977;R-HSA-9612534;R-HSA-167019;R-HSA-9619838;R-HSA-199917;R-HSA-190065;R-HSA-167674;R-HSA-198266;R-HSA-199929"
R-HSA-5696400,"Dual Incision in GG-NER",3,41,0.0026231605886116445,0.7876614928949974,0.8494797315565096,3,3,2.0E-4,9606,Homo sapiens,"176131;88735;16865","","R-HSA-5690213;R-HSA-5690990;R-HSA-5690988"
R-HSA-392518,"Signal amplification",3,41,0.0026231605886116445,0.7876614928949974,0.8494797315565096,13,19,0.0012666666666666666,9606,Homo sapiens,"90000;25858;88522","","R-HSA-392195;R-HSA-428750;R-HSA-428941;R-HSA-428909;R-HSA-428749;R-HSA-392202;R-HSA-428918;R-HSA-428917;R-HSA-418581;R-HSA-418579;R-HSA-428752;R-HSA-418576;R-HSA-392187"
R-HSA-9614085,"FOXO-mediated transcription",9,110,0.007037747920665387,0.7877613335420426,0.8494797315565096,16,85,0.005666666666666667,9606,Homo sapiens,"17750;16827;28940;27584;17154;1387;17650;16973;2869;95120","","R-HSA-9626962;R-HSA-9617683;R-HSA-9622579;R-HSA-9626928;R-HSA-9623281;R-HSA-9623415;R-HSA-9620532;R-HSA-9617758;R-HSA-9625693;R-HSA-9614562;R-HSA-9625699;R-HSA-9623168;R-HSA-9626945;R-HSA-9623023;R-HSA-9622604;R-HSA-9622572"
R-HSA-76009,"Platelet Aggregation (Plug Formation)",4,53,0.0033909149072296864,0.787797906482612,0.8494797315565096,21,27,0.0018,9606,Homo sapiens,"30314;16040;15714;15768","","R-HSA-354149;R-HSA-443910;R-HSA-429415;R-HSA-354087;R-HSA-372705;R-HSA-432096;R-HSA-429441;R-HSA-443905;R-HSA-432110;R-HSA-377644;R-HSA-354124;R-HSA-377641;R-HSA-377640;R-HSA-377643;R-HSA-372693;R-HSA-354165;R-HSA-354066;R-HSA-354077;R-HSA-372697;R-HSA-354073;R-HSA-429529"
R-HSA-6783310,"Fanconi Anemia Pathway",4,53,0.0033909149072296864,0.787797906482612,0.8494797315565096,10,15,0.001,9606,Homo sapiens,"16020;16026;16865;16027","","R-HSA-6785126;R-HSA-6786166;R-HSA-6785732;R-HSA-6785986;R-HSA-6788385;R-HSA-6785361;R-HSA-6785342;R-HSA-6786155;R-HSA-6786171;R-HSA-6788392"
R-HSA-168333,"NEP/NS2 Interacts with the Cellular Export Machinery",4,53,0.0033909149072296864,0.787797906482612,0.8494797315565096,1,2,1.3333333333333334E-4,9606,Homo sapiens,"17981;32365;32354;17759","","R-HSA-168880"
R-HSA-432040,"Vasopressin regulates renal water homeostasis via Aquaporins",4,53,0.0033909149072296864,0.787797906482612,0.8494797315565096,7,15,0.001,9606,Homo sapiens,"25858;113;15344;15996","","R-HSA-392263;R-HSA-163617;R-HSA-432195;R-HSA-422320;R-HSA-432188;R-HSA-164377;R-HSA-432237"
R-HSA-1489509,"DAG and IP3 signaling",4,53,0.0033909149072296864,0.787797906482612,0.8494797315565096,6,28,0.0018666666666666666,9606,Homo sapiens,"16440;113;3347;68329","","R-HSA-169683;R-HSA-169680;R-HSA-111955;R-HSA-167686;R-HSA-111956;R-HSA-111930"
R-HSA-73884,"Base Excision Repair",8,99,0.006333973128598848,0.789193946647446,0.8494797315565096,18,107,0.0071333333333333335,9606,Homo sapiens,"16708;176131;17368;17154;38635;17821;15901;17568","","R-HSA-110368;R-HSA-110371;R-HSA-110215;R-HSA-110246;R-HSA-110248;R-HSA-110219;R-HSA-110251;R-HSA-5651805;R-HSA-110218;R-HSA-5649658;R-HSA-110221;R-HSA-110227;R-HSA-110231;R-HSA-5651809;R-HSA-110232;R-HSA-110363;R-HSA-110364;R-HSA-5651723"
R-HSA-2980766,"Nuclear Envelope Breakdown",5,65,0.004158669225847729,0.7909712443409074,0.8494797315565096,4,13,8.666666666666666E-4,9606,Homo sapiens,"17981;32365;32354;16349;17759","","R-HSA-5229194;R-HSA-2993898;R-HSA-2990880;R-HSA-2990882"
R-HSA-9833482,"PKR-mediated signaling",7,88,0.005630198336532309,0.7916609393480164,0.8494797315565096,6,40,0.0026666666666666666,9606,Homo sapiens,"16020;17973;32796;87614;16026;15532;16027","","R-HSA-9835189;R-HSA-9833973;R-HSA-9835411;R-HSA-9836435;R-HSA-9835885;R-HSA-9833723"
R-HSA-912526,"Interleukin receptor SHC signaling",2,29,0.0018554062699936021,0.7946951936197639,0.8494797315565096,6,6,4.0E-4,9606,Homo sapiens,"28320;3561","","R-HSA-508247;R-HSA-453111;R-HSA-912527;R-HSA-913374;R-HSA-453104;R-HSA-913424"
R-HSA-9865881,"Complex III assembly",2,29,0.0018554062699936021,0.7946951936197639,0.8494797315565096,8,10,6.666666666666666E-4,9606,Homo sapiens,"15366;16474","","R-HSA-9866132;R-HSA-9866164;R-HSA-9865893;R-HSA-9866162;R-HSA-9906017;R-HSA-9866061;R-HSA-9906042;R-HSA-9866104"
R-HSA-392451,"G beta:gamma signalling through PI3Kgamma",2,29,0.0018554062699936021,0.7946951936197639,0.8494797315565096,3,4,2.666666666666667E-4,9606,Homo sapiens,"25858;87986","","R-HSA-392295;R-HSA-392300;R-HSA-9603279"
R-HSA-209968,"Thyroxine biosynthesis",2,29,0.0018554062699936021,0.7946951936197639,0.8494797315565096,8,11,7.333333333333333E-4,9606,Homo sapiens,"18332;16474","","R-HSA-350901;R-HSA-350869;R-HSA-209921;R-HSA-209840;R-HSA-209973;R-HSA-5693681;R-HSA-209960;R-HSA-209772"
R-HSA-2514859,"Inactivation, recovery and regulation of the phototransduction cascade",4,54,0.00345489443378119,0.7995941565156974,0.8494797315565096,5,19,0.0012666666666666666,9606,Homo sapiens,"16168;16628;17898;18107","","R-HSA-2534087;R-HSA-2584246;R-HSA-2632521;R-HSA-2581474;R-HSA-3229213"
R-HSA-168274,"Export of Viral Ribonucleoproteins from Nucleus",4,54,0.00345489443378119,0.7995941565156974,0.8494797315565096,1,5,3.333333333333333E-4,9606,Homo sapiens,"17981;32365;32354;17759","","R-HSA-168880"
R-HSA-9675135,"Diseases of DNA repair",4,54,0.00345489443378119,0.7995941565156974,0.8494797315565096,5,34,0.002266666666666667,9606,Homo sapiens,"17685;33678;176131;16467;17688","","R-HSA-5578663;R-HSA-9709571;R-HSA-5577244;R-HSA-5577259;R-HSA-5632970"
R-HSA-168898,"Toll-like Receptor Cascades",18,210,0.013435700575815739,0.800414025135514,0.8494797315565096,38,217,0.014466666666666666,9606,Homo sapiens,"90000;17164;15882;16113;16750;40304;17084;17172;16040;28924;30860;32114;53014;176466;16556;2904;29073;4208","","R-HSA-166082;R-HSA-2201316;R-HSA-9750226;R-HSA-166091;R-HSA-9824732;R-HSA-9750942;R-HSA-2201322;R-HSA-5684250;R-HSA-166286;R-HSA-5684248;R-HSA-166284;R-HSA-2559414;R-HSA-8870678;R-HSA-1678920;R-HSA-1678923;R-HSA-450325;R-HSA-2262775;R-HSA-166362;R-HSA-166363;R-HSA-2262777;R-HSA-450333;R-HSA-166041;R-HSA-8869667;R-HSA-168166;R-HSA-166119;R-HSA-450337;R-HSA-450346;R-HSA-2201293;R-HSA-937059;R-HSA-199917;R-HSA-937022;R-HSA-450292;R-HSA-9750946;R-HSA-937079;R-HSA-1678944;R-HSA-168184;R-HSA-166072;R-HSA-199929"
R-HSA-187687,"Signalling to ERKs",3,42,0.002687140115163148,0.8009298915516432,0.8494797315565096,18,32,0.0021333333333333334,9606,Homo sapiens,"90000;16581","","R-HSA-170978;R-HSA-187746;R-HSA-171011;R-HSA-170979;R-HSA-169891;R-HSA-170977;R-HSA-169895;R-HSA-9612980;R-HSA-167019;R-HSA-169901;R-HSA-187698;R-HSA-167056;R-HSA-169904;R-HSA-167217;R-HSA-187697;R-HSA-169905;R-HSA-170964;R-HSA-170975"
R-HSA-381042,"PERK regulates gene expression",3,42,0.002687140115163148,0.8009298915516432,0.8494797315565096,3,11,7.333333333333333E-4,9606,Homo sapiens,"28661;87614;174634","","R-HSA-381111;R-HSA-517731;R-HSA-381128"
R-HSA-201722,"Formation of the beta-catenin:TCF transactivating complex",5,66,0.004222648752399232,0.8016043978206734,0.8494797315565096,13,13,8.666666666666666E-4,9606,Homo sapiens,"1387;15346;2691;12387;16390","","R-HSA-3299569;R-HSA-4411367;R-HSA-3322422;R-HSA-3451153;R-HSA-3364026;R-HSA-3322427;R-HSA-3322424;R-HSA-4411372;R-HSA-201712;R-HSA-4411351;R-HSA-3364014;R-HSA-4411357;R-HSA-3451147"
R-HSA-500792,"GPCR ligand binding",56,609,0.038963531669865645,0.8023944861124043,0.8494797315565096,50,217,0.014466666666666666,9606,Homo sapiens,"17200;17201;17202;16196;17203;16796;30817;15344;19065;2668;2700;53460;113;34146;15940;16995;15670;18344;15355;30805;18386;18101;71012;28666;27732;28661;32111;84634;17814;89884;27708;15366;18397;28834;28875;2691;28716;371;42504;15729;15728;15727;53486;86369;53487;88700;30768;16335;17306;17992;25858;7476;28364;27432;422;27551;15854","","R-HSA-391941;R-HSA-419334;R-HSA-391943;R-HSA-3296304;R-HSA-391937;R-HSA-8937613;R-HSA-3296309;R-HSA-444047;R-HSA-444171;R-HSA-420233;R-HSA-390673;R-HSA-420243;R-HSA-390674;R-HSA-444191;R-HSA-420123;R-HSA-374298;R-HSA-381612;R-HSA-163625;R-HSA-444202;R-HSA-9611839;R-HSA-391211;R-HSA-9667619;R-HSA-6805205;R-HSA-444606;R-HSA-444731;R-HSA-392263;R-HSA-391375;R-HSA-9609310;R-HSA-9690439;R-HSA-373075;R-HSA-9611851;R-HSA-373086;R-HSA-3296233;R-HSA-375384;R-HSA-9611852;R-HSA-418904;R-HSA-9667569;R-HSA-444773;R-HSA-419426;R-HSA-444654;R-HSA-418925;R-HSA-201708;R-HSA-388981;R-HSA-388596;R-HSA-444661;R-HSA-3296326;R-HSA-388605;R-HSA-9667563;R-HSA-388863;R-HSA-390649"
R-HSA-70171,"Glycolysis",9,112,0.007165706973768394,0.8043223213246284,0.8494797315565096,5,24,0.0016,9606,Homo sapiens,"17981;28499;32365;32354;16199;28498;2089;17759;17754","","R-HSA-70420;R-HSA-71496;R-HSA-8955794;R-HSA-71660;R-HSA-170796"
R-HSA-2197563,"NOTCH2 intracellular domain regulates transcription",1,16,0.0010236724248240564,0.8045732394415033,0.8494797315565096,9,9,6.0E-4,9606,Homo sapiens,"89963","","R-HSA-2976716;R-HSA-2127285;R-HSA-2197588;R-HSA-2976551;R-HSA-2976742;R-HSA-2976726;R-HSA-2197562;R-HSA-2197564;R-HSA-2976563"
R-HSA-209543,"p75NTR recruits signalling complexes",1,16,0.0010236724248240564,0.8045732394415033,0.8494797315565096,9,9,6.0E-4,9606,Homo sapiens,"18053","","R-HSA-193665;R-HSA-193686;R-HSA-193684;R-HSA-193656;R-HSA-193641;R-HSA-193694;R-HSA-209566;R-HSA-193695;R-HSA-193647"
R-HSA-3000484,"Scavenging by Class F Receptors",1,16,0.0010236724248240564,0.8045732394415033,0.8494797315565096,2,2,1.3333333333333334E-4,9606,Homo sapiens,"16113","","R-HSA-2247514;R-HSA-2197645"
R-HSA-5619094,"Variant SLC6A14 may confer susceptibility towards obesity",1,16,0.0010236724248240564,0.8045732394415033,0.8494797315565096,1,1,6.666666666666667E-5,9606,Homo sapiens,"16958","","R-HSA-5659674"
R-HSA-5358751,"CTNNB1 S45 mutants aren't phosphorylated",1,16,0.0010236724248240564,0.8045732394415033,0.8494797315565096,1,1,6.666666666666667E-5,9606,Homo sapiens,"12387","","R-HSA-4827388"
R-HSA-69109,"Leading Strand Synthesis",1,16,0.0010236724248240564,0.8045732394415033,0.8494797315565096,3,4,2.666666666666667E-4,9606,Homo sapiens,"176131","","R-HSA-69063;R-HSA-69053;R-HSA-69068"
R-HSA-69091,"Polymerase switching",1,16,0.0010236724248240564,0.8045732394415033,0.8494797315565096,3,4,2.666666666666667E-4,9606,Homo sapiens,"176131","","R-HSA-69063;R-HSA-69053;R-HSA-69068"
R-HSA-179812,"GRB2 events in EGFR signaling",1,16,0.0010236724248240564,0.8045732394415033,0.8494797315565096,2,3,2.0E-4,9606,Homo sapiens,"17254","","R-HSA-177938;R-HSA-177943"
R-HSA-2691230,"Signaling by NOTCH1 HD Domain Mutants in Cancer",1,16,0.0010236724248240564,0.8045732394415033,0.8494797315565096,3,6,4.0E-4,9606,Homo sapiens,"16450","","R-HSA-2691214;R-HSA-2730752;R-HSA-2737728"
R-HSA-2691232,"Constitutive Signaling by NOTCH1 HD Domain Mutants",1,16,0.0010236724248240564,0.8045732394415033,0.8494797315565096,3,6,4.0E-4,9606,Homo sapiens,"16450","","R-HSA-2691214;R-HSA-2730752;R-HSA-2737728"
R-HSA-418890,"Role of second messengers in netrin-1 signaling",1,16,0.0010236724248240564,0.8045732394415033,0.8494797315565096,2,4,2.666666666666667E-4,9606,Homo sapiens,"3347","","R-HSA-593690;R-HSA-622382"
R-HSA-177128,"Conjugation of salicylate with glycine",1,16,0.0010236724248240564,0.8045732394415033,0.8494797315565096,1,2,1.3333333333333334E-4,9606,Homo sapiens,"9008","","R-HSA-159574"
R-HSA-351200,"Interconversion of polyamines",1,16,0.0010236724248240564,0.8045732394415033,0.8494797315565096,3,7,4.6666666666666666E-4,9606,Homo sapiens,"17927","","R-HSA-351201;R-HSA-141348;R-HSA-351208"
R-HSA-380615,"Serotonin clearance from the synaptic cleft",1,16,0.0010236724248240564,0.8045732394415033,0.8494797315565096,1,4,2.666666666666667E-4,9606,Homo sapiens,"27823","","R-HSA-380608"
R-HSA-4839743,"Signaling by CTNNB1 phospho-site mutants",1,16,0.0010236724248240564,0.8045732394415033,0.8494797315565096,1,4,2.666666666666667E-4,9606,Homo sapiens,"12387","","R-HSA-4827388"
R-HSA-9640463,"Wax biosynthesis",1,16,0.0010236724248240564,0.8045732394415033,0.8494797315565096,1,6,4.0E-4,9606,Homo sapiens,"17336","","R-HSA-8848585"
R-HSA-5687613,"Diseases associated with surfactant metabolism",1,16,0.0010236724248240564,0.8045732394415033,0.8494797315565096,1,7,4.6666666666666666E-4,9606,Homo sapiens,"27410","","R-HSA-5688397"
R-HSA-5661231,"Metallothioneins bind metals",1,16,0.0010236724248240564,0.8045732394415033,0.8494797315565096,3,27,0.0018,9606,Homo sapiens,"17750","","R-HSA-5661219;R-HSA-5661217;R-HSA-5661230"
R-HSA-73943,"Reversal of alkylation damage by DNA dioxygenases",1,16,0.0010236724248240564,0.8045732394415033,0.8494797315565096,1,13,8.666666666666666E-4,9606,Homo sapiens,"16335","","R-HSA-8857692"
R-HSA-110314,"Recognition of DNA damage by PCNA-containing replication complex",2,30,0.0019193857965451055,0.8098481943461601,0.8494797315565096,5,6,4.0E-4,9606,Homo sapiens,"176131;28230","","R-HSA-5652005;R-HSA-5655466;R-HSA-5651992;R-HSA-5655481;R-HSA-5652009"
R-HSA-75067,"Processing of Capped Intronless Pre-mRNA",2,30,0.0019193857965451055,0.8098481943461601,0.8494797315565096,8,10,6.666666666666666E-4,9606,Homo sapiens,"27781;32636","","R-HSA-77585;R-HSA-77586;R-HSA-77591;R-HSA-77590;R-HSA-77593;R-HSA-77592;R-HSA-111437;R-HSA-111438"
R-HSA-418592,"ADP signalling through P2Y purinoceptor 1",2,30,0.0019193857965451055,0.8098481943461601,0.8494797315565096,4,7,4.6666666666666666E-4,9606,Homo sapiens,"90000;25858","","R-HSA-418581;R-HSA-418579;R-HSA-418576;R-HSA-428941"
R-HSA-9665686,"Signaling by ERBB2 TMD/JMD mutants",2,30,0.0019193857965451055,0.8098481943461601,0.8494797315565096,7,13,8.666666666666666E-4,9606,Homo sapiens,"104011;3347;18183","","R-HSA-9665699;R-HSA-9665697;R-HSA-9665701;R-HSA-9665700;R-HSA-9665705;R-HSA-9665704;R-HSA-9665709"
R-HSA-5621575,"CD209 (DC-SIGN) signaling",2,30,0.0019193857965451055,0.8098481943461601,0.8494797315565096,5,11,7.333333333333333E-4,9606,Homo sapiens,"16828;1387","","R-HSA-5660660;R-HSA-5624486;R-HSA-5624492;R-HSA-5624494;R-HSA-5660666"
R-HSA-70921,"Histidine catabolism",2,30,0.0019193857965451055,0.8098481943461601,0.8494797315565096,3,8,5.333333333333334E-4,9606,Homo sapiens,"30817;29009","","R-HSA-70899;R-HSA-70903;R-HSA-175993"
R-HSA-181430,"Norepinephrine Neurotransmitter Release Cycle",2,30,0.0019193857965451055,0.8098481943461601,0.8494797315565096,2,6,4.0E-4,9606,Homo sapiens,"8499;189724","","R-HSA-374899;R-HSA-374922"
R-HSA-437239,"Recycling pathway of L1",4,55,0.0035188739603326936,0.8108542430648982,0.8494797315565096,14,14,9.333333333333333E-4,9606,Homo sapiens,"16330;15882;6456;17409","","R-HSA-443783;R-HSA-443779;R-HSA-445089;R-HSA-392749;R-HSA-445071;R-HSA-392748;R-HSA-373736;R-HSA-374696;R-HSA-374677;R-HSA-555065;R-HSA-445079;R-HSA-445077;R-HSA-445084;R-HSA-374680"
R-HSA-2022090,"Assembly of collagen fibrils and other multimeric structures",5,67,0.004286628278950736,0.8118054799576866,0.8494797315565096,17,26,0.0017333333333333333,9606,Homo sapiens,"15783;88458;15765;16335;15768","","R-HSA-2395302;R-HSA-2395340;R-HSA-2213192;R-HSA-1474266;R-HSA-2396234;R-HSA-2213201;R-HSA-2395223;R-HSA-2243926;R-HSA-2213205;R-HSA-2395314;R-HSA-2395324;R-HSA-2243931;R-HSA-2213210;R-HSA-2002466;R-HSA-2395257;R-HSA-2395322;R-HSA-2250301"
R-HSA-186712,"Regulation of beta-cell development",5,67,0.004286628278950736,0.8118054799576866,0.8494797315565096,10,26,0.0017333333333333333,9606,Homo sapiens,"17750;1387;16540;16634;89963","","R-HSA-1980047;R-HSA-211346;R-HSA-210769;R-HSA-211350;R-HSA-210773;R-HSA-211301;R-HSA-211289;R-HSA-210920;R-HSA-211272;R-HSA-210780"
R-HSA-8853659,"RET signaling",3,43,0.0027511196417146513,0.8134953065340136,0.8494797315565096,21,24,0.0016,9606,Homo sapiens,"28320;2668;2676","","R-HSA-8853734;R-HSA-8854981;R-HSA-8855747;R-HSA-8853762;R-HSA-8853793;R-HSA-8855617;R-HSA-8853792;R-HSA-8853774;R-HSA-8855564;R-HSA-8855915;R-HSA-8853737;R-HSA-8853800;R-HSA-8855508;R-HSA-8854899;R-HSA-8854897;R-HSA-8853745;R-HSA-8853789;R-HSA-8854908;R-HSA-8853755;R-HSA-8853753;R-HSA-8854905"
R-HSA-749476,"RNA Polymerase III Abortive And Retractive Initiation",3,43,0.0027511196417146513,0.8134953065340136,0.8494797315565096,10,13,8.666666666666666E-4,9606,Homo sapiens,"88738;4784;174255","","R-HSA-112149;R-HSA-112055;R-HSA-112150;R-HSA-112054;R-HSA-112153;R-HSA-112152;R-HSA-112155;R-HSA-76060;R-HSA-112156;R-HSA-113454"
R-HSA-74158,"RNA Polymerase III Transcription",3,43,0.0027511196417146513,0.8134953065340136,0.8494797315565096,19,25,0.0016666666666666668,9606,Homo sapiens,"88738;4784;174255","","R-HSA-83723;R-HSA-83788;R-HSA-83791;R-HSA-83790;R-HSA-113454;R-HSA-83793;R-HSA-112149;R-HSA-112055;R-HSA-112150;R-HSA-76054;R-HSA-112054;R-HSA-112153;R-HSA-76056;R-HSA-112152;R-HSA-112155;R-HSA-83803;R-HSA-83805;R-HSA-76060;R-HSA-112156"
R-HSA-140877,"Formation of Fibrin Clot (Clotting Cascade)",3,43,0.0027511196417146513,0.8134953065340136,0.8494797315565096,13,61,0.004066666666666666,9606,Homo sapiens,"16015;16040;15714","","R-HSA-140736;R-HSA-140769;R-HSA-158118;R-HSA-140842;R-HSA-140840;R-HSA-140777;R-HSA-140783;R-HSA-140748;R-HSA-140851;R-HSA-140823;R-HSA-140599;R-HSA-140825;R-HSA-158137"
R-HSA-9013106,"RHOC GTPase cycle",6,79,0.005054382597568778,0.8145955932150144,0.8494797315565096,3,6,4.0E-4,9606,Homo sapiens,"16283;26078;15365;15864;28716;32425","","R-HSA-9013109;R-HSA-9013111;R-HSA-9013110"
R-HSA-189445,"Metabolism of porphyrins",6,79,0.005054382597568778,0.8145955932150144,0.8494797315565096,7,42,0.0028,9606,Homo sapiens,"15793;16474;36378;15699;15698;26756","","R-HSA-189488;R-HSA-189425;R-HSA-190182;R-HSA-9661710;R-HSA-9661726;R-HSA-189421;R-HSA-9661820"
R-HSA-174824,"Plasma lipoprotein assembly, remodeling, and clearance",8,102,0.006525911708253359,0.8147396583564139,0.8494797315565096,61,86,0.005733333333333333,9606,Homo sapiens,"16891;17351;16113;18145;16359;16347;15940;16814;16889","","R-HSA-8933258;R-HSA-8865667;R-HSA-6784738;R-HSA-264834;R-HSA-171141;R-HSA-8866304;R-HSA-8858252;R-HSA-8980228;R-HSA-8854408;R-HSA-216723;R-HSA-8866327;R-HSA-174739;R-HSA-264848;R-HSA-216727;R-HSA-8866321;R-HSA-174741;R-HSA-8876696;R-HSA-174624;R-HSA-8933292;R-HSA-174757;R-HSA-171059;R-HSA-216757;R-HSA-216756;R-HSA-6784735;R-HSA-6784734;R-HSA-8854462;R-HSA-266303;R-HSA-6784729;R-HSA-8876472;R-HSA-266299;R-HSA-349637;R-HSA-8876485;R-HSA-266310;R-HSA-174657;R-HSA-8876484;R-HSA-349638;R-HSA-174660;R-HSA-8876366;R-HSA-171087;R-HSA-266315;R-HSA-349404;R-HSA-174808;R-HSA-266328;R-HSA-349657;R-HSA-171106;R-HSA-174690;R-HSA-5682103;R-HSA-264678;R-HSA-5682101;R-HSA-266082;R-HSA-266350;R-HSA-8937442;R-HSA-176879;R-HSA-266089;R-HSA-174706;R-HSA-171122;R-HSA-5682084;R-HSA-264695;R-HSA-264689;R-HSA-174587;R-HSA-6813720"
R-HSA-9707564,"Cytoprotection by HMOX1",7,91,0.00582213691618682,0.818379778014106,0.8494797315565096,3,22,0.0014666666666666667,9606,Homo sapiens,"17992;28364;27432;17351;1387;17710;27637","","R-HSA-400143;R-HSA-9709406;R-HSA-163214"
R-HSA-9634597,"GPER1 signaling",4,56,0.003582853486884197,0.8215916116327642,0.8494797315565096,6,10,6.666666666666666E-4,9606,Homo sapiens,"25858;113;88528;88522","","R-HSA-163617;R-HSA-392129;R-HSA-9036301;R-HSA-9036307;R-HSA-9624014;R-HSA-9036308"
R-HSA-9031628,"NGF-stimulated transcription",4,56,0.003582853486884197,0.8215916116327642,0.8494797315565096,13,37,0.0024666666666666665,9606,Homo sapiens,"15882;15918;17261;15901","","R-HSA-9031624;R-HSA-9612534;R-HSA-9613460;R-HSA-9613210;R-HSA-9031616;R-HSA-9619838;R-HSA-9613213;R-HSA-9612483;R-HSA-9613219;R-HSA-9031610;R-HSA-9613476;R-HSA-9612073;R-HSA-9612493"
R-HSA-170660,"Adenylate cyclase activating pathway",1,17,0.0010876519513755597,0.8235399431747745,0.8494797315565096,4,4,2.666666666666667E-4,9606,Homo sapiens,"113","","R-HSA-170672;R-HSA-170676;R-HSA-170677;R-HSA-170685"
R-HSA-9818030,"NFE2L2 regulating tumorigenic genes",1,17,0.0010876519513755597,0.8235399431747745,0.8494797315565096,11,12,8.0E-4,9606,Homo sapiens,"1387","","R-HSA-9796069;R-HSA-9796084;R-HSA-9796071;R-HSA-9796055;R-HSA-9796064;R-HSA-9796051;R-HSA-9796082;R-HSA-9796044;R-HSA-9796057;R-HSA-9796043;R-HSA-9796059"
R-HSA-190373,"FGFR1c ligand binding and activation",1,17,0.0010876519513755597,0.8235399431747745,0.8494797315565096,2,3,2.0E-4,9606,Homo sapiens,"16284","","R-HSA-190256;R-HSA-5654515"
R-HSA-170968,"Frs2-mediated activation",1,17,0.0010876519513755597,0.8235399431747745,0.8494797315565096,5,13,8.666666666666666E-4,9606,Homo sapiens,"16581","","R-HSA-170978;R-HSA-170979;R-HSA-170977;R-HSA-170964;R-HSA-170975"
R-HSA-1482883,"Acyl chain remodeling of DAG and TAG",1,17,0.0010876519513755597,0.8235399431747745,0.8494797315565096,3,8,5.333333333333334E-4,9606,Homo sapiens,"17754","","R-HSA-1482647;R-HSA-1482654;R-HSA-1482543"
R-HSA-6788467,"IL-6-type cytokine receptor ligand interactions",1,17,0.0010876519513755597,0.8235399431747745,0.8494797315565096,4,14,9.333333333333333E-4,9606,Homo sapiens,"16440","","R-HSA-6783670;R-HSA-6783556;R-HSA-5696490;R-HSA-6783530"
R-HSA-5676594,"TNF receptor superfamily (TNFSF) members mediating non-canonical NF-kB pathway",1,17,0.0010876519513755597,0.8235399431747745,0.8494797315565096,3,12,8.0E-4,9606,Homo sapiens,"15633","","R-HSA-5676595;R-HSA-5676592;R-HSA-5676589"
R-HSA-9796292,"Formation of axial mesoderm",1,17,0.0010876519513755597,0.8235399431747745,0.8494797315565096,1,4,2.666666666666667E-4,9606,Homo sapiens,"12387","","R-HSA-9796300"
R-HSA-8949664,"Processing of SMDT1",1,17,0.0010876519513755597,0.8235399431747745,0.8494797315565096,1,5,3.333333333333333E-4,9606,Homo sapiens,"31463","","R-HSA-8953461"
R-HSA-162658,"Golgi Cisternae Pericentriolar Stack Reorganization",1,17,0.0010876519513755597,0.8235399431747745,0.8494797315565096,1,6,4.0E-4,9606,Homo sapiens,"76308","","R-HSA-2172183"
R-HSA-9029558,"NR1H2 & NR1H3 regulate gene expression linked to lipogenesis",1,17,0.0010876519513755597,0.8235399431747745,0.8494797315565096,1,8,5.333333333333334E-4,9606,Homo sapiens,"28871","","R-HSA-9605063"
R-HSA-5685939,"HDR through MMEJ (alt-NHEJ)",1,17,0.0010876519513755597,0.8235399431747745,0.8494797315565096,1,8,5.333333333333334E-4,9606,Homo sapiens,"17154","","R-HSA-5687653"
R-HSA-9683610,"Maturation of nucleoprotein",1,17,0.0010876519513755597,0.8235399431747745,0.8494797315565096,1,9,6.0E-4,9606,Homo sapiens,"17154","","R-HSA-9686061"
R-HSA-381033,"ATF6 (ATF6-alpha) activates chaperones",1,17,0.0010876519513755597,0.8235399431747745,0.8494797315565096,1,10,6.666666666666666E-4,9606,Homo sapiens,"2904","","R-HSA-1791163"
R-HSA-198725,"Nuclear Events (kinase and transcription factor activation)",6,80,0.005118362124120281,0.823568539206313,0.8494797315565096,15,48,0.0032,9606,Homo sapiens,"17164;15882;15918;17261;15901;4208","","R-HSA-9031624;R-HSA-9612534;R-HSA-9613460;R-HSA-9613210;R-HSA-9031616;R-HSA-9619838;R-HSA-199917;R-HSA-9613213;R-HSA-9612483;R-HSA-9613219;R-HSA-9031610;R-HSA-9613476;R-HSA-199929;R-HSA-9612073;R-HSA-9612493"
R-HSA-3000157,"Laminin interactions",2,31,0.001983365323096609,0.823995061662852,0.8494797315565096,7,15,0.001,9606,Homo sapiens,"16410;16335","","R-HSA-216051;R-HSA-2426676;R-HSA-216048;R-HSA-3787997;R-HSA-2396083;R-HSA-3907292;R-HSA-349626"
R-HSA-9620244,"Long-term potentiation",2,31,0.001983365323096609,0.823995061662852,0.8494797315565096,3,7,4.6666666666666666E-4,9606,Homo sapiens,"17418;2904","","R-HSA-445367;R-HSA-9612085;R-HSA-9618750"
R-HSA-5218921,"VEGFR2 mediated cell proliferation",2,31,0.001983365323096609,0.823995061662852,0.8494797315565096,5,12,8.0E-4,9606,Homo sapiens,"16440;3347","","R-HSA-169683;R-HSA-169680;R-HSA-167686;R-HSA-4420202;R-HSA-4420121"
R-HSA-9839394,"TGFBR3 expression",2,31,0.001983365323096609,0.823995061662852,0.8494797315565096,3,8,5.333333333333334E-4,9606,Homo sapiens,"17927;31835;15367","","R-HSA-9860125;R-HSA-9839371;R-HSA-9860169"
R-HSA-9830364,"Formation of the nephric duct",2,31,0.001983365323096609,0.823995061662852,0.8494797315565096,5,19,0.0012666666666666666,9606,Homo sapiens,"15367;12387","","R-HSA-9761173;R-HSA-9830368;R-HSA-9830371;R-HSA-9830480;R-HSA-9761170"
R-HSA-3214842,"HDMs demethylate histones",2,31,0.001983365323096609,0.823995061662852,0.8494797315565096,4,17,0.0011333333333333334,9606,Homo sapiens,"30531;2676","","R-HSA-5661120;R-HSA-5661116;R-HSA-4754181;R-HSA-4724279"
R-HSA-3769402,"Deactivation of the beta-catenin transactivating complex",3,44,0.0028150991682661546,0.8253817294512695,0.8494797315565096,11,14,9.333333333333333E-4,9606,Homo sapiens,"2691;12387;16390","","R-HSA-3361751;R-HSA-5368580;R-HSA-3769391;R-HSA-3772430;R-HSA-3769393;R-HSA-3364042;R-HSA-3769392;R-HSA-3769394;R-HSA-5665608;R-HSA-3769383;R-HSA-5626938"
R-HSA-110331,"Cleavage of the damaged purine",3,44,0.0028150991682661546,0.8253817294512695,0.8494797315565096,3,9,6.0E-4,9606,Homo sapiens,"16708;17368;38635","","R-HSA-110246;R-HSA-110248;R-HSA-110251"
R-HSA-419037,"NCAM1 interactions",3,44,0.0028150991682661546,0.8253817294512695,0.8494797315565096,2,10,6.666666666666666E-4,9606,Homo sapiens,"2668;15783;88458","","R-HSA-375151;R-HSA-375144"
R-HSA-8856825,"Cargo recognition for clathrin-mediated endocytosis",9,115,0.007357645553422905,0.8273211314318449,0.8494797315565096,6,15,0.001,9606,Homo sapiens,"17113;27470;15344;16113;17285;6456;17254;15600;16347","","R-HSA-8866279;R-HSA-8866277;R-HSA-8863471;R-HSA-8866269;R-HSA-8866268;R-HSA-8866283"
R-HSA-5668541,"TNFR2 non-canonical NF-kB pathway",8,104,0.006653870761356366,0.8304075386588189,0.8494797315565096,16,44,0.0029333333333333334,9606,Homo sapiens,"33442;1883;15908;21949;176466;15633;28924","","R-HSA-5668534;R-HSA-5669012;R-HSA-5693012;R-HSA-5669013;R-HSA-5676595;R-HSA-5607731;R-HSA-5676592;R-HSA-5668414;R-HSA-5668454;R-HSA-5668481;R-HSA-5607725;R-HSA-8856189;R-HSA-5676589;R-HSA-5675656;R-HSA-5668520;R-HSA-5607723"
R-HSA-2428928,"IRS-related events triggered by IGF1R",5,69,0.004414587332053743,0.8309466476624101,0.8494797315565096,4,12,8.0E-4,9606,Homo sapiens,"16000;28320;17362;17385;16002;2869","","R-HSA-109699;R-HSA-2428930;R-HSA-2428926;R-HSA-2428922"
R-HSA-1660499,"Synthesis of PIPs at the plasma membrane",5,69,0.004414587332053743,0.8309466476624101,0.8494797315565096,8,33,0.0022,9606,Homo sapiens,"8776;32398;16870;15996;34306","","R-HSA-6809975;R-HSA-8871366;R-HSA-1676203;R-HSA-1675994;R-HSA-1675836;R-HSA-6809793;R-HSA-1675988;R-HSA-6809944"
R-HSA-975138,"TRAF6 mediated induction of NFkB and MAP kinases upon TLR7/8 or 9 activation",9,116,0.0074216250799744084,0.8345071642088794,0.8494797315565096,14,60,0.004,9606,Homo sapiens,"90000;32114;17164;53014;176466;16556;29073;4208;28924","","R-HSA-168166;R-HSA-9750226;R-HSA-450337;R-HSA-9750942;R-HSA-450346;R-HSA-5684250;R-HSA-199917;R-HSA-5684248;R-HSA-450292;R-HSA-450325;R-HSA-9750946;R-HSA-168184;R-HSA-199929;R-HSA-450333"
R-HSA-2046106,"alpha-linolenic acid (ALA) metabolism",3,45,0.0028790786948176585,0.8366138928386081,0.8494797315565096,5,15,0.001,9606,Homo sapiens,"27432;16474;15539","","R-HSA-2066781;R-HSA-2046090;R-HSA-2046088;R-HSA-2046085;R-HSA-2046100"
R-HSA-8963691,"Phenylalanine and tyrosine metabolism",3,45,0.0028790786948176585,0.8366138928386081,0.8494797315565096,4,12,8.0E-4,9606,Homo sapiens,"24813;16196;183911","","R-HSA-71155;R-HSA-517444;R-HSA-71173;R-HSA-71164"
R-HSA-73927,"Depurination",3,45,0.0028790786948176585,0.8366138928386081,0.8494797315565096,3,19,0.0012666666666666666,9606,Homo sapiens,"16708;17368;38635","","R-HSA-110246;R-HSA-110248;R-HSA-110251"
R-HSA-400042,"Adrenaline,noradrenaline inhibits insulin secretion",2,32,0.0020473448496481127,0.837188309057552,0.8494797315565096,5,6,4.0E-4,9606,Homo sapiens,"25858;88522","","R-HSA-400037;R-HSA-400097;R-HSA-400046;R-HSA-400063;R-HSA-400092"
R-HSA-110373,"Resolution of AP sites via the multiple-nucleotide patch replacement pathway",2,32,0.0020473448496481127,0.837188309057552,0.8494797315565096,7,19,0.0012666666666666666,9606,Homo sapiens,"176131;17154","","R-HSA-110368;R-HSA-110371;R-HSA-5651809;R-HSA-110363;R-HSA-5651805;R-HSA-110364;R-HSA-5651723"
R-HSA-9845614,"Sphingolipid catabolism",2,32,0.0020473448496481127,0.837188309057552,0.8494797315565096,2,10,6.666666666666666E-4,9606,Homo sapiens,"17553;15487","","R-HSA-5692261;R-HSA-428681"
R-HSA-2161522,"Abacavir ADME",2,32,0.0020473448496481127,0.837188309057552,0.8494797315565096,2,10,6.666666666666666E-4,9606,Homo sapiens,"17596;16335","","R-HSA-2162066;R-HSA-2161193"
R-HSA-1643713,"Signaling by EGFR in Cancer",2,32,0.0020473448496481127,0.837188309057552,0.8494797315565096,4,42,0.0028,9606,Homo sapiens,"3347;17254","","R-HSA-1247842;R-HSA-1247844;R-HSA-1225978;R-HSA-5637800"
R-HSA-186797,"Signaling by PDGF",5,70,0.004478566858605247,0.8399058620548243,0.8494797315565096,5,31,0.0020666666666666667,9606,Homo sapiens,"17973;3347;15783;88458;85253","","R-HSA-1524182;R-HSA-382054;R-HSA-382061;R-HSA-1524186;R-HSA-382058"
R-HSA-8847993,"ERBB2 Activates PTK6 Signaling",1,18,0.0011516314779270633,0.840666918122807,0.8494797315565096,2,2,1.3333333333333334E-4,9606,Homo sapiens,"104011;18183","","R-HSA-8848005;R-HSA-8847995"
R-HSA-5654227,"Phospholipase C-mediated cascade; FGFR3",1,18,0.0011516314779270633,0.840666918122807,0.8494797315565096,2,3,2.0E-4,9606,Homo sapiens,"3347","","R-HSA-5654148;R-HSA-5654222"
R-HSA-964739,"N-glycan trimming and elongation in the cis-Golgi",1,18,0.0011516314779270633,0.840666918122807,0.8494797315565096,3,5,3.333333333333333E-4,9606,Homo sapiens,"4208","","R-HSA-964830;R-HSA-964825;R-HSA-964737"
R-HSA-205043,"NRIF signals cell death from the nucleus",1,18,0.0011516314779270633,0.840666918122807,0.8494797315565096,4,7,4.6666666666666666E-4,9606,Homo sapiens,"18053","","R-HSA-204949;R-HSA-193669;R-HSA-205112;R-HSA-193677"
R-HSA-2160916,"Hyaluronan uptake and degradation",1,18,0.0011516314779270633,0.840666918122807,0.8494797315565096,3,10,6.666666666666666E-4,9606,Homo sapiens,"15366","","R-HSA-2160915;R-HSA-2160884;R-HSA-2160892"
R-HSA-77310,"Beta oxidation of lauroyl-CoA to decanoyl-CoA-CoA",1,18,0.0011516314779270633,0.840666918122807,0.8494797315565096,1,4,2.666666666666667E-4,9606,Homo sapiens,"28493","","R-HSA-77309"
R-HSA-77348,"Beta oxidation of octanoyl-CoA to hexanoyl-CoA",1,18,0.0011516314779270633,0.840666918122807,0.8494797315565096,1,4,2.666666666666667E-4,9606,Homo sapiens,"15533","","R-HSA-77338"
R-HSA-379401,"Dopamine clearance from the synaptic cleft",1,18,0.0011516314779270633,0.840666918122807,0.8494797315565096,2,9,6.0E-4,9606,Homo sapiens,"545959","","R-HSA-379395;R-HSA-379464"
R-HSA-1170546,"Prolactin receptor signaling",1,18,0.0011516314779270633,0.840666918122807,0.8494797315565096,3,14,9.333333333333333E-4,9606,Homo sapiens,"176466","","R-HSA-1370500;R-HSA-976991;R-HSA-1170539"
R-HSA-6803211,"TP53 Regulates Transcription of Death Receptors and Ligands",1,18,0.0011516314779270633,0.840666918122807,0.8494797315565096,1,7,4.6666666666666666E-4,9606,Homo sapiens,"1879","","R-HSA-5633441"
R-HSA-5655291,"Signaling by FGFR4 in disease",1,18,0.0011516314779270633,0.840666918122807,0.8494797315565096,2,15,0.001,9606,Homo sapiens,"3347","","R-HSA-5655341;R-HSA-5655336"
R-HSA-2032785,"YAP1- and WWTR1 (TAZ)-stimulated gene expression",1,18,0.0011516314779270633,0.840666918122807,0.8494797315565096,1,9,6.0E-4,9606,Homo sapiens,"16104","","R-HSA-2032800"
R-HSA-391160,"Signal regulatory protein family interactions",1,18,0.0011516314779270633,0.840666918122807,0.8494797315565096,1,10,6.666666666666666E-4,9606,Homo sapiens,"19229","","R-HSA-391152"
R-HSA-975155,"MyD88 dependent cascade initiated on endosome",9,117,0.007485604606525912,0.8414585532285477,0.8494797315565096,14,75,0.005,9606,Homo sapiens,"90000;32114;17164;53014;176466;16556;29073;4208;28924","","R-HSA-168166;R-HSA-9750226;R-HSA-450337;R-HSA-9750942;R-HSA-450346;R-HSA-5684250;R-HSA-199917;R-HSA-5684248;R-HSA-450292;R-HSA-450325;R-HSA-9750946;R-HSA-168184;R-HSA-199929;R-HSA-450333"
R-HSA-168164,"Toll Like Receptor 3 (TLR3) Cascade",9,117,0.007485604606525912,0.8414585532285477,0.8494797315565096,14,79,0.005266666666666667,9606,Homo sapiens,"90000;32114;17164;53014;176466;16556;29073;4208;28924","","R-HSA-168166;R-HSA-9750226;R-HSA-450337;R-HSA-9750942;R-HSA-450346;R-HSA-5684250;R-HSA-199917;R-HSA-5684248;R-HSA-450292;R-HSA-450325;R-HSA-9750946;R-HSA-168184;R-HSA-199929;R-HSA-450333"
R-HSA-209776,"Metabolism of amine-derived hormones",4,58,0.0037108125399872042,0.8415557404415452,0.8494797315565096,10,21,0.0014,9606,Homo sapiens,"17697;16796;16474;18332","","R-HSA-350901;R-HSA-350869;R-HSA-209921;R-HSA-209792;R-HSA-209840;R-HSA-209973;R-HSA-5693681;R-HSA-209960;R-HSA-209821;R-HSA-209772"
R-HSA-5218920,"VEGFR2 mediated vascular permeability",3,46,0.002943058221369162,0.8472170195890916,0.8494797315565096,2,15,0.001,9606,Homo sapiens,"16283;87986;12387","","R-HSA-198640;R-HSA-5357477"
R-HSA-201556,"Signaling by ALK",3,46,0.002943058221369162,0.8472170195890916,0.8494797315565096,3,42,0.0028,9606,Homo sapiens,"3347;15366;3561","","R-HSA-9701556;R-HSA-9701565;R-HSA-9700171"
R-HSA-418346,"Platelet homeostasis",9,118,0.007549584133077415,0.848178953333738,0.8494797315565096,14,31,0.0020666666666666667,9606,Homo sapiens,"90000;16440;68434;25858;18125;15366;16113;68329;88750","","R-HSA-418436;R-HSA-392870;R-HSA-432129;R-HSA-392143;R-HSA-435244;R-HSA-8948034;R-HSA-139854;R-HSA-392874;R-HSA-392852;R-HSA-8869206;R-HSA-432148;R-HSA-392152;R-HSA-418456;R-HSA-432121"
R-HSA-445095,"Interaction between L1 and Ankyrins",2,33,0.002111324376199616,0.8494797315565096,0.8494797315565096,4,4,2.666666666666667E-4,9606,Homo sapiens,"16330;17409","","R-HSA-445076;R-HSA-374675;R-HSA-392751;R-HSA-373739"
R-HSA-901032,"ER Quality Control Compartment (ERQC)",2,33,0.002111324376199616,0.8494797315565096,0.8494797315565096,6,9,6.0E-4,9606,Homo sapiens,"25863;4208","","R-HSA-901036;R-HSA-901039;R-HSA-6782685;R-HSA-901024;R-HSA-8867288;R-HSA-901074"
R-HSA-1483213,"Synthesis of PE",2,33,0.002111324376199616,0.8494797315565096,0.8494797315565096,4,9,6.0E-4,9606,Homo sapiens,"16000;17553","","R-HSA-1483190;R-HSA-1483222;R-HSA-5696415;R-HSA-1483096"
R-HSA-75109,"Triglyceride biosynthesis",2,33,0.002111324376199616,0.8494797315565096,0.8494797315565096,2,7,4.6666666666666666E-4,9606,Homo sapiens,"2710;17754","","R-HSA-5696119;R-HSA-75887"
R-HSA-8866652,"Synthesis of active ubiquitin: roles of E1 and E2 enzymes",2,33,0.002111324376199616,0.8494797315565096,0.8494797315565096,3,16,0.0010666666666666667,9606,Homo sapiens,"37035;17261","","R-HSA-8852130;R-HSA-8852129;R-HSA-8852127"
R-HSA-193807,"Synthesis of bile acids and bile salts via 27-hydroxycholesterol",2,33,0.002111324376199616,0.8494797315565096,0.8494797315565096,2,12,8.0E-4,9606,Homo sapiens,"16113;28834","","R-HSA-191972;R-HSA-192123"
R-HSA-9006115,"Signaling by NTRK2 (TRKB)",2,33,0.002111324376199616,0.8494797315565096,0.8494797315565096,4,38,0.002533333333333333,9606,Homo sapiens,"3347;2904","","R-HSA-9032601;R-HSA-9026894;R-HSA-9026579;R-HSA-9032582"
R-HSA-9864848,"Complex IV assembly",4,59,0.0037747920665387076,0.8508127165110225,0.8508127165110225,3,9,6.0E-4,9606,Homo sapiens,"17992;36002;17710;27637","","R-HSA-9902096;R-HSA-9865630;R-HSA-9865663"
R-HSA-2514856,"The phototransduction cascade",4,59,0.0037747920665387076,0.8508127165110225,0.8508127165110225,7,27,0.0018,9606,Homo sapiens,"16168;16628;17898;18107","","R-HSA-74065;R-HSA-2534087;R-HSA-2584246;R-HSA-2632521;R-HSA-2581474;R-HSA-74059;R-HSA-3229213"
R-HSA-6807878,"COPI-mediated anterograde transport",8,107,0.006845809341010876,0.8519435866451924,0.8519435866451924,12,12,8.0E-4,9606,Homo sapiens,"17750;31882;27607;27592;15761;27551;27596;76308;26756","","R-HSA-6809015;R-HSA-6809014;R-HSA-6807877;R-HSA-6807875;R-HSA-6809011;R-HSA-6809010;R-HSA-6807872;R-HSA-6809006;R-HSA-6807868;R-HSA-6809003;R-HSA-6807866;R-HSA-6807864"
R-HSA-6811434,"COPI-dependent Golgi-to-ER retrograde traffic",8,107,0.006845809341010876,0.8519435866451924,0.8519435866451924,11,11,7.333333333333333E-4,9606,Homo sapiens,"31882;27607;27592;16552;27596;16551;72772;76308","","R-HSA-6811415;R-HSA-6811414;R-HSA-6811412;R-HSA-6811427;R-HSA-6811411;R-HSA-6811426;R-HSA-6811425;R-HSA-6811423;R-HSA-6811422;R-HSA-6811418;R-HSA-6811417"
R-HSA-1296071,"Potassium Channels",8,107,0.006845809341010876,0.8519435866451924,0.8519435866451924,7,20,0.0013333333333333333,9606,Homo sapiens,"2955;25858;16285;16521;16525;16513;16534;50599","","R-HSA-1296035;R-HSA-1013020;R-HSA-1013013;R-HSA-1013012;R-HSA-1299304;R-HSA-1296127;R-HSA-1296045"
R-HSA-163685,"Integration of energy metabolism",12,153,0.009788867562380038,0.8533591131805367,0.8533591131805367,24,73,0.004866666666666667,9606,Homo sapiens,"17750;16440;25858;2668;68465;16196;113;32980;15355;30805;88522;42504","","R-HSA-400037;R-HSA-163617;R-HSA-400097;R-HSA-400046;R-HSA-381644;R-HSA-381612;R-HSA-265166;R-HSA-400012;R-HSA-163625;R-HSA-9728664;R-HSA-381706;R-HSA-8848663;R-HSA-169683;R-HSA-400023;R-HSA-169680;R-HSA-825631;R-HSA-416530;R-HSA-400434;R-HSA-422320;R-HSA-399998;R-HSA-400063;R-HSA-400092;R-HSA-164377;R-HSA-399995"
R-HSA-180336,"SHC1 events in EGFR signaling",1,19,0.001215611004478567,0.8561325128809186,0.8561325128809186,4,4,2.666666666666667E-4,9606,Homo sapiens,"17254","","R-HSA-177936;R-HSA-177925;R-HSA-177945;R-HSA-177933"
R-HSA-9857492,"Protein lipoylation",1,19,0.001215611004478567,0.8561325128809186,0.8561325128809186,4,4,2.666666666666667E-4,9606,Homo sapiens,"16112","","R-HSA-6793591;R-HSA-6793590;R-HSA-9858752;R-HSA-6792572"
R-HSA-8964315,"G beta:gamma signalling through BTK",1,19,0.001215611004478567,0.8561325128809186,0.8561325128809186,3,3,2.0E-4,9606,Homo sapiens,"25858","","R-HSA-8964317;R-HSA-8964271;R-HSA-8964241"
R-HSA-193639,"p75NTR signals via NF-kB",1,19,0.001215611004478567,0.8561325128809186,0.8561325128809186,11,13,8.666666666666666E-4,9606,Homo sapiens,"18053","","R-HSA-193665;R-HSA-193686;R-HSA-193703;R-HSA-193684;R-HSA-193656;R-HSA-193641;R-HSA-193705;R-HSA-193694;R-HSA-209566;R-HSA-193695;R-HSA-193647"
R-HSA-110312,"Translesion synthesis by REV1",1,19,0.001215611004478567,0.8561325128809186,0.8561325128809186,4,5,3.333333333333333E-4,9606,Homo sapiens,"176131","","R-HSA-5652151;R-HSA-110307;R-HSA-110308;R-HSA-110311"
R-HSA-5654228,"Phospholipase C-mediated cascade; FGFR4",1,19,0.001215611004478567,0.8561325128809186,0.8561325128809186,2,3,2.0E-4,9606,Homo sapiens,"3347","","R-HSA-5654151;R-HSA-5654169"
R-HSA-418885,"DCC mediated attractive signaling",1,19,0.001215611004478567,0.8561325128809186,0.8561325128809186,6,12,8.0E-4,9606,Homo sapiens,"17973","","R-HSA-373716;R-HSA-418850;R-HSA-418865;R-HSA-418874;R-HSA-418858;R-HSA-418856"
R-HSA-399954,"Sema3A PAK dependent Axon repulsion",1,19,0.001215611004478567,0.8561325128809186,0.8561325128809186,3,6,4.0E-4,9606,Homo sapiens,"20912","","R-HSA-399939;R-HSA-399952;R-HSA-399930"
R-HSA-111447,"Activation of BAD and translocation to mitochondria ",1,19,0.001215611004478567,0.8561325128809186,0.8561325128809186,2,5,3.333333333333333E-4,9606,Homo sapiens,"95120","","R-HSA-139906;R-HSA-139899"
R-HSA-8875360,"InlB-mediated entry of Listeria monocytogenes into host cell",1,19,0.001215611004478567,0.8561325128809186,0.8561325128809186,2,8,5.333333333333334E-4,9606,Homo sapiens,"6456","","R-HSA-8876262;R-HSA-8876255"
R-HSA-196299,"Beta-catenin phosphorylation cascade",1,19,0.001215611004478567,0.8561325128809186,0.8561325128809186,1,4,2.666666666666667E-4,9606,Homo sapiens,"12387","","R-HSA-195318"
R-HSA-8849175,"Threonine catabolism",1,19,0.001215611004478567,0.8561325128809186,0.8561325128809186,1,4,2.666666666666667E-4,9606,Homo sapiens,"30831","","R-HSA-9014641"
R-HSA-1502540,"Signaling by Activin",1,19,0.001215611004478567,0.8561325128809186,0.8561325128809186,2,10,6.666666666666666E-4,9606,Homo sapiens,"16322","","R-HSA-1181153;R-HSA-2470483"
R-HSA-9755779,"SARS-CoV-2 targets host intracellular signalling and regulatory pathways",1,19,0.001215611004478567,0.8561325128809186,0.8561325128809186,1,5,3.333333333333333E-4,9606,Homo sapiens,"95120","","R-HSA-9729500"
R-HSA-171007,"p38MAPK events",1,19,0.001215611004478567,0.8561325128809186,0.8561325128809186,1,5,3.333333333333333E-4,9606,Homo sapiens,"90000","","R-HSA-171011"
R-HSA-9735871,"SARS-CoV-1 targets host intracellular signalling and regulatory pathways",1,19,0.001215611004478567,0.8561325128809186,0.8561325128809186,1,7,4.6666666666666666E-4,9606,Homo sapiens,"95120","","R-HSA-9727919"
R-HSA-416700,"Other semaphorin interactions",1,19,0.001215611004478567,0.8561325128809186,0.8561325128809186,1,9,6.0E-4,9606,Homo sapiens,"17200","","R-HSA-416698"
R-HSA-446353,"Cell-extracellular matrix interactions",1,19,0.001215611004478567,0.8561325128809186,0.8561325128809186,1,10,6.666666666666666E-4,9606,Homo sapiens,"17409","","R-HSA-430347"
R-HSA-8941413,"Events associated with phagocytolytic activity of PMN cells",1,19,0.001215611004478567,0.8561325128809186,0.8561325128809186,1,14,9.333333333333333E-4,9606,Homo sapiens,"28009","","R-HSA-6789208"
R-HSA-73942,"DNA Damage Reversal",1,19,0.001215611004478567,0.8561325128809186,0.8561325128809186,1,16,0.0010666666666666667,9606,Homo sapiens,"16335","","R-HSA-8857692"
R-HSA-2428924,"IGF1R signaling cascade",5,72,0.004606525911708253,0.856652986514972,0.856652986514972,7,17,0.0011333333333333334,9606,Homo sapiens,"16000;28320;17362;17385;16002;2869","","R-HSA-109699;R-HSA-2404193;R-HSA-2404195;R-HSA-2428930;R-HSA-2428926;R-HSA-5686072;R-HSA-2428922"
R-HSA-70268,"Pyruvate metabolism",7,96,0.006142034548944338,0.8568774696284376,0.8568774696284376,7,31,0.0020666666666666667,9606,Homo sapiens,"16828;2710;422;16345;16344;17154;183911;16856","","R-HSA-9011595;R-HSA-6807826;R-HSA-71849;R-HSA-9861626;R-HSA-9861563;R-HSA-9863531;R-HSA-70510"
R-HSA-9843743,"Transcriptional regulation of brown and beige adipocyte differentiation",3,47,0.0030070377479206652,0.857216602465412,0.857216602465412,6,14,9.333333333333333E-4,9606,Homo sapiens,"16285;34496;34154","","R-HSA-9844822;R-HSA-9844549;R-HSA-9844415;R-HSA-9844600;R-HSA-9844536;R-HSA-9844440"
R-HSA-9844594,"Transcriptional regulation of brown and beige adipocyte differentiation by EBF2",3,47,0.0030070377479206652,0.857216602465412,0.857216602465412,6,14,9.333333333333333E-4,9606,Homo sapiens,"16285;34496;34154","","R-HSA-9844822;R-HSA-9844549;R-HSA-9844415;R-HSA-9844600;R-HSA-9844536;R-HSA-9844440"
R-HSA-9619483,"Activation of AMPK downstream of NMDARs",2,34,0.0021753039027511195,0.860920051492341,0.860920051492341,3,3,2.0E-4,9606,Homo sapiens,"1547;3387","","R-HSA-9619478;R-HSA-9619542;R-HSA-9619515"
R-HSA-5205685,"PINK1-PRKN Mediated Mitophagy",2,34,0.0021753039027511195,0.860920051492341,0.860920051492341,3,16,0.0010666666666666667,9606,Homo sapiens,"84557;37035","","R-HSA-9834070;R-HSA-5205663;R-HSA-5205649"
R-HSA-380994,"ATF4 activates genes in response to endoplasmic reticulum  stress",2,34,0.0021753039027511195,0.860920051492341,0.860920051492341,1,7,4.6666666666666666E-4,9606,Homo sapiens,"28661;174634","","R-HSA-517731"
R-HSA-5620971,"Pyroptosis",2,34,0.0021753039027511195,0.860920051492341,0.860920051492341,1,23,0.0015333333333333334,9606,Homo sapiens,"16176;16175","","R-HSA-449058"
R-HSA-166520,"Signaling by NTRKs",13,166,0.010620601407549585,0.862725934431033,0.862725934431033,58,164,0.010933333333333333,9606,Homo sapiens,"90000;16581;3347;17164;15882;6456;15918;17261;16335;2904;15901;4208","","R-HSA-171011;R-HSA-167683;R-HSA-9613460;R-HSA-167684;R-HSA-9613210;R-HSA-166538;R-HSA-166542;R-HSA-9613213;R-HSA-9032582;R-HSA-187661;R-HSA-9032601;R-HSA-166544;R-HSA-167056;R-HSA-198295;R-HSA-9026579;R-HSA-187678;R-HSA-169891;R-HSA-169895;R-HSA-9612980;R-HSA-198315;R-HSA-169901;R-HSA-187698;R-HSA-9613219;R-HSA-169904;R-HSA-9031610;R-HSA-167217;R-HSA-187697;R-HSA-169905;R-HSA-9613476;R-HSA-9034814;R-HSA-9612073;R-HSA-198211;R-HSA-9031624;R-HSA-177479;R-HSA-9026894;R-HSA-9031616;R-HSA-9613023;R-HSA-198732;R-HSA-9612483;R-HSA-177491;R-HSA-9612996;R-HSA-170964;R-HSA-170975;R-HSA-9612493;R-HSA-177501;R-HSA-170978;R-HSA-187746;R-HSA-170979;R-HSA-170977;R-HSA-9612534;R-HSA-167019;R-HSA-9619838;R-HSA-199917;R-HSA-9034855;R-HSA-190065;R-HSA-167674;R-HSA-198266;R-HSA-199929"
R-HSA-420499,"Class C/3 (Metabotropic glutamate/pheromone receptors)",7,97,0.0062060140754958415,0.8637219434142466,0.8637219434142466,3,8,5.333333333333334E-4,9606,Homo sapiens,"17992;32111;15854;88700;17814;27732;17306","","R-HSA-373075;R-HSA-444606;R-HSA-3296233"
R-HSA-2404192,"Signaling by Type 1 Insulin-like Growth Factor 1 Receptor (IGF1R)",5,73,0.004670505438259757,0.8644625695623374,0.8644625695623374,9,19,0.0012666666666666666,9606,Homo sapiens,"16000;28320;17362;17385;16002;2869","","R-HSA-109699;R-HSA-2404199;R-HSA-2404193;R-HSA-2404195;R-HSA-2428930;R-HSA-2428926;R-HSA-2404200;R-HSA-5686072;R-HSA-2428922"
R-HSA-112040,"G-protein mediated events",5,73,0.004670505438259757,0.8644625695623374,0.8644625695623374,17,41,0.0027333333333333333,9606,Homo sapiens,"16440;113;32980;88522;68329","","R-HSA-112037;R-HSA-111879;R-HSA-170666;R-HSA-392206;R-HSA-170671;R-HSA-170674;R-HSA-169683;R-HSA-169680;R-HSA-170672;R-HSA-111955;R-HSA-111956;R-HSA-170676;R-HSA-170677;R-HSA-111930;R-HSA-170686;R-HSA-111870;R-HSA-170685"
R-HSA-5625886,"Activated PKN1 stimulates transcription of AR (androgen receptor) regulated genes KLK2 and KLK3",3,48,0.003071017274472169,0.8666382113353938,0.8666382113353938,11,11,7.333333333333333E-4,9606,Homo sapiens,"16330;16422;17347","","R-HSA-5625717;R-HSA-5625797;R-HSA-5625796;R-HSA-5625745;R-HSA-5625870;R-HSA-5625774;R-HSA-5625849;R-HSA-5625848;R-HSA-5625784;R-HSA-5625883;R-HSA-5625738"
R-HSA-3214841,"PKMTs methylate histone lysines",3,48,0.003071017274472169,0.8666382113353938,0.8666382113353938,4,22,0.0014666666666666667,9606,Homo sapiens,"2700;34496;2691","","R-HSA-5637686;R-HSA-8865237;R-HSA-5159245;R-HSA-5244692"
R-HSA-168181,"Toll Like Receptor 7/8 (TLR7/8) Cascade",9,121,0.007741522712731925,0.8669938482057584,0.8669938482057584,14,85,0.005666666666666667,9606,Homo sapiens,"90000;32114;17164;53014;176466;16556;29073;4208;28924","","R-HSA-168166;R-HSA-9750226;R-HSA-450337;R-HSA-9750942;R-HSA-450346;R-HSA-5684250;R-HSA-199917;R-HSA-5684248;R-HSA-450292;R-HSA-450325;R-HSA-9750946;R-HSA-168184;R-HSA-199929;R-HSA-450333"
R-HSA-166058,"MyD88:MAL(TIRAP) cascade initiated on plasma membrane",10,133,0.008509277031349969,0.8693595796179567,0.8693595796179567,30,76,0.005066666666666666,9606,Homo sapiens,"90000;32114;17164;53014;176466;16556;16040;29073;4208;28924","","R-HSA-166082;R-HSA-2201316;R-HSA-9750226;R-HSA-166091;R-HSA-9750942;R-HSA-2201322;R-HSA-5684250;R-HSA-166286;R-HSA-5684248;R-HSA-166284;R-HSA-2559414;R-HSA-450325;R-HSA-2262775;R-HSA-166362;R-HSA-166363;R-HSA-2262777;R-HSA-450333;R-HSA-168166;R-HSA-166119;R-HSA-450337;R-HSA-450346;R-HSA-937059;R-HSA-199917;R-HSA-937022;R-HSA-450292;R-HSA-9750946;R-HSA-937079;R-HSA-168184;R-HSA-166072;R-HSA-199929"
R-HSA-168188,"Toll Like Receptor TLR6:TLR2 Cascade",10,133,0.008509277031349969,0.8693595796179567,0.8693595796179567,30,78,0.0052,9606,Homo sapiens,"90000;32114;17164;53014;176466;16556;16040;29073;4208;28924","","R-HSA-166082;R-HSA-2201316;R-HSA-9750226;R-HSA-166091;R-HSA-9750942;R-HSA-2201322;R-HSA-5684250;R-HSA-166286;R-HSA-5684248;R-HSA-166284;R-HSA-2559414;R-HSA-450325;R-HSA-2262775;R-HSA-166362;R-HSA-166363;R-HSA-2262777;R-HSA-450333;R-HSA-168166;R-HSA-166119;R-HSA-450337;R-HSA-450346;R-HSA-937059;R-HSA-199917;R-HSA-937022;R-HSA-450292;R-HSA-9750946;R-HSA-937079;R-HSA-168184;R-HSA-166072;R-HSA-199929"
R-HSA-1362300,"Transcription of E2F targets under negative control by p107 (RBL1) and p130 (RBL2) in complex with HDAC1",1,20,0.0012795905310300703,0.8700977962186458,0.8700977962186458,8,8,5.333333333333334E-4,9606,Homo sapiens,"41941","","R-HSA-8964588;R-HSA-8961934;R-HSA-8978926;R-HSA-8964561;R-HSA-8964513;R-HSA-8964580;R-HSA-8964550;R-HSA-8964567"
R-HSA-5656121,"Translesion synthesis by POLI",1,20,0.0012795905310300703,0.8700977962186458,0.8700977962186458,3,3,2.0E-4,9606,Homo sapiens,"176131","","R-HSA-5656148;R-HSA-5656158;R-HSA-5656105"
R-HSA-176412,"Phosphorylation of the APC/C",1,20,0.0012795905310300703,0.8700977962186458,0.8700977962186458,2,2,1.3333333333333334E-4,9606,Homo sapiens,"31835","","R-HSA-174119;R-HSA-174132"
R-HSA-5083636,"Defective GALNT12 causes CRCS1",1,20,0.0012795905310300703,0.8700977962186458,0.8700977962186458,1,1,6.666666666666667E-5,9606,Homo sapiens,"4582","","R-HSA-5096532"
R-HSA-5083625,"Defective GALNT3 causes HFTC",1,20,0.0012795905310300703,0.8700977962186458,0.8700977962186458,1,1,6.666666666666667E-5,9606,Homo sapiens,"4582","","R-HSA-5096537"
R-HSA-9687136,"Aberrant regulation of mitotic exit in cancer due to RB1 defects",1,20,0.0012795905310300703,0.8700977962186458,0.8700977962186458,1,1,6.666666666666667E-5,9606,Homo sapiens,"31835","","R-HSA-9687377"
R-HSA-399955,"SEMA3A-Plexin repulsion signaling by inhibiting Integrin adhesion",1,20,0.0012795905310300703,0.8700977962186458,0.8700977962186458,5,8,5.333333333333334E-4,9606,Homo sapiens,"20912","","R-HSA-399941;R-HSA-399934;R-HSA-399935;R-HSA-399933;R-HSA-399928"
R-HSA-5576886,"Phase 4 - resting membrane potential",1,20,0.0012795905310300703,0.8700977962186458,0.8700977962186458,1,2,1.3333333333333334E-4,9606,Homo sapiens,"16525","","R-HSA-5578910"
R-HSA-140534,"Caspase activation via Death Receptors in the presence of ligand",1,20,0.0012795905310300703,0.8700977962186458,0.8700977962186458,4,9,6.0E-4,9606,Homo sapiens,"1879","","R-HSA-139952;R-HSA-141156;R-HSA-3465448;R-HSA-3371359"
R-HSA-5099900,"WNT5A-dependent internalization of FZD4",1,20,0.0012795905310300703,0.8700977962186458,0.8700977962186458,2,5,3.333333333333333E-4,9606,Homo sapiens,"27470","","R-HSA-5138459;R-HSA-5138433"
R-HSA-9758274,"Regulation of NF-kappa B signaling",1,20,0.0012795905310300703,0.8700977962186458,0.8700977962186458,3,11,7.333333333333333E-4,9606,Homo sapiens,"32114","","R-HSA-9750946;R-HSA-9750226;R-HSA-9750942"
R-HSA-2485179,"Activation of the phototransduction cascade",1,20,0.0012795905310300703,0.8700977962186458,0.8700977962186458,2,8,5.333333333333334E-4,9606,Homo sapiens,"16628","","R-HSA-74065;R-HSA-74059"
R-HSA-9708530,"Regulation of BACH1 activity",1,20,0.0012795905310300703,0.8700977962186458,0.8700977962186458,2,8,5.333333333333334E-4,9606,Homo sapiens,"176466","","R-HSA-9708517;R-HSA-9708525"
R-HSA-9664420,"Killing mechanisms",1,20,0.0012795905310300703,0.8700977962186458,0.8700977962186458,2,9,6.0E-4,9606,Homo sapiens,"16827","","R-HSA-9673794;R-HSA-9673797"
R-HSA-5635838,"Activation of SMO",1,20,0.0012795905310300703,0.8700977962186458,0.8700977962186458,2,9,6.0E-4,9606,Homo sapiens,"16002","","R-HSA-5632679;R-HSA-5633051"
R-HSA-9673324,"WNT5:FZD7-mediated leishmania damping",1,20,0.0012795905310300703,0.8700977962186458,0.8700977962186458,2,9,6.0E-4,9606,Homo sapiens,"16827","","R-HSA-9673794;R-HSA-9673797"
R-HSA-70350,"Fructose catabolism",1,20,0.0012795905310300703,0.8700977962186458,0.8700977962186458,1,5,3.333333333333333E-4,9606,Homo sapiens,"28645","","R-HSA-70333"
R-HSA-388844,"Receptor-type tyrosine-protein phosphatases",1,20,0.0012795905310300703,0.8700977962186458,0.8700977962186458,1,6,4.0E-4,9606,Homo sapiens,"8499","","R-HSA-388824"
R-HSA-6782861,"Synthesis of wybutosine at G37 of tRNA(Phe)",1,20,0.0012795905310300703,0.8700977962186458,0.8700977962186458,1,8,5.333333333333334E-4,9606,Homo sapiens,"17509","","R-HSA-6782893"
R-HSA-9615710,"Late endosomal microautophagy",2,35,0.0022392834293026233,0.8715586396340684,0.8715586396340684,3,3,2.0E-4,9606,Homo sapiens,"19232;50613","","R-HSA-9631065;R-HSA-9615721;R-HSA-9631068"
R-HSA-9709570,"Impaired BRCA2 binding to RAD51",2,35,0.0022392834293026233,0.8715586396340684,0.8715586396340684,1,1,6.666666666666667E-5,9606,Homo sapiens,"33678;176131","","R-HSA-9709571"
R-HSA-9664565,"Signaling by ERBB2 KD Mutants",2,35,0.0022392834293026233,0.8715586396340684,0.8715586396340684,7,17,0.0011333333333333334,9606,Homo sapiens,"104011;3347;18183","","R-HSA-9664976;R-HSA-9664983;R-HSA-9664567;R-HSA-9664950;R-HSA-9665032;R-HSA-9664991;R-HSA-9664588"
R-HSA-9759475,"Regulation of CDH11 Expression and Function",2,35,0.0022392834293026233,0.8715586396340684,0.8715586396340684,8,28,0.0018666666666666666,9606,Homo sapiens,"16283;12387","","R-HSA-9833671;R-HSA-9762246;R-HSA-9761474;R-HSA-9761452;R-HSA-9761421;R-HSA-9833674;R-HSA-9833672;R-HSA-9762282"
R-HSA-9018683,"Biosynthesis of DPA-derived SPMs",2,35,0.0022392834293026233,0.8715586396340684,0.8715586396340684,4,21,0.0014,9606,Homo sapiens,"65136;87998;1387","","R-HSA-9025152;R-HSA-9025957;R-HSA-9026007;R-HSA-9026006"
R-HSA-8854518,"AURKA Activation by TPX2",5,74,0.00473448496481126,0.8719110517731928,0.8719110517731928,2,2,1.3333333333333334E-4,9606,Homo sapiens,"27373;181620;15366;16586;27389;33033","","R-HSA-8853405;R-HSA-8853419"
R-HSA-937061,"TRIF (TICAM1)-mediated TLR4 signaling ",9,122,0.00780550223928343,0.8728307957790864,0.8728307957790864,14,76,0.005066666666666666,9606,Homo sapiens,"90000;32114;17164;53014;176466;16556;29073;4208;28924","","R-HSA-168166;R-HSA-9750226;R-HSA-450337;R-HSA-9750942;R-HSA-450346;R-HSA-5684250;R-HSA-199917;R-HSA-5684248;R-HSA-450292;R-HSA-450325;R-HSA-9750946;R-HSA-168184;R-HSA-199929;R-HSA-450333"
R-HSA-166166,"MyD88-independent TLR4 cascade ",9,122,0.00780550223928343,0.8728307957790864,0.8728307957790864,14,78,0.0052,9606,Homo sapiens,"90000;32114;17164;53014;176466;16556;29073;4208;28924","","R-HSA-168166;R-HSA-9750226;R-HSA-450337;R-HSA-9750942;R-HSA-450346;R-HSA-5684250;R-HSA-199917;R-HSA-5684248;R-HSA-450292;R-HSA-450325;R-HSA-9750946;R-HSA-168184;R-HSA-199929;R-HSA-450333"
R-HSA-5655302,"Signaling by FGFR1 in disease",3,49,0.0031349968010236724,0.8755073258345476,0.8755073258345476,16,35,0.0023333333333333335,9606,Homo sapiens,"28320;3347;15365","","R-HSA-1839100;R-HSA-1839102;R-HSA-1839039;R-HSA-1839065;R-HSA-1839098;R-HSA-1839067;R-HSA-1839094;R-HSA-1839095;R-HSA-1839031;R-HSA-1839091;R-HSA-1839112;R-HSA-1839080;R-HSA-1839114;R-HSA-1839110;R-HSA-1839078;R-HSA-1839107"
R-HSA-189451,"Heme biosynthesis",3,49,0.0031349968010236724,0.8755073258345476,0.8755073258345476,4,20,0.0013333333333333333,9606,Homo sapiens,"15793;15699;15698","","R-HSA-189488;R-HSA-189425;R-HSA-190182;R-HSA-189421"
R-HSA-9754678,"SARS-CoV-2 modulates host translation machinery",4,62,0.003966730646193218,0.87587241268003,0.87587241268003,2,6,4.0E-4,9606,Homo sapiens,"17196;189726;32636;68440;32635","","R-HSA-191786;R-HSA-9729849"
R-HSA-9013026,"RHOB GTPase cycle",5,75,0.0047984644913627635,0.8790098240692961,0.8790098240692961,4,6,4.0E-4,9606,Homo sapiens,"16283;15365;15864;28716;32425","","R-HSA-9013023;R-HSA-9013022;R-HSA-9013024;R-HSA-9690493"
R-HSA-3371556,"Cellular response to heat stress",10,135,0.008637236084452975,0.8802015499008196,0.8802015499008196,6,29,0.0019333333333333333,9606,Homo sapiens,"16231;17981;9532;32365;32354;17154;1387;17759;27732;50613","","R-HSA-3371554;R-HSA-3371467;R-HSA-5324632;R-HSA-5252041;R-HSA-5082356;R-HSA-5252079"
R-HSA-76046,"RNA Polymerase III Transcription Initiation",2,36,0.0023032629558541267,0.8814433004127054,0.8814433004127054,12,13,8.666666666666666E-4,9606,Homo sapiens,"88738;174255","","R-HSA-83793;R-HSA-112150;R-HSA-76054;R-HSA-76056;R-HSA-112152;R-HSA-83723;R-HSA-83803;R-HSA-83805;R-HSA-83788;R-HSA-76060;R-HSA-83791;R-HSA-83790"
R-HSA-9013508,"NOTCH3 Intracellular Domain Regulates Transcription",2,36,0.0023032629558541267,0.8814433004127054,0.8814433004127054,20,22,0.0014666666666666667,9606,Homo sapiens,"1387;89963","","R-HSA-9021480;R-HSA-9021451;R-HSA-9021450;R-HSA-9018538;R-HSA-9021325;R-HSA-9016751;R-HSA-9018542;R-HSA-9013568;R-HSA-9021412;R-HSA-9021478;R-HSA-9016861;R-HSA-9014141;R-HSA-9013567;R-HSA-9013631;R-HSA-9021406;R-HSA-9014129;R-HSA-9013488;R-HSA-9016916;R-HSA-9013652;R-HSA-9017398"
R-HSA-2424491,"DAP12 signaling",2,36,0.0023032629558541267,0.8814433004127054,0.8814433004127054,11,17,0.0011333333333333334,9606,Homo sapiens,"3347;16643","","R-HSA-2395412;R-HSA-2424484;R-HSA-2424485;R-HSA-210289;R-HSA-2424486;R-HSA-2424487;R-HSA-2424480;R-HSA-2396594;R-HSA-2424482;R-HSA-2395439;R-HSA-2395801"
R-HSA-9706574,"RHOBTB GTPase Cycle",2,36,0.0023032629558541267,0.8814433004127054,0.8814433004127054,2,4,2.666666666666667E-4,9606,Homo sapiens,"16509;19232","","R-HSA-9018778;R-HSA-9018787"
R-HSA-456926,"Thrombin signalling through proteinase activated receptors (PARs)",2,36,0.0023032629558541267,0.8814433004127054,0.8814433004127054,6,16,0.0010666666666666667,9606,Homo sapiens,"25858;71018","","R-HSA-396996;R-HSA-397891;R-HSA-114552;R-HSA-396941;R-HSA-397835;R-HSA-114558"
R-HSA-1227990,"Signaling by ERBB2 in Cancer",2,36,0.0023032629558541267,0.8814433004127054,0.8814433004127054,15,62,0.0041333333333333335,9606,Homo sapiens,"104011;3347;18183","","R-HSA-9664976;R-HSA-9664983;R-HSA-9664567;R-HSA-9664950;R-HSA-9664991;R-HSA-9665699;R-HSA-9665411;R-HSA-9665697;R-HSA-9665701;R-HSA-9665700;R-HSA-9665705;R-HSA-9665704;R-HSA-9665032;R-HSA-9665709;R-HSA-9664588"
R-HSA-5223345,"Miscellaneous transport and binding events",2,36,0.0023032629558541267,0.8814433004127054,0.8814433004127054,2,13,8.666666666666666E-4,9606,Homo sapiens,"491486;16283","","R-HSA-5340130;R-HSA-5226964"
R-HSA-1250347,"SHC1 events in ERBB4 signaling",1,21,0.001343570057581574,0.8827082303366122,0.8827082303366122,4,4,2.666666666666667E-4,9606,Homo sapiens,"104011;18183","","R-HSA-1250357;R-HSA-1250383;R-HSA-1250380;R-HSA-1250348"
R-HSA-5655862,"Translesion synthesis by POLK",1,21,0.001343570057581574,0.8827082303366122,0.8827082303366122,3,3,2.0E-4,9606,Homo sapiens,"176131","","R-HSA-5655892;R-HSA-5655965;R-HSA-5655835"
R-HSA-5083632,"Defective C1GALT1C1 causes TNPS",1,21,0.001343570057581574,0.8827082303366122,0.8827082303366122,1,1,6.666666666666667E-5,9606,Homo sapiens,"4582","","R-HSA-6785524"
R-HSA-3560783,"Defective B4GALT7 causes EDS, progeroid type",1,21,0.001343570057581574,0.8827082303366122,0.8827082303366122,1,1,6.666666666666667E-5,9606,Homo sapiens,"28946","","R-HSA-3560804"
R-HSA-4420332,"Defective B3GALT6 causes EDSP2 and SEMDJL1",1,21,0.001343570057581574,0.8827082303366122,0.8827082303366122,1,1,6.666666666666667E-5,9606,Homo sapiens,"28946","","R-HSA-4420365"
R-HSA-8964616,"G beta:gamma signalling through CDC42",1,21,0.001343570057581574,0.8827082303366122,0.8827082303366122,5,6,4.0E-4,9606,Homo sapiens,"25858","","R-HSA-8964634;R-HSA-8964604;R-HSA-8964605;R-HSA-8964614;R-HSA-8964599"
R-HSA-77595,"Processing of Intronless Pre-mRNAs",1,21,0.001343570057581574,0.8827082303366122,0.8827082303366122,4,5,3.333333333333333E-4,9606,Homo sapiens,"27781","","R-HSA-77591;R-HSA-77590;R-HSA-77593;R-HSA-77592"
R-HSA-3000471,"Scavenging by Class B Receptors",1,21,0.001343570057581574,0.8827082303366122,0.8827082303366122,4,5,3.333333333333333E-4,9606,Homo sapiens,"16113","","R-HSA-2187264;R-HSA-2512800;R-HSA-2247512;R-HSA-2197646"
R-HSA-1963640,"GRB2 events in ERBB2 signaling",1,21,0.001343570057581574,0.8827082303366122,0.8827082303366122,2,4,2.666666666666667E-4,9606,Homo sapiens,"104011;18183","","R-HSA-1306969;R-HSA-1306972"
R-HSA-141430,"Inactivation of APC/C via direct inhibition of the APC/C complex",1,21,0.001343570057581574,0.8827082303366122,0.8827082303366122,1,2,1.3333333333333334E-4,9606,Homo sapiens,"31835","","R-HSA-141423"
R-HSA-141405,"Inhibition of the proteolytic activity of APC/C required for the onset of anaphase by mitotic spindle checkpoint components",1,21,0.001343570057581574,0.8827082303366122,0.8827082303366122,1,3,2.0E-4,9606,Homo sapiens,"31835","","R-HSA-141423"
R-HSA-430039,"mRNA decay by 5' to 3' exoribonuclease",1,21,0.001343570057581574,0.8827082303366122,0.8827082303366122,1,3,2.0E-4,9606,Homo sapiens,"28320","","R-HSA-429860"
R-HSA-9702518,"STAT5 activation downstream of FLT3 ITD mutants",1,21,0.001343570057581574,0.8827082303366122,0.8827082303366122,4,14,9.333333333333333E-4,9606,Homo sapiens,"28320","","R-HSA-9698007;R-HSA-9698005;R-HSA-9698029;R-HSA-9698013"
R-HSA-918233,"TRAF3-dependent IRF activation pathway",1,21,0.001343570057581574,0.8827082303366122,0.8827082303366122,3,11,7.333333333333333E-4,9606,Homo sapiens,"1387","","R-HSA-1028815;R-HSA-1028812;R-HSA-1028817"
R-HSA-196783,"Coenzyme A biosynthesis",1,21,0.001343570057581574,0.8827082303366122,0.8827082303366122,1,7,4.6666666666666666E-4,9606,Homo sapiens,"46234","","R-HSA-199203"
R-HSA-5660526,"Response to metal ions",1,21,0.001343570057581574,0.8827082303366122,0.8827082303366122,3,31,0.0020666666666666667,9606,Homo sapiens,"17750","","R-HSA-5661219;R-HSA-5661217;R-HSA-5661230"
R-HSA-8866910,"TFAP2 (AP-2) family regulates transcription of growth factors and their receptors",1,21,0.001343570057581574,0.8827082303366122,0.8827082303366122,1,18,0.0012,9606,Homo sapiens,"17254","","R-HSA-8864999"
R-HSA-418597,"G alpha (z) signalling events",4,63,0.004030710172744722,0.883375577266619,0.883375577266619,12,13,8.666666666666666E-4,9606,Homo sapiens,"25858;113;88528;88522","","R-HSA-392133;R-HSA-392129;R-HSA-392064;R-HSA-8982703;R-HSA-749453;R-HSA-750988;R-HSA-8982018;R-HSA-751040;R-HSA-751024;R-HSA-8982021;R-HSA-8981892;R-HSA-749446"
R-HSA-9753281,"Paracetamol ADME",4,63,0.004030710172744722,0.883375577266619,0.883375577266619,5,12,8.0E-4,9606,Homo sapiens,"133435;28867;32636;32635","","R-HSA-9753284;R-HSA-9753280;R-HSA-9753283;R-HSA-9753277;R-HSA-9753278"
R-HSA-381676,"Glucagon-like Peptide-1 (GLP1) regulates insulin secretion",3,50,0.003198976327575176,0.8838491912550223,0.8838491912550223,5,12,8.0E-4,9606,Homo sapiens,"16440;25858;2668","","R-HSA-422320;R-HSA-381644;R-HSA-381612;R-HSA-9728664;R-HSA-381706"
R-HSA-110329,"Cleavage of the damaged pyrimidine ",3,50,0.003198976327575176,0.8838491912550223,0.8838491912550223,8,20,0.0013333333333333333,9606,Homo sapiens,"15901;17821;17568","","R-HSA-110227;R-HSA-110231;R-HSA-110215;R-HSA-110232;R-HSA-110219;R-HSA-110218;R-HSA-5649658;R-HSA-110221"
R-HSA-73928,"Depyrimidination",3,50,0.003198976327575176,0.8838491912550223,0.8838491912550223,8,41,0.0027333333333333333,9606,Homo sapiens,"15901;17821;17568","","R-HSA-110227;R-HSA-110231;R-HSA-110215;R-HSA-110232;R-HSA-110219;R-HSA-110218;R-HSA-5649658;R-HSA-110221"
R-HSA-168138,"Toll Like Receptor 9 (TLR9) Cascade",9,124,0.007933461292386436,0.8838795121788817,0.8838795121788817,14,86,0.005733333333333333,9606,Homo sapiens,"90000;32114;17164;53014;176466;16556;29073;4208;28924","","R-HSA-168166;R-HSA-9750226;R-HSA-450337;R-HSA-9750942;R-HSA-450346;R-HSA-5684250;R-HSA-199917;R-HSA-5684248;R-HSA-450292;R-HSA-450325;R-HSA-9750946;R-HSA-168184;R-HSA-199929;R-HSA-450333"
R-HSA-168179,"Toll Like Receptor TLR1:TLR2 Cascade",10,136,0.008701215611004478,0.8853414795169658,0.8853414795169658,30,78,0.0052,9606,Homo sapiens,"90000;32114;17164;53014;176466;16556;16040;29073;4208;28924","","R-HSA-166082;R-HSA-2201316;R-HSA-9750226;R-HSA-166091;R-HSA-9750942;R-HSA-2201322;R-HSA-5684250;R-HSA-166286;R-HSA-5684248;R-HSA-166284;R-HSA-2559414;R-HSA-450325;R-HSA-2262775;R-HSA-166362;R-HSA-166363;R-HSA-2262777;R-HSA-450333;R-HSA-168166;R-HSA-166119;R-HSA-450337;R-HSA-450346;R-HSA-937059;R-HSA-199917;R-HSA-937022;R-HSA-450292;R-HSA-9750946;R-HSA-937079;R-HSA-168184;R-HSA-166072;R-HSA-199929"
R-HSA-181438,"Toll Like Receptor 2 (TLR2) Cascade",10,136,0.008701215611004478,0.8853414795169658,0.8853414795169658,30,80,0.005333333333333333,9606,Homo sapiens,"90000;32114;17164;53014;176466;16556;16040;29073;4208;28924","","R-HSA-166082;R-HSA-2201316;R-HSA-9750226;R-HSA-166091;R-HSA-9750942;R-HSA-2201322;R-HSA-5684250;R-HSA-166286;R-HSA-5684248;R-HSA-166284;R-HSA-2559414;R-HSA-450325;R-HSA-2262775;R-HSA-166362;R-HSA-166363;R-HSA-2262777;R-HSA-450333;R-HSA-168166;R-HSA-166119;R-HSA-450337;R-HSA-450346;R-HSA-937059;R-HSA-199917;R-HSA-937022;R-HSA-450292;R-HSA-9750946;R-HSA-937079;R-HSA-168184;R-HSA-166072;R-HSA-199929"
R-HSA-1474228,"Degradation of the extracellular matrix",11,148,0.00946896992962252,0.8871510705789847,0.8871510705789847,32,105,0.007,9606,Homo sapiens,"16032;17394;15971;15783;17385;70960;88458;15765;16335;85253;15768","","R-HSA-2514790;R-HSA-1602458;R-HSA-1474197;R-HSA-1564112;R-HSA-3791155;R-HSA-1564184;R-HSA-1564164;R-HSA-1566979;R-HSA-3791149;R-HSA-8848658;R-HSA-1592398;R-HSA-1458433;R-HSA-2473596;R-HSA-1602488;R-HSA-2168960;R-HSA-2514823;R-HSA-1592314;R-HSA-1592316;R-HSA-1566962;R-HSA-2514831;R-HSA-1454781;R-HSA-1592371;R-HSA-1602484;R-HSA-1454843;R-HSA-1454822;R-HSA-1604712;R-HSA-1592297;R-HSA-2514772;R-HSA-1474213;R-HSA-1454757;R-HSA-2485148;R-HSA-2537499"
R-HSA-2219530,"Constitutive Signaling by Aberrant PI3K in Cancer",7,101,0.006461932181701855,0.8884629045446196,0.8884629045446196,1,2,1.3333333333333334E-4,9606,Homo sapiens,"104011;28320;17362;17254;18183;16238;6801;83490","","R-HSA-2400009"
R-HSA-182971,"EGFR downregulation",2,37,0.00236724248240563,0.8906201114461679,0.8906201114461679,18,22,0.0014666666666666667,9606,Homo sapiens,"6456;17254","","R-HSA-8867047;R-HSA-183072;R-HSA-8867044;R-HSA-8867041;R-HSA-182986;R-HSA-183051;R-HSA-8951490;R-HSA-182990;R-HSA-183055;R-HSA-183084;R-HSA-182994;R-HSA-183058;R-HSA-182993;R-HSA-183089;R-HSA-183002;R-HSA-183067;R-HSA-182969;R-HSA-183036"
R-HSA-186763,"Downstream signal transduction",2,37,0.00236724248240563,0.8906201114461679,0.8906201114461679,3,16,0.0010666666666666667,9606,Homo sapiens,"17973;3347","","R-HSA-1524182;R-HSA-1524186;R-HSA-382058"
R-HSA-936440,"Negative regulators of DDX58/IFIH1 signaling",2,37,0.00236724248240563,0.8906201114461679,0.8906201114461679,2,13,8.666666666666666E-4,9606,Homo sapiens,"32114;35619","","R-HSA-937343;R-HSA-937337"
R-HSA-8854214,"TBC/RABGAPs",3,51,0.0032629558541266796,0.8916886955525218,0.8916886955525218,6,14,9.333333333333333E-4,9606,Homo sapiens,"35546;68449;15996","","R-HSA-8854209;R-HSA-8854255;R-HSA-8854222;R-HSA-8854173;R-HSA-8854604;R-HSA-8854329"
R-HSA-442660,"Na+/Cl- dependent neurotransmitter transporters",3,51,0.0032629558541266796,0.8916886955525218,0.8916886955525218,3,15,0.001,9606,Homo sapiens,"17750;48950;16958","","R-HSA-351987;R-HSA-352029;R-HSA-375487"
R-HSA-8856828,"Clathrin-mediated endocytosis",12,161,0.010300703774792067,0.893688869307488,0.893688869307488,25,35,0.0023333333333333335,9606,Homo sapiens,"17113;27470;15344;17285;15882;32398;16113;6456;17254;15600;16347;17409","","R-HSA-8868230;R-HSA-8868236;R-HSA-8862280;R-HSA-8866269;R-HSA-8866268;R-HSA-8871196;R-HSA-8871194;R-HSA-8871193;R-HSA-8868071;R-HSA-8866279;R-HSA-8866277;R-HSA-8863471;R-HSA-8856813;R-HSA-8867756;R-HSA-8868651;R-HSA-8866283;R-HSA-8867754;R-HSA-8868072;R-HSA-8868648;R-HSA-8856808;R-HSA-8868661;R-HSA-8868660;R-HSA-8868659;R-HSA-8868658;R-HSA-8869438"
R-HSA-3560801,"Defective B3GAT3 causes JDSSDHD",1,22,0.0014075495841330773,0.8940951821891193,0.8940951821891193,1,1,6.666666666666667E-5,9606,Homo sapiens,"28946","","R-HSA-3560802"
R-HSA-5358606,"Mismatch repair (MMR) directed by MSH2:MSH3 (MutSbeta)",1,22,0.0014075495841330773,0.8940951821891193,0.8940951821891193,7,9,6.0E-4,9606,Homo sapiens,"17685","","R-HSA-5358545;R-HSA-5358513;R-HSA-5358512;R-HSA-5358519;R-HSA-5358919;R-HSA-5358619;R-HSA-5444511"
R-HSA-176407,"Conversion from APC/C:Cdc20 to APC/C:Cdh1 in late anaphase",1,22,0.0014075495841330773,0.8940951821891193,0.8940951821891193,2,3,2.0E-4,9606,Homo sapiens,"31835","","R-HSA-174224;R-HSA-174070"
R-HSA-6787639,"GDP-fucose biosynthesis",1,22,0.0014075495841330773,0.8940951821891193,0.8940951821891193,2,7,4.6666666666666666E-4,9606,Homo sapiens,"12387","","R-HSA-6787540;R-HSA-6787533"
R-HSA-1963642,"PI3K events in ERBB2 signaling",1,22,0.0014075495841330773,0.8940951821891193,0.8940951821891193,2,7,4.6666666666666666E-4,9606,Homo sapiens,"104011;18183","","R-HSA-1306979;R-HSA-1250346"
R-HSA-2408550,"Metabolism of ingested H2SeO4 and H2SeO3 into H2Se",1,22,0.0014075495841330773,0.8940951821891193,0.8940951821891193,2,7,4.6666666666666666E-4,9606,Homo sapiens,"24786","","R-HSA-2408540;R-HSA-2408525"
R-HSA-2028269,"Signaling by Hippo",1,22,0.0014075495841330773,0.8940951821891193,0.8940951821891193,7,30,0.002,9606,Homo sapiens,"89649","","R-HSA-2038398;R-HSA-2028589;R-HSA-2028555;R-HSA-2059926;R-HSA-2028679;R-HSA-2028626;R-HSA-2028673"
R-HSA-164938,"Nef-mediates down modulation of cell surface receptors by recruiting them to clathrin adapters",1,22,0.0014075495841330773,0.8940951821891193,0.8940951821891193,3,15,0.001,9606,Homo sapiens,"28822","","R-HSA-182263;R-HSA-182279;R-HSA-182286"
R-HSA-139853,"Elevation of cytosolic Ca2+ levels",1,22,0.0014075495841330773,0.8940951821891193,0.8940951821891193,1,5,3.333333333333333E-4,9606,Homo sapiens,"16440","","R-HSA-139854"
R-HSA-3229121,"Glycogen storage diseases",1,22,0.0014075495841330773,0.8940951821891193,0.8940951821891193,1,10,6.666666666666666E-4,9606,Homo sapiens,"2611","","R-HSA-9036729"
R-HSA-5637810,"Constitutive Signaling by EGFRvIII",1,22,0.0014075495841330773,0.8940951821891193,0.8940951821891193,1,18,0.0012,9606,Homo sapiens,"3347","","R-HSA-5637800"
R-HSA-5637812,"Signaling by EGFRvIII in Cancer",1,22,0.0014075495841330773,0.8940951821891193,0.8940951821891193,1,18,0.0012,9606,Homo sapiens,"3347","","R-HSA-5637800"
R-HSA-1989781,"PPARA activates gene expression",13,173,0.01106845809341011,0.8956972840294134,0.8956972840294134,41,41,0.0027333333333333333,9606,Homo sapiens,"86507;28364;17685;27432;16796;17351;17363;1387;34496;34154;28834;17336","","R-HSA-1655826;R-HSA-1989778;R-HSA-560517;R-HSA-1989779;R-HSA-1989776;R-HSA-1989777;R-HSA-1989774;R-HSA-560473;R-HSA-1989775;R-HSA-1989772;R-HSA-1989773;R-HSA-1989770;R-HSA-1368065;R-HSA-1989771;R-HSA-1989768;R-HSA-1989767;R-HSA-1989764;R-HSA-1989765;R-HSA-1989762;R-HSA-1989760;R-HSA-1989761;R-HSA-1989758;R-HSA-1989759;R-HSA-879724;R-HSA-1989756;R-HSA-1989757;R-HSA-1989754;R-HSA-1989755;R-HSA-1989752;R-HSA-1989753;R-HSA-1801587;R-HSA-1989750;R-HSA-1989751;R-HSA-1989748;R-HSA-1989749;R-HSA-1989746;R-HSA-1989747;R-HSA-1989745;R-HSA-1655848;R-HSA-1655850;R-HSA-1592238"
R-HSA-3299685,"Detoxification of Reactive Oxygen Species",4,65,0.004158669225847729,0.897203728607505,0.897203728607505,8,34,0.002266666666666667,9606,Homo sapiens,"16827;16474;28867;16856","","R-HSA-6807557;R-HSA-3323079;R-HSA-3343700;R-HSA-3341397;R-HSA-3323013;R-HSA-6799695;R-HSA-1222376;R-HSA-76031"
R-HSA-9840310,"Glycosphingolipid catabolism",5,78,0.0049904030710172746,0.8983231005545925,0.8983231005545925,8,34,0.002266666666666667,9606,Homo sapiens,"17113;18132;16135;15956;28061","","R-HSA-1605736;R-HSA-1605624;R-HSA-1606312;R-HSA-1606602;R-HSA-9841189;R-HSA-1606288;R-HSA-2248891;R-HSA-9840795"
R-HSA-381426,"Regulation of Insulin-like Growth Factor (IGF) transport and uptake by Insulin-like Growth Factor Binding Proteins (IGFBPs)",9,127,0.008125399872040947,0.8989602974940456,0.8989602974940456,14,14,9.333333333333333E-4,9606,Homo sapiens,"16000;16032;17385;16002;15600;15940;16040;2904;16390;85253","","R-HSA-381412;R-HSA-381543;R-HSA-381446;R-HSA-381537;R-HSA-8952289;R-HSA-381487;R-HSA-381518;R-HSA-381545;R-HSA-381461;R-HSA-381500;R-HSA-381503;R-HSA-381496;R-HSA-381435;R-HSA-381466"
R-HSA-375280,"Amine ligand-binding receptors",3,52,0.003326935380678183,0.8990502654774343,0.8990502654774343,8,36,0.0024,9606,Homo sapiens,"15355;18397;27551","","R-HSA-390673;R-HSA-390674;R-HSA-9611851;R-HSA-9609310;R-HSA-390649;R-HSA-9611839;R-HSA-9611852;R-HSA-391211"
R-HSA-5683826,"Surfactant metabolism",3,52,0.003326935380678183,0.8990502654774343,0.8990502654774343,4,29,0.0019333333333333333,9606,Homo sapiens,"17596;27410;16335","","R-HSA-5683714;R-HSA-5693346;R-HSA-5684862;R-HSA-418925"
R-HSA-1980145,"Signaling by NOTCH2",2,38,0.002431222008957134,0.8991333088661192,0.8991333088661192,12,20,0.0013333333333333333,9606,Homo sapiens,"16450;89963","","R-HSA-2976716;R-HSA-1980061;R-HSA-2127285;R-HSA-2197588;R-HSA-2976551;R-HSA-2976742;R-HSA-2976726;R-HSA-2197562;R-HSA-2172172;R-HSA-2197564;R-HSA-2976563;R-HSA-157629"
R-HSA-1538133,"G0 and Early G1",2,38,0.002431222008957134,0.8991333088661192,0.8991333088661192,13,27,0.0018,9606,Homo sapiens,"28279;41941","","R-HSA-8964588;R-HSA-8964525;R-HSA-1227671;R-HSA-1363314;R-HSA-8961934;R-HSA-8978926;R-HSA-8964513;R-HSA-1362270;R-HSA-8964580;R-HSA-8964550;R-HSA-8964561;R-HSA-1363311;R-HSA-8964567"
R-HSA-69190,"DNA strand elongation",2,38,0.002431222008957134,0.8991333088661192,0.8991333088661192,5,15,0.001,9606,Homo sapiens,"176131;31967","","R-HSA-69063;R-HSA-69053;R-HSA-176942;R-HSA-69068;R-HSA-176956"
R-HSA-390247,"Beta-oxidation of very long chain fatty acids",2,38,0.002431222008957134,0.8991333088661192,0.8991333088661192,2,12,8.0E-4,9606,Homo sapiens,"16474;15533","","R-HSA-6786720;R-HSA-390302"
R-HSA-111465,"Apoptotic cleavage of cellular proteins",2,38,0.002431222008957134,0.8991333088661192,0.8991333088661192,4,38,0.002533333333333333,9606,Homo sapiens,"19232;12387","","R-HSA-202969;R-HSA-350319;R-HSA-350318;R-HSA-201628"
R-HSA-400206,"Regulation of lipid metabolism by PPARalpha",13,175,0.011196417146513116,0.9038311029623813,0.9038311029623813,42,45,0.003,9606,Homo sapiens,"86507;28364;17685;27432;16796;17351;17363;1387;34496;34154;28834;17336","","R-HSA-400143;R-HSA-1655826;R-HSA-1989778;R-HSA-560517;R-HSA-1989779;R-HSA-1989776;R-HSA-1989777;R-HSA-1989774;R-HSA-560473;R-HSA-1989775;R-HSA-1989772;R-HSA-1989773;R-HSA-1989770;R-HSA-1368065;R-HSA-1989771;R-HSA-1989768;R-HSA-1989767;R-HSA-1989764;R-HSA-1989765;R-HSA-1989762;R-HSA-1989760;R-HSA-1989761;R-HSA-1989758;R-HSA-1989759;R-HSA-879724;R-HSA-1989756;R-HSA-1989757;R-HSA-1989754;R-HSA-1989755;R-HSA-1989752;R-HSA-1989753;R-HSA-1801587;R-HSA-1989750;R-HSA-1989751;R-HSA-1989748;R-HSA-1989749;R-HSA-1989746;R-HSA-1989747;R-HSA-1989745;R-HSA-1655848;R-HSA-1655850;R-HSA-1592238"
R-HSA-5651801,"PCNA-Dependent Long Patch Base Excision Repair",1,23,0.001471529110684581,0.9043772885348224,0.9043772885348224,6,6,4.0E-4,9606,Homo sapiens,"176131","","R-HSA-110368;R-HSA-110371;R-HSA-5651809;R-HSA-110363;R-HSA-5651805;R-HSA-110364"
R-HSA-180292,"GAB1 signalosome",1,23,0.001471529110684581,0.9043772885348224,0.9043772885348224,9,11,7.333333333333333E-4,9606,Homo sapiens,"17254","","R-HSA-177923;R-HSA-177939;R-HSA-177926;R-HSA-177927;R-HSA-177924;R-HSA-177941;R-HSA-177930;R-HSA-177944;R-HSA-177935"
R-HSA-73980,"RNA Polymerase III Transcription Termination",1,23,0.001471529110684581,0.9043772885348224,0.9043772885348224,1,2,1.3333333333333334E-4,9606,Homo sapiens,"4784","","R-HSA-113454"
R-HSA-164378,"PKA activation in glucagon signalling",1,23,0.001471529110684581,0.9043772885348224,0.9043772885348224,1,2,1.3333333333333334E-4,9606,Homo sapiens,"113","","R-HSA-164377"
R-HSA-111471,"Apoptotic factor-mediated response",1,23,0.001471529110684581,0.9043772885348224,0.9043772885348224,12,28,0.0018666666666666666,9606,Homo sapiens,"28061","","R-HSA-9627106;R-HSA-9627107;R-HSA-114307;R-HSA-114419;R-HSA-9627104;R-HSA-114306;R-HSA-114354;R-HSA-9627350;R-HSA-9627078;R-HSA-114361;R-HSA-114440;R-HSA-114392"
R-HSA-2033519,"Activated point mutants of FGFR2",1,23,0.001471529110684581,0.9043772885348224,0.9043772885348224,4,10,6.666666666666666E-4,9606,Homo sapiens,"17362","","R-HSA-2077421;R-HSA-2033474;R-HSA-2077424;R-HSA-2033488"
R-HSA-2979096,"NOTCH2 Activation and Transmission of Signal to the Nucleus",1,23,0.001471529110684581,0.9043772885348224,0.9043772885348224,3,11,7.333333333333333E-4,9606,Homo sapiens,"16450","","R-HSA-1980061;R-HSA-2172172;R-HSA-157629"
R-HSA-163615,"PKA activation",1,23,0.001471529110684581,0.9043772885348224,0.9043772885348224,1,4,2.666666666666667E-4,9606,Homo sapiens,"113","","R-HSA-111930"
R-HSA-2142845,"Hyaluronan metabolism",1,23,0.001471529110684581,0.9043772885348224,0.9043772885348224,3,13,8.666666666666666E-4,9606,Homo sapiens,"15366","","R-HSA-2160915;R-HSA-2160884;R-HSA-2160892"
R-HSA-9614657,"FOXO-mediated transcription of cell death genes",1,23,0.001471529110684581,0.9043772885348224,0.9043772885348224,3,15,0.001,9606,Homo sapiens,"1387","","R-HSA-9622579;R-HSA-9622604;R-HSA-9622572"
R-HSA-4419969,"Depolymerization of the Nuclear Lamina",1,23,0.001471529110684581,0.9043772885348224,0.9043772885348224,1,6,4.0E-4,9606,Homo sapiens,"16349","","R-HSA-5229194"
R-HSA-418038,"Nucleotide-like (purinergic) receptors",1,23,0.001471529110684581,0.9043772885348224,0.9043772885348224,2,15,0.001,9606,Homo sapiens,"16335","","R-HSA-418925;R-HSA-418904"
R-HSA-9831926,"Nephron development",1,23,0.001471529110684581,0.9043772885348224,0.9043772885348224,2,17,0.0011333333333333334,9606,Homo sapiens,"15728","","R-HSA-9832340;R-HSA-9832331"
R-HSA-156711,"Polo-like kinase mediated events",1,23,0.001471529110684581,0.9043772885348224,0.9043772885348224,1,15,0.001,9606,Homo sapiens,"33033","","R-HSA-4088305"
R-HSA-9665348,"Signaling by ERBB2 ECD mutants",1,23,0.001471529110684581,0.9043772885348224,0.9043772885348224,1,15,0.001,9606,Homo sapiens,"3347","","R-HSA-9665411"
R-HSA-9679504,"Translation of Replicase and Assembly of the Replication Transcription Complex",1,23,0.001471529110684581,0.9043772885348224,0.9043772885348224,1,30,0.002,9606,Homo sapiens,"36751","","R-HSA-9687435"
R-HSA-1474290,"Collagen formation",7,104,0.006653870761356366,0.9044425405251085,0.9044425405251085,42,77,0.0051333333333333335,9606,Homo sapiens,"32643;15783;88458;15765;16335;29073;15768","","R-HSA-8948232;R-HSA-2002460;R-HSA-8948234;R-HSA-2395302;R-HSA-8948224;R-HSA-8948226;R-HSA-8948228;R-HSA-1474266;R-HSA-8948230;R-HSA-8948231;R-HSA-1981128;R-HSA-2002440;R-HSA-2395314;R-HSA-1980233;R-HSA-8944223;R-HSA-2395324;R-HSA-2395257;R-HSA-1981120;R-HSA-2395322;R-HSA-8944214;R-HSA-2250301;R-HSA-1650808;R-HSA-2002428;R-HSA-2022073;R-HSA-2395340;R-HSA-8944225;R-HSA-2213192;R-HSA-2089971;R-HSA-8944229;R-HSA-1981104;R-HSA-2396234;R-HSA-2213201;R-HSA-8948219;R-HSA-2395223;R-HSA-2152276;R-HSA-2243926;R-HSA-2213205;R-HSA-8948222;R-HSA-2243931;R-HSA-1981157;R-HSA-2213210;R-HSA-2002466"
R-HSA-9824585,"Regulation of MITF-M-dependent genes involved in pigmentation",3,53,0.0033909149072296864,0.9059577799497998,0.9059577799497998,8,23,0.0015333333333333334,9606,Homo sapiens,"28116;17409;12387","","R-HSA-9824981;R-HSA-9855910;R-HSA-9825847;R-HSA-9855908;R-HSA-9824593;R-HSA-9824579;R-HSA-9825848;R-HSA-9824586"
R-HSA-2565942,"Regulation of PLK1 Activity at G2/M Transition",6,92,0.005886116442738324,0.9062973431674193,0.9062973431674193,7,12,8.0E-4,9606,Homo sapiens,"27373;181620;16586;27389;33033;176466;28924","","R-HSA-3000319;R-HSA-3000335;R-HSA-3002811;R-HSA-2574845;R-HSA-3000310;R-HSA-3000339;R-HSA-2574840"
R-HSA-9022692,"Regulation of MECP2 expression and activity",2,39,0.0024952015355086373,0.907025211079213,0.907025211079213,11,14,9.333333333333333E-4,9606,Homo sapiens,"16388","","R-HSA-8986937;R-HSA-9023592;R-HSA-8986939;R-HSA-9005995;R-HSA-9022314;R-HSA-9023132;R-HSA-9021183;R-HSA-9022625;R-HSA-9006992;R-HSA-9021888;R-HSA-9018594"
R-HSA-159418,"Recycling of bile acids and salts",2,39,0.0024952015355086373,0.907025211079213,0.907025211079213,12,17,0.0011333333333333334,9606,Homo sapiens,"16525;28834","","R-HSA-193362;R-HSA-194130;R-HSA-9733973;R-HSA-5340195;R-HSA-159431;R-HSA-9733969;R-HSA-9733964;R-HSA-194187;R-HSA-5340251;R-HSA-194121;R-HSA-194153;R-HSA-8873850"
R-HSA-1839124,"FGFR1 mutant receptor activation",2,39,0.0024952015355086373,0.907025211079213,0.907025211079213,13,25,0.0016666666666666668,9606,Homo sapiens,"28320;15365","","R-HSA-1839102;R-HSA-1839039;R-HSA-1839065;R-HSA-1839067;R-HSA-1839095;R-HSA-1839031;R-HSA-1839091;R-HSA-1839112;R-HSA-1839080;R-HSA-1839114;R-HSA-1839110;R-HSA-1839078;R-HSA-1839107"
R-HSA-442742,"CREB1 phosphorylation through NMDA receptor-mediated activation of RAS signaling",2,39,0.0024952015355086373,0.907025211079213,0.907025211079213,2,7,4.6666666666666666E-4,9606,Homo sapiens,"17418;2904","","R-HSA-442732;R-HSA-442760"
R-HSA-9764260,"Regulation of Expression and Function of Type II Classical Cadherins",2,39,0.0024952015355086373,0.907025211079213,0.907025211079213,9,33,0.0022,9606,Homo sapiens,"16283;12387","","R-HSA-9833671;R-HSA-9762246;R-HSA-9761474;R-HSA-9773218;R-HSA-9761452;R-HSA-9761421;R-HSA-9833674;R-HSA-9833672;R-HSA-9762282"
R-HSA-9759476,"Regulation of Homotypic Cell-Cell Adhesion",2,39,0.0024952015355086373,0.907025211079213,0.907025211079213,9,33,0.0022,9606,Homo sapiens,"16283;12387","","R-HSA-9833671;R-HSA-9762246;R-HSA-9761474;R-HSA-9773218;R-HSA-9761452;R-HSA-9761421;R-HSA-9833674;R-HSA-9833672;R-HSA-9762282"
R-HSA-5654726,"Negative regulation of FGFR1 signaling",2,39,0.0024952015355086373,0.907025211079213,0.907025211079213,4,15,0.001,9606,Homo sapiens,"16284;17362","","R-HSA-5654514;R-HSA-5654672;R-HSA-5654560;R-HSA-5654673"
R-HSA-176187,"Activation of ATR in response to replication stress",2,39,0.0024952015355086373,0.907025211079213,0.907025211079213,2,9,6.0E-4,9606,Homo sapiens,"33678;176131","","R-HSA-176101;R-HSA-176264"
R-HSA-5675482,"Regulation of necroptotic cell death",2,39,0.0024952015355086373,0.907025211079213,0.907025211079213,3,21,0.0014,9606,Homo sapiens,"1879;32425","","R-HSA-3465429;R-HSA-5675456;R-HSA-9688456"
R-HSA-112043,"PLC beta mediated events",4,67,0.004286628278950736,0.9095672578764561,0.9095672578764561,8,32,0.0021333333333333334,9606,Homo sapiens,"16440;113;32980;68329","","R-HSA-169683;R-HSA-169680;R-HSA-111955;R-HSA-112037;R-HSA-111956;R-HSA-111879;R-HSA-111930;R-HSA-111870"
R-HSA-351202,"Metabolism of polyamines",5,80,0.005118362124120281,0.909661419989652,0.909661419989652,9,17,0.0011333333333333334,9606,Homo sapiens,"3219;17927;17509;33442;16199","","R-HSA-353125;R-HSA-350567;R-HSA-351201;R-HSA-141348;R-HSA-350604;R-HSA-351215;R-HSA-350600;R-HSA-351208;R-HSA-351210"
R-HSA-5578749,"Transcriptional regulation by small RNAs",5,80,0.005118362124120281,0.909661419989652,0.909661419989652,2,5,3.333333333333333E-4,9606,Homo sapiens,"17981;32365;32354;17759;44747","","R-HSA-5578744;R-HSA-5578712"
R-HSA-72165,"mRNA Splicing - Minor Pathway",3,54,0.00345489443378119,0.9124344989207693,0.9124344989207693,5,5,3.333333333333333E-4,9606,Homo sapiens,"9410;28364;32636","","R-HSA-75079;R-HSA-75081;R-HSA-75080;R-HSA-75083;R-HSA-75082"
R-HSA-174048,"APC/C:Cdc20 mediated degradation of Cyclin B",1,24,0.0015355086372360845,0.9136616888644618,0.9136616888644618,3,3,2.0E-4,9606,Homo sapiens,"31835","","R-HSA-174227;R-HSA-174120;R-HSA-174157"
R-HSA-2243919,"Crosslinking of collagen fibrils",1,24,0.0015355086372360845,0.9136616888644618,0.9136616888644618,11,13,8.666666666666666E-4,9606,Homo sapiens,"15768","","R-HSA-2395302;R-HSA-2395223;R-HSA-2243926;R-HSA-2395314;R-HSA-2395324;R-HSA-2395340;R-HSA-2243931;R-HSA-2002466;R-HSA-2395257;R-HSA-2395322;R-HSA-2250301"
R-HSA-110320,"Translesion Synthesis by POLH",1,24,0.0015355086372360845,0.9136616888644618,0.9136616888644618,6,8,5.333333333333334E-4,9606,Homo sapiens,"176131","","R-HSA-5654989;R-HSA-5654986;R-HSA-110317;R-HSA-110316;R-HSA-110319;R-HSA-5654985"
R-HSA-9754189,"Germ layer formation at gastrulation",1,24,0.0015355086372360845,0.9136616888644618,0.9136616888644618,8,11,7.333333333333333E-4,9606,Homo sapiens,"12387","","R-HSA-9756948;R-HSA-9756724;R-HSA-9758501;R-HSA-9754480;R-HSA-452353;R-HSA-9754191;R-HSA-452331;R-HSA-480378"
R-HSA-392851,"Prostacyclin signalling through prostacyclin receptor",1,24,0.0015355086372360845,0.9136616888644618,0.9136616888644618,3,5,3.333333333333333E-4,9606,Homo sapiens,"25858","","R-HSA-392852;R-HSA-392870;R-HSA-392874"
R-HSA-9013418,"RHOBTB2 GTPase cycle",1,24,0.0015355086372360845,0.9136616888644618,0.9136616888644618,1,2,1.3333333333333334E-4,9606,Homo sapiens,"16509","","R-HSA-9018787"
R-HSA-9834899,"Specification of the neural plate border",1,24,0.0015355086372360845,0.9136616888644618,0.9136616888644618,5,15,0.001,9606,Homo sapiens,"12387","","R-HSA-9835252;R-HSA-9835266;R-HSA-9835473;R-HSA-9834897;R-HSA-9835496"
R-HSA-2142688,"Synthesis of 5-eicosatetraenoic acids",1,24,0.0015355086372360845,0.9136616888644618,0.9136616888644618,1,4,2.666666666666667E-4,9606,Homo sapiens,"5445","","R-HSA-8932633"
R-HSA-446199,"Synthesis of Dolichyl-phosphate",1,24,0.0015355086372360845,0.9136616888644618,0.9136616888644618,1,6,4.0E-4,9606,Homo sapiens,"28171","","R-HSA-446200"
R-HSA-392517,"Rap1 signalling",1,24,0.0015355086372360845,0.9136616888644618,0.9136616888644618,1,7,4.6666666666666666E-4,9606,Homo sapiens,"16828","","R-HSA-392835"
R-HSA-9018896,"Biosynthesis of E-series 18(S)-resolvins",1,24,0.0015355086372360845,0.9136616888644618,0.9136616888644618,1,9,6.0E-4,9606,Homo sapiens,"28364","","R-HSA-9018874"
R-HSA-1834941,"STING mediated induction of host immune responses",1,24,0.0015355086372360845,0.9136616888644618,0.9136616888644618,2,19,0.0012666666666666666,9606,Homo sapiens,"3165","","R-HSA-3244647;R-HSA-3244614"
R-HSA-2022377,"Metabolism of Angiotensinogen to Angiotensins",1,24,0.0015355086372360845,0.9136616888644618,0.9136616888644618,2,19,0.0012666666666666666,9606,Homo sapiens,"17380","","R-HSA-2022396;R-HSA-2022368"
R-HSA-9694631,"Maturation of nucleoprotein",1,24,0.0015355086372360845,0.9136616888644618,0.9136616888644618,1,14,9.333333333333333E-4,9606,Homo sapiens,"17154","","R-HSA-9729279"
R-HSA-166016,"Toll Like Receptor 4 (TLR4) Cascade",12,166,0.010620601407549585,0.9139337144083904,0.9139337144083904,32,113,0.007533333333333334,9606,Homo sapiens,"90000;32114;17164;15882;53014;176466;17084;16556;16040;29073;4208;28924","","R-HSA-166082;R-HSA-2201316;R-HSA-9750226;R-HSA-166091;R-HSA-9750942;R-HSA-2201322;R-HSA-5684250;R-HSA-166286;R-HSA-5684248;R-HSA-166284;R-HSA-2559414;R-HSA-450325;R-HSA-2262775;R-HSA-166362;R-HSA-166363;R-HSA-2262777;R-HSA-450333;R-HSA-166041;R-HSA-168166;R-HSA-166119;R-HSA-450337;R-HSA-450346;R-HSA-2201293;R-HSA-937059;R-HSA-199917;R-HSA-937022;R-HSA-450292;R-HSA-9750946;R-HSA-937079;R-HSA-168184;R-HSA-166072;R-HSA-199929"
R-HSA-5696394,"DNA Damage Recognition in GG-NER",2,40,0.0025591810620601407,0.9143361745994996,0.9143361745994996,2,5,3.333333333333333E-4,9606,Homo sapiens,"17154;17409","","R-HSA-5691006;R-HSA-5696655"
R-HSA-202131,"Metabolism of nitric oxide: NOS3 activation and regulation",2,40,0.0025591810620601407,0.9143361745994996,0.9143361745994996,7,26,0.0017333333333333333,9606,Homo sapiens,"18127;15882","","R-HSA-202132;R-HSA-203611;R-HSA-203625;R-HSA-203567;R-HSA-203662;R-HSA-203613;R-HSA-203565"
R-HSA-1482788,"Acyl chain remodelling of PC",2,40,0.0025591810620601407,0.9143361745994996,0.9143361745994996,2,9,6.0E-4,9606,Homo sapiens,"32978;1427","","R-HSA-1482862;R-HSA-1482856"
R-HSA-199220,"Vitamin B5 (pantothenate) metabolism",2,40,0.0025591810620601407,0.9143361745994996,0.9143361745994996,2,16,0.0010666666666666667,9606,Homo sapiens,"28871;46234","","R-HSA-199203;R-HSA-199202"
R-HSA-1445148,"Translocation of SLC2A4 (GLUT4) to the plasma membrane",5,81,0.005182341650671785,0.9149036919038993,0.9149036919038993,10,15,0.001,9606,Homo sapiens,"1547;15996;17409;28645;95120","","R-HSA-1445143;R-HSA-2316352;R-HSA-1458485;R-HSA-1454689;R-HSA-2316347;R-HSA-1445149;R-HSA-2255342;R-HSA-1454699;R-HSA-2255343;R-HSA-2316349"
R-HSA-9749641,"Aspirin ADME",5,81,0.005182341650671785,0.9149036919038993,0.9149036919038993,4,26,0.0017333333333333333,9606,Homo sapiens,"422;15344;15882;9008;46195","","R-HSA-9750660;R-HSA-174931;R-HSA-9750656;R-HSA-9645220"
R-HSA-8873719,"RAB geranylgeranylation",4,68,0.004350607805502239,0.9152388391406491,0.9152388391406491,3,5,3.333333333333333E-4,9606,Homo sapiens,"35940;48861;76308;51209","","R-HSA-8870469;R-HSA-8870466;R-HSA-8870465"
R-HSA-156590,"Glutathione conjugation",4,68,0.004350607805502239,0.9152388391406491,0.9152388391406491,6,14,9.333333333333333E-4,9606,Homo sapiens,"183911;28867;28600;16856","","R-HSA-176054;R-HSA-3301943;R-HSA-8943279;R-HSA-1247915;R-HSA-176059;R-HSA-5693724"
R-HSA-8943724,"Regulation of PTEN gene transcription",4,68,0.004350607805502239,0.9152388391406491,0.9152388391406491,5,15,0.001,9606,Homo sapiens,"34496;34154;15963;68441","","R-HSA-8944104;R-HSA-8944457;R-HSA-6807077;R-HSA-8944099;R-HSA-8944454"
R-HSA-3928665,"EPH-ephrin mediated repulsion of cells",3,55,0.0035188739603326936,0.9185030060778103,0.9185030060778103,6,9,6.0E-4,9606,Homo sapiens,"27470;87732;17409","","R-HSA-4093327;R-HSA-3928607;R-HSA-3928654;R-HSA-3928604;R-HSA-3928642;R-HSA-3928628"
R-HSA-3560782,"Diseases associated with glycosaminoglycan metabolism",3,55,0.0035188739603326936,0.9185030060778103,0.9185030060778103,16,29,0.0019333333333333333,9606,Homo sapiens,"28666;18295;28946","","R-HSA-9035949;R-HSA-9035950;R-HSA-9036289;R-HSA-3656254;R-HSA-9036290;R-HSA-4420365;R-HSA-3656230;R-HSA-9036283;R-HSA-3656261;R-HSA-3560804;R-HSA-9036285;R-HSA-3560802;R-HSA-3656258;R-HSA-3656257;R-HSA-3656269;R-HSA-3656267"
R-HSA-445989,"TAK1-dependent IKK and NF-kappa-B activation  ",3,55,0.0035188739603326936,0.9185030060778103,0.9185030060778103,5,17,0.0011333333333333334,9606,Homo sapiens,"32114;53014;16556","","R-HSA-168166;R-HSA-9750946;R-HSA-9750226;R-HSA-168184;R-HSA-9750942"
R-HSA-674695,"RNA Polymerase II Pre-transcription Events",5,82,0.005246321177223289,0.9198763204912865,0.9198763204912865,13,17,0.0011333333333333334,9606,Homo sapiens,"50619;88735;9150;86366;7936","","R-HSA-113409;R-HSA-113411;R-HSA-113413;R-HSA-113414;R-HSA-112392;R-HSA-112395;R-HSA-112430;R-HSA-75856;R-HSA-75891;R-HSA-113429;R-HSA-112437;R-HSA-75862;R-HSA-73946"
R-HSA-1226099,"Signaling by FGFR in disease",5,82,0.005246321177223289,0.9198763204912865,0.9198763204912865,35,99,0.0066,9606,Homo sapiens,"28320;2611;3347;17362;15365","","R-HSA-1839065;R-HSA-8853313;R-HSA-1839067;R-HSA-5654748;R-HSA-5655323;R-HSA-5655320;R-HSA-2033488;R-HSA-5655301;R-HSA-1839112;R-HSA-1839114;R-HSA-5655233;R-HSA-5655247;R-HSA-1839110;R-HSA-5655245;R-HSA-2033474;R-HSA-5655243;R-HSA-5655241;R-HSA-1839107;R-HSA-1839100;R-HSA-1839102;R-HSA-1839039;R-HSA-1839098;R-HSA-1839094;R-HSA-1839095;R-HSA-1839031;R-HSA-2077424;R-HSA-1839091;R-HSA-5655268;R-HSA-2077421;R-HSA-1839080;R-HSA-5655343;R-HSA-1839078;R-HSA-5655341;R-HSA-5655339;R-HSA-5655336"
R-HSA-1222556,"ROS and RNS production in phagocytes",5,82,0.005246321177223289,0.9198763204912865,0.9198763204912865,5,45,0.003,9606,Homo sapiens,"18125;17203;16827;28009;17172","","R-HSA-418436;R-HSA-6789092;R-HSA-435171;R-HSA-6789114;R-HSA-6789208"
R-HSA-70326,"Glucose metabolism",9,132,0.008445297504798464,0.9204402685476214,0.9204402685476214,7,41,0.0027333333333333333,9606,Homo sapiens,"17981;28499;32365;32354;16199;28498;2089;17759;17754","","R-HSA-70420;R-HSA-71495;R-HSA-71496;R-HSA-8955794;R-HSA-71660;R-HSA-170796;R-HSA-70494"
R-HSA-168325,"Viral Messenger RNA Synthesis",4,69,0.004414587332053743,0.9205905613201331,0.9205905613201331,2,6,4.0E-4,9606,Homo sapiens,"17981;32365;32354;17759","","R-HSA-192627;R-HSA-192925"
R-HSA-5173214,"O-glycosylation of TSR domain-containing proteins",2,41,0.0026231605886116445,0.9211045764519867,0.9211045764519867,2,2,1.3333333333333334E-4,9606,Homo sapiens,"17200;86612","","R-HSA-5173005;R-HSA-5173192"
R-HSA-5673000,"RAF activation",2,41,0.0026231605886116445,0.9211045764519867,0.9211045764519867,10,12,8.0E-4,9606,Homo sapiens,"16828;30754","","R-HSA-5672950;R-HSA-5672966;R-HSA-5672951;R-HSA-5672960;R-HSA-9653108;R-HSA-5672961;R-HSA-5672958;R-HSA-5672957;R-HSA-9658445;R-HSA-5672969"
R-HSA-168638,"NOD1/2 Signaling Pathway",2,41,0.0026231605886116445,0.9211045764519867,0.9211045764519867,14,18,0.0012,9606,Homo sapiens,"90000;16556","","R-HSA-741386;R-HSA-688136;R-HSA-688137;R-HSA-706479;R-HSA-622415;R-HSA-741411;R-HSA-1247960;R-HSA-9676160;R-HSA-688985;R-HSA-168405;R-HSA-708349;R-HSA-741395;R-HSA-168184;R-HSA-168412"
R-HSA-5663213,"RHO GTPases Activate WASPs and WAVEs",2,41,0.0026231605886116445,0.9211045764519867,0.9211045764519867,6,10,6.666666666666666E-4,9606,Homo sapiens,"17973;17409","","R-HSA-2197698;R-HSA-2029466;R-HSA-442592;R-HSA-2197691;R-HSA-2197690;R-HSA-2029473"
R-HSA-901042,"Calnexin/calreticulin cycle",2,41,0.0026231605886116445,0.9211045764519867,0.9211045764519867,6,13,8.666666666666666E-4,9606,Homo sapiens,"25863;4208","","R-HSA-901036;R-HSA-901039;R-HSA-6782685;R-HSA-901024;R-HSA-8867288;R-HSA-901074"
R-HSA-9735869,"SARS-CoV-1 modulates host translation machinery",2,41,0.0026231605886116445,0.9211045764519867,0.9211045764519867,1,3,2.0E-4,9606,Homo sapiens,"17196;68440;32635","","R-HSA-9729232"
R-HSA-983170,"Antigen Presentation: Folding, assembly and peptide loading of class I MHC",2,41,0.0026231605886116445,0.9211045764519867,0.9211045764519867,5,16,0.0010666666666666667,9606,Homo sapiens,"16437;15996","","R-HSA-983422;R-HSA-8951499;R-HSA-983161;R-HSA-983142;R-HSA-983424"
R-HSA-9701190,"Defective homologous recombination repair (HRR) due to BRCA2 loss of function",2,41,0.0026231605886116445,0.9211045764519867,0.9211045764519867,1,4,2.666666666666667E-4,9606,Homo sapiens,"33678;176131","","R-HSA-9709571"
R-HSA-5205647,"Mitophagy",2,41,0.0026231605886116445,0.9211045764519867,0.9211045764519867,5,23,0.0015333333333333334,9606,Homo sapiens,"84557;37035","","R-HSA-9834070;R-HSA-5205663;R-HSA-8959571;R-HSA-8959573;R-HSA-5205649"
R-HSA-9680350,"Signaling by CSF1 (M-CSF) in myeloid cells",2,41,0.0026231605886116445,0.9211045764519867,0.9211045764519867,3,14,9.333333333333333E-4,9606,Homo sapiens,"28320;18132","","R-HSA-9680389;R-HSA-9680388;R-HSA-9680348"
R-HSA-9675136,"Diseases of DNA Double-Strand Break Repair",2,41,0.0026231605886116445,0.9211045764519867,0.9211045764519867,1,9,6.0E-4,9606,Homo sapiens,"33678;176131","","R-HSA-9709571"
R-HSA-8982491,"Glycogen metabolism",2,41,0.0026231605886116445,0.9211045764519867,0.9211045764519867,4,37,0.0024666666666666665,9606,Homo sapiens,"2611;34114","","R-HSA-71541;R-HSA-71588;R-HSA-9036727;R-HSA-453337"
R-HSA-190861,"Gap junction assembly",2,41,0.0026231605886116445,0.9211045764519867,0.9211045764519867,1,16,0.0010666666666666667,9606,Homo sapiens,"2700;2691","","R-HSA-190682"
R-HSA-9768919,"NPAS4 regulates expression of target genes",2,41,0.0026231605886116445,0.9211045764519867,0.9211045764519867,2,36,0.0024,9606,Homo sapiens,"17750;1387","","R-HSA-9644900;R-HSA-9769307"
R-HSA-2408522,"Selenoamino acid metabolism",13,180,0.011516314779270634,0.921896178688824,0.921896178688824,10,33,0.0022,9606,Homo sapiens,"17196;38397;9349;17154;29009;24786;28671;34114;30021;6128;16335;16797;30831;68440;32635","","R-HSA-2408532;R-HSA-2408551;R-HSA-2408544;R-HSA-2408529;R-HSA-2408546;R-HSA-2408540;R-HSA-2408525;R-HSA-2408543;R-HSA-2408537;R-HSA-5333615"
R-HSA-9609523,"Insertion of tail-anchored proteins into the endoplasmic reticulum membrane",1,25,0.001599488163787588,0.9220451389866701,0.9220451389866701,5,7,4.6666666666666666E-4,9606,Homo sapiens,"15487","","R-HSA-9609921;R-HSA-9609860;R-HSA-9610442;R-HSA-9609899;R-HSA-9609917"
R-HSA-389977,"Post-chaperonin tubulin folding pathway",1,25,0.001599488163787588,0.9220451389866701,0.9220451389866701,5,9,6.0E-4,9606,Homo sapiens,"6904","","R-HSA-389974;R-HSA-389969;R-HSA-389955;R-HSA-389964;R-HSA-389976"
R-HSA-977347,"Serine biosynthesis",1,25,0.001599488163787588,0.9220451389866701,0.9220451389866701,2,7,4.6666666666666666E-4,9606,Homo sapiens,"15811","","R-HSA-977324;R-HSA-977333"
R-HSA-389513,"CTLA4 inhibitory signaling",1,25,0.001599488163787588,0.9220451389866701,0.9220451389866701,1,5,3.333333333333333E-4,9606,Homo sapiens,"87986","","R-HSA-390329"
R-HSA-6807004,"Negative regulation of MET activity",1,25,0.001599488163787588,0.9220451389866701,0.9220451389866701,2,12,8.0E-4,9606,Homo sapiens,"6456","","R-HSA-8875490;R-HSA-8875482"
R-HSA-1362277,"Transcription of E2F targets under negative control by DREAM complex",1,25,0.001599488163787588,0.9220451389866701,0.9220451389866701,2,12,8.0E-4,9606,Homo sapiens,"41941","","R-HSA-8964525;R-HSA-8964513"
R-HSA-140875,"Common Pathway of Fibrin Clot Formation",1,25,0.001599488163787588,0.9220451389866701,0.9220451389866701,4,29,0.0019333333333333333,9606,Homo sapiens,"16040","","R-HSA-140851;R-HSA-140599;R-HSA-140842;R-HSA-140840"
R-HSA-2142700,"Synthesis of Lipoxins (LX)",1,25,0.001599488163787588,0.9220451389866701,0.9220451389866701,1,8,5.333333333333334E-4,9606,Homo sapiens,"1387;87998","","R-HSA-2161775"
R-HSA-8848584,"Wax and plasmalogen biosynthesis",1,25,0.001599488163787588,0.9220451389866701,0.9220451389866701,1,10,6.666666666666666E-4,9606,Homo sapiens,"17336","","R-HSA-8848585"
R-HSA-5620924,"Intraflagellar transport",3,56,0.003582853486884197,0.9241851638771121,0.9241851638771121,8,12,8.0E-4,9606,Homo sapiens,"18357;15996;67042","","R-HSA-5624949;R-HSA-5617825;R-HSA-5625424;R-HSA-5625426;R-HSA-5625421;R-HSA-5617820;R-HSA-5624952;R-HSA-5625416"
R-HSA-8963899,"Plasma lipoprotein remodeling",3,56,0.003582853486884197,0.9241851638771121,0.9241851638771121,17,31,0.0020666666666666667,9606,Homo sapiens,"16891;16113;15940","","R-HSA-174690;R-HSA-266310;R-HSA-264678;R-HSA-266082;R-HSA-174757;R-HSA-266350;R-HSA-8980228;R-HSA-176879;R-HSA-266089;R-HSA-266315;R-HSA-174739;R-HSA-264695;R-HSA-264689;R-HSA-349404;R-HSA-266303;R-HSA-266328;R-HSA-266299"
R-HSA-70263,"Gluconeogenesis",3,56,0.003582853486884197,0.9241851638771121,0.9241851638771121,2,17,0.0011333333333333334,9606,Homo sapiens,"28499;28498;2089","","R-HSA-71495;R-HSA-70494"
R-HSA-1169408,"ISG15 antiviral mechanism",5,83,0.005310300703774792,0.9245903040914545,0.9245903040914545,10,16,0.0010666666666666667,9606,Homo sapiens,"17981;32796;32365;32354;17759","","R-HSA-1169395;R-HSA-1678843;R-HSA-1169394;R-HSA-1678842;R-HSA-1169398;R-HSA-1176059;R-HSA-1169403;R-HSA-1169402;R-HSA-1169405;R-HSA-1169406"
R-HSA-1268020,"Mitochondrial protein import",4,70,0.004478566858605247,0.9256372018786064,0.9256372018786064,10,14,9.333333333333333E-4,9606,Homo sapiens,"15366;15929;49575;92609","","R-HSA-1299475;R-HSA-1268022;R-HSA-1299478;R-HSA-1299476;R-HSA-1307803;R-HSA-1955380;R-HSA-1299482;R-HSA-1299481;R-HSA-1299480;R-HSA-1299487"
R-HSA-5654687,"Downstream signaling of activated FGFR1",2,42,0.002687140115163148,0.9273668184202752,0.9273668184202752,23,24,0.0016,9606,Homo sapiens,"3347;17362","","R-HSA-5654582;R-HSA-5654167;R-HSA-5654165;R-HSA-5654578;R-HSA-5654591;R-HSA-5654586;R-HSA-5654587;R-HSA-5654584;R-HSA-5654392;R-HSA-5654692;R-HSA-5654596;R-HSA-5654597;R-HSA-5654149;R-HSA-5654594;R-HSA-5654690;R-HSA-5656064;R-HSA-5654592;R-HSA-5654575;R-HSA-5654573;R-HSA-5654571;R-HSA-5654600;R-HSA-8941623;R-HSA-5654569"
R-HSA-5654696,"Downstream signaling of activated FGFR2",2,42,0.002687140115163148,0.9273668184202752,0.9273668184202752,22,23,0.0015333333333333334,9606,Homo sapiens,"3347;17362","","R-HSA-5654614;R-HSA-5654615;R-HSA-5654612;R-HSA-5654608;R-HSA-5654622;R-HSA-5654399;R-HSA-5654620;R-HSA-5654397;R-HSA-5654618;R-HSA-5654406;R-HSA-5654407;R-HSA-5654404;R-HSA-5654402;R-HSA-5654147;R-HSA-5654607;R-HSA-5654159;R-HSA-8941618;R-HSA-5654701;R-HSA-5654605;R-HSA-5654157;R-HSA-5654603;R-HSA-5654697"
R-HSA-1482839,"Acyl chain remodelling of PE",2,42,0.002687140115163148,0.9273668184202752,0.9273668184202752,2,9,6.0E-4,9606,Homo sapiens,"32978;1427","","R-HSA-1482884;R-HSA-1482828"
R-HSA-5693616,"Presynaptic phase of homologous DNA pairing and strand exchange",2,42,0.002687140115163148,0.9273668184202752,0.9273668184202752,1,7,4.6666666666666666E-4,9606,Homo sapiens,"33678;176131","","R-HSA-5693561"
R-HSA-6811558,"PI5P, PP2A and IER3 Regulate PI3K/AKT Signaling",9,134,0.008573256557901471,0.9278683078786654,0.9278683078786654,3,7,4.6666666666666666E-4,9606,Homo sapiens,"17750;104011;28320;17362;17254;87986;18183;16238;6801;83490","","R-HSA-2316434;R-HSA-8857925;R-HSA-6811504"
R-HSA-156902,"Peptide chain elongation",6,97,0.0062060140754958415,0.9293377982422325,0.9293377982422325,4,5,3.333333333333333E-4,9606,Homo sapiens,"28671;17196;38397;34114;9349;6128;68440;32635","","R-HSA-156915;R-HSA-156912;R-HSA-156923;R-HSA-156907"
R-HSA-4641257,"Degradation of AXIN",3,57,0.0036468330134357004,0.9295020794966677,0.9295020794966677,8,8,5.333333333333334E-4,9606,Homo sapiens,"33442;17154;15346","","R-HSA-4641134;R-HSA-3640862;R-HSA-3640861;R-HSA-3640844;R-HSA-3640858;R-HSA-3640874;R-HSA-4641256;R-HSA-4641129"
R-HSA-9604323,"Negative regulation of NOTCH4 signaling",3,57,0.0036468330134357004,0.9295020794966677,0.9295020794966677,3,6,4.0E-4,9606,Homo sapiens,"33442;18132;176466","","R-HSA-9604642;R-HSA-9604629;R-HSA-9604606"
R-HSA-156588,"Glucuronidation",3,57,0.0036468330134357004,0.9295020794966677,0.9295020794966677,2,11,7.333333333333333E-4,9606,Homo sapiens,"15882;17688;46195","","R-HSA-174931;R-HSA-174916"
R-HSA-179409,"APC-Cdc20 mediated degradation of Nek2A",1,26,0.0016634676903390915,0.9296150168166782,0.9296150168166782,3,3,2.0E-4,9606,Homo sapiens,"31835","","R-HSA-179410;R-HSA-179417;R-HSA-179421"
R-HSA-5602498,"MyD88 deficiency (TLR2/4)",1,26,0.0016634676903390915,0.9296150168166782,0.9296150168166782,2,2,1.3333333333333334E-4,9606,Homo sapiens,"16040","","R-HSA-5602383;R-HSA-5602606"
R-HSA-202040,"G-protein activation",1,26,0.0016634676903390915,0.9296150168166782,0.9296150168166782,5,6,4.0E-4,9606,Homo sapiens,"25858","","R-HSA-167408;R-HSA-167429;R-HSA-167419;R-HSA-167433;R-HSA-112271"
R-HSA-1482925,"Acyl chain remodelling of PG",1,26,0.0016634676903390915,0.9296150168166782,0.9296150168166782,4,10,6.666666666666666E-4,9606,Homo sapiens,"1427","","R-HSA-1482900;R-HSA-1482847;R-HSA-1482920;R-HSA-1482745"
R-HSA-190241,"FGFR2 ligand binding and activation",1,26,0.0016634676903390915,0.9296150168166782,0.9296150168166782,2,5,3.333333333333333E-4,9606,Homo sapiens,"17362","","R-HSA-190260;R-HSA-190408"
R-HSA-450321,"JNK (c-Jun kinases) phosphorylation and  activation mediated by activated human TAK1",1,26,0.0016634676903390915,0.9296150168166782,0.9296150168166782,1,3,2.0E-4,9606,Homo sapiens,"16556","","R-HSA-450337"
R-HSA-69186,"Lagging Strand Synthesis",1,26,0.0016634676903390915,0.9296150168166782,0.9296150168166782,3,11,7.333333333333333E-4,9606,Homo sapiens,"176131","","R-HSA-69063;R-HSA-69053;R-HSA-69068"
R-HSA-111931,"PKA-mediated phosphorylation of CREB",1,26,0.0016634676903390915,0.9296150168166782,0.9296150168166782,1,7,4.6666666666666666E-4,9606,Homo sapiens,"113","","R-HSA-111930"
R-HSA-198753,"ERK/MAPK targets",1,26,0.0016634676903390915,0.9296150168166782,0.9296150168166782,1,7,4.6666666666666666E-4,9606,Homo sapiens,"4208","","R-HSA-199929"
R-HSA-9819196,"Zygotic genome activation (ZGA)",1,26,0.0016634676903390915,0.9296150168166782,0.9296150168166782,2,17,0.0011333333333333334,9606,Homo sapiens,"1387","","R-HSA-9816396;R-HSA-9818523"
R-HSA-5637815,"Signaling by Ligand-Responsive EGFR Variants in Cancer",1,26,0.0016634676903390915,0.9296150168166782,0.9296150168166782,2,23,0.0015333333333333334,9606,Homo sapiens,"3347","","R-HSA-1247842;R-HSA-1247844"
R-HSA-1236382,"Constitutive Signaling by Ligand-Responsive EGFR Cancer Variants",1,26,0.0016634676903390915,0.9296150168166782,0.9296150168166782,2,23,0.0015333333333333334,9606,Homo sapiens,"3347","","R-HSA-1247842;R-HSA-1247844"
R-HSA-140837,"Intrinsic Pathway of Fibrin Clot Formation",1,26,0.0016634676903390915,0.9296150168166782,0.9296150168166782,2,24,0.0016,9606,Homo sapiens,"15714","","R-HSA-158118;R-HSA-158137"
R-HSA-380284,"Loss of proteins required for interphase microtubule organization from the centrosome",4,71,0.00454254638515675,0.9303931656244,0.9303931656244,3,3,2.0E-4,9606,Homo sapiens,"27373;181620;16586;27389;33033","","R-HSA-380294;R-HSA-380272;R-HSA-380303"
R-HSA-380259,"Loss of Nlp from mitotic centrosomes",4,71,0.00454254638515675,0.9303931656244,0.9303931656244,2,2,1.3333333333333334E-4,9606,Homo sapiens,"27373;181620;16586;27389;33033","","R-HSA-380272;R-HSA-380303"
R-HSA-1839126,"FGFR2 mutant receptor activation",2,43,0.0027511196417146513,0.9331573490677783,0.9331573490677783,5,18,0.0012,9606,Homo sapiens,"2611;17362","","R-HSA-2077421;R-HSA-8853313;R-HSA-2033474;R-HSA-2077424;R-HSA-2033488"
R-HSA-114604,"GPVI-mediated activation cascade",2,43,0.0027511196417146513,0.9331573490677783,0.9331573490677783,6,25,0.0016666666666666668,9606,Homo sapiens,"16797;15768","","R-HSA-139842;R-HSA-434836;R-HSA-453200;R-HSA-437118;R-HSA-453183;R-HSA-114600"
R-HSA-111933,"Calmodulin induced events",2,43,0.0027511196417146513,0.9331573490677783,0.9331573490677783,3,23,0.0015333333333333334,9606,Homo sapiens,"113;68329","","R-HSA-111955;R-HSA-111956;R-HSA-111930"
R-HSA-111997,"CaM pathway",2,43,0.0027511196417146513,0.9331573490677783,0.9331573490677783,3,24,0.0016,9606,Homo sapiens,"113;68329","","R-HSA-111955;R-HSA-111956;R-HSA-111930"
R-HSA-5655253,"Signaling by FGFR2 in disease",3,58,0.0037108125399872042,0.9344740804214532,0.9344740804214532,15,28,0.0018666666666666666,9606,Homo sapiens,"2611;3347;17362","","R-HSA-8853313;R-HSA-5654748;R-HSA-5655323;R-HSA-5655320;R-HSA-2077424;R-HSA-2033488;R-HSA-5655268;R-HSA-2077421;R-HSA-5655301;R-HSA-5655233;R-HSA-5655343;R-HSA-5655245;R-HSA-5655339;R-HSA-2033474;R-HSA-5655241"
R-HSA-9748787,"Azathioprine ADME",3,58,0.0037108125399872042,0.9344740804214532,0.9344740804214532,4,18,0.0012,9606,Homo sapiens,"18102;28279;16259","","R-HSA-9748999;R-HSA-9748983;R-HSA-9748945;R-HSA-9748969"
R-HSA-2162123,"Synthesis of Prostaglandins (PG) and Thromboxanes (TX)",3,58,0.0037108125399872042,0.9344740804214532,0.9344740804214532,5,33,0.0022,9606,Homo sapiens,"16797;27647;16856","","R-HSA-140355;R-HSA-140359;R-HSA-2309787;R-HSA-2161660;R-HSA-2309773"
R-HSA-1169091,"Activation of NF-kappaB in B cells",4,72,0.004606525911708253,0.9348724604178421,0.9348724604178421,5,10,6.666666666666666E-4,9606,Homo sapiens,"33442;35045;176466;28924","","R-HSA-1168640;R-HSA-1168643;R-HSA-1168642;R-HSA-1168633;R-HSA-1168638"
R-HSA-76066,"RNA Polymerase III Transcription Initiation From Type 2 Promoter",1,27,0.001727447216890595,0.9364502307973843,0.9364502307973843,4,4,2.666666666666667E-4,9606,Homo sapiens,"88738","","R-HSA-112150;R-HSA-83805;R-HSA-83788;R-HSA-83790"
R-HSA-5696397,"Gap-filling DNA repair synthesis and ligation in GG-NER",1,27,0.001727447216890595,0.9364502307973843,0.9364502307973843,2,2,1.3333333333333334E-4,9606,Homo sapiens,"176131","","R-HSA-5690997;R-HSA-5691001"
R-HSA-5603041,"IRAK4 deficiency (TLR2/4)",1,27,0.001727447216890595,0.9364502307973843,0.9364502307973843,2,2,1.3333333333333334E-4,9606,Homo sapiens,"16040","","R-HSA-5602353;R-HSA-5602672"
R-HSA-9694614,"Attachment and Entry",1,27,0.001727447216890595,0.9364502307973843,0.9364502307973843,5,11,7.333333333333333E-4,9606,Homo sapiens,"28946","","R-HSA-9694579;R-HSA-9694661;R-HSA-9699007;R-HSA-9697423;R-HSA-9698988"
R-HSA-211979,"Eicosanoids",1,27,0.001727447216890595,0.9364502307973843,0.9364502307973843,2,6,4.0E-4,9606,Homo sapiens,"16474","","R-HSA-215526;R-HSA-211919"
R-HSA-174403,"Glutathione synthesis and recycling",1,27,0.001727447216890595,0.9364502307973843,0.9364502307973843,2,9,6.0E-4,9606,Homo sapiens,"16856","","R-HSA-8943279;R-HSA-1247915"
R-HSA-8949215,"Mitochondrial calcium ion transport",1,27,0.001727447216890595,0.9364502307973843,0.9364502307973843,2,10,6.666666666666666E-4,9606,Homo sapiens,"31463","","R-HSA-8949178;R-HSA-8953461"
R-HSA-5627123,"RHO GTPases activate PAKs",1,27,0.001727447216890595,0.9364502307973843,0.9364502307973843,2,15,0.001,9606,Homo sapiens,"16543","","R-HSA-5669158;R-HSA-2029456"
R-HSA-9034015,"Signaling by NTRK3 (TRKC)",1,27,0.001727447216890595,0.9364502307973843,0.9364502307973843,2,19,0.0012666666666666666,9606,Homo sapiens,"3347","","R-HSA-9034814;R-HSA-9034855"
R-HSA-9671555,"Signaling by PDGFR in disease",1,27,0.001727447216890595,0.9364502307973843,0.9364502307973843,2,24,0.0016,9606,Homo sapiens,"6801","","R-HSA-9673757;R-HSA-9673756"
R-HSA-5620912,"Anchoring of the basal body to the plasma membrane",6,99,0.006333973128598848,0.9370546585144856,0.9370546585144856,8,9,6.0E-4,9606,Homo sapiens,"27373;181620;16586;27389;33033;86562;17306","","R-HSA-5626228;R-HSA-5626227;R-HSA-5626220;R-HSA-5626223;R-HSA-5626681;R-HSA-5617816;R-HSA-5626699;R-HSA-5638009"
R-HSA-5619084,"ABC transporter disorders",6,99,0.006333973128598848,0.9370546585144856,0.9370546585144856,7,23,0.0015333333333333334,9606,Homo sapiens,"21553;27410;33442;17351;16113;16525","","R-HSA-5678517;R-HSA-5682111;R-HSA-5683325;R-HSA-5679101;R-HSA-8866858;R-HSA-5683672;R-HSA-5679145"
R-HSA-5617833,"Cilium Assembly",15,209,0.013371721049264235,0.9380887137097235,0.9380887137097235,36,50,0.0033333333333333335,9606,Homo sapiens,"18357;181620;15355;16586;15354;15671;27500;28645;27373;27389;33033;15996;50613;86562;17306;67042","","R-HSA-5617815;R-HSA-5625424;R-HSA-5625426;R-HSA-5617820;R-HSA-5623519;R-HSA-5623513;R-HSA-5617816;R-HSA-5618331;R-HSA-5624133;R-HSA-5624129;R-HSA-5624130;R-HSA-5625421;R-HSA-5625416;R-HSA-5626699;R-HSA-5624949;R-HSA-5638006;R-HSA-5626228;R-HSA-5638007;R-HSA-5638004;R-HSA-5620918;R-HSA-5626227;R-HSA-5620914;R-HSA-5624125;R-HSA-5624127;R-HSA-5624126;R-HSA-5626681;R-HSA-5620921;R-HSA-5624952;R-HSA-5638009;R-HSA-5623525;R-HSA-5623524;R-HSA-5623527;R-HSA-5623521;R-HSA-5617825;R-HSA-5626220;R-HSA-5626223"
R-HSA-1296072,"Voltage gated Potassium channels",2,44,0.0028150991682661546,0.9385087000536467,0.9385087000536467,1,1,6.666666666666667E-5,9606,Homo sapiens,"2955;16285","","R-HSA-1296127"
R-HSA-5689896,"Ovarian tumor domain proteases",2,44,0.0028150991682661546,0.9385087000536467,0.9385087000536467,4,14,9.333333333333333E-4,9606,Homo sapiens,"37371;16556","","R-HSA-5690870;R-HSA-688136;R-HSA-8869506;R-HSA-6781905"
R-HSA-2142789,"Ubiquinol biosynthesis",2,44,0.0028150991682661546,0.9385087000536467,0.9385087000536467,4,14,9.333333333333333E-4,9606,Homo sapiens,"16939;17597","","R-HSA-2162194;R-HSA-9856737;R-HSA-2162187;R-HSA-9856794"
R-HSA-9694548,"Maturation of spike protein",2,44,0.0028150991682661546,0.9385087000536467,0.9385087000536467,2,12,8.0E-4,9606,Homo sapiens,"15903;18347","","R-HSA-9686790;R-HSA-9694364"
R-HSA-9013409,"RHOJ GTPase cycle",3,59,0.0037747920665387076,0.9391206984757817,0.9391206984757817,2,3,2.0E-4,9606,Homo sapiens,"16283;32398;88458","","R-HSA-9017488;R-HSA-9017507"
R-HSA-3371571,"HSF1-dependent transactivation",3,59,0.0037747920665387076,0.9391206984757817,0.9391206984757817,2,8,5.333333333333334E-4,9606,Homo sapiens,"16231;1387;27732","","R-HSA-3371554;R-HSA-5082356"
R-HSA-9020702,"Interleukin-1 signaling",8,125,0.00799744081893794,0.9391781090911395,0.9391781090911395,24,59,0.003933333333333333,9606,Homo sapiens,"16176;16175;32114;33442;53014;176466;16556;28924","","R-HSA-446694;R-HSA-507719;R-HSA-446692;R-HSA-209063;R-HSA-168166;R-HSA-9750226;R-HSA-209061;R-HSA-209125;R-HSA-446862;R-HSA-446894;R-HSA-9750942;R-HSA-446701;R-HSA-5684250;R-HSA-446634;R-HSA-5684248;R-HSA-446868;R-HSA-450133;R-HSA-446130;R-HSA-9750946;R-HSA-168184;R-HSA-446684;R-HSA-445752;R-HSA-446648;R-HSA-445753"
R-HSA-977068,"Termination of O-glycan biosynthesis",1,28,0.0017914267434420985,0.9426220403729796,0.9426220403729796,4,4,2.666666666666667E-4,9606,Homo sapiens,"4582","","R-HSA-977071;R-HSA-981497;R-HSA-981814;R-HSA-981809"
R-HSA-76071,"RNA Polymerase III Transcription Initiation From Type 3 Promoter",1,28,0.0017914267434420985,0.9426220403729796,0.9426220403729796,4,4,2.666666666666667E-4,9606,Homo sapiens,"174255","","R-HSA-83793;R-HSA-112152;R-HSA-83803;R-HSA-83791"
R-HSA-5654689,"PI-3K cascade:FGFR1",1,28,0.0017914267434420985,0.9426220403729796,0.9426220403729796,6,7,4.6666666666666666E-4,9606,Homo sapiens,"17362","","R-HSA-5654692;R-HSA-5654596;R-HSA-5654594;R-HSA-5654690;R-HSA-5654592;R-HSA-5654591"
R-HSA-76061,"RNA Polymerase III Transcription Initiation From Type 1 Promoter",1,28,0.0017914267434420985,0.9426220403729796,0.9426220403729796,4,5,3.333333333333333E-4,9606,Homo sapiens,"88738","","R-HSA-76054;R-HSA-76056;R-HSA-83723;R-HSA-76060"
R-HSA-389357,"CD28 dependent PI3K/Akt signaling",1,28,0.0017914267434420985,0.9426220403729796,0.9426220403729796,2,9,6.0E-4,9606,Homo sapiens,"87986","","R-HSA-198640;R-HSA-2317332"
R-HSA-9013507,"NOTCH3 Activation and Transmission of Signal to the Nucleus",1,28,0.0017914267434420985,0.9426220403729796,0.9426220403729796,2,15,0.001,9606,Homo sapiens,"16450","","R-HSA-9013069;R-HSA-157124"
R-HSA-9857377,"Regulation of MITF-M-dependent genes involved in lysosome biogenesis and autophagy",1,28,0.0017914267434420985,0.9426220403729796,0.9426220403729796,1,13,8.666666666666666E-4,9606,Homo sapiens,"15956","","R-HSA-9859104"
R-HSA-6804115,"TP53 regulates transcription of additional cell cycle genes whose exact role in the p53 pathway remain uncertain",1,28,0.0017914267434420985,0.9426220403729796,0.9426220403729796,1,14,9.333333333333333E-4,9606,Homo sapiens,"17405","","R-HSA-6803946"
R-HSA-6803205,"TP53 regulates transcription of several additional cell death genes whose specific roles in p53-dependent apoptosis remain uncertain",1,28,0.0017914267434420985,0.9426220403729796,0.9426220403729796,1,19,0.0012666666666666666,9606,Homo sapiens,"91316","","R-HSA-6800816"
R-HSA-9694676,"Translation of Replicase and Assembly of the Replication Transcription Complex",1,28,0.0017914267434420985,0.9426220403729796,0.9426220403729796,1,35,0.0023333333333333335,9606,Homo sapiens,"36751","","R-HSA-9698265"
R-HSA-196757,"Metabolism of folate and pterines",2,45,0.0028790786948176585,0.9434515337656,0.9434515337656,8,31,0.0020666666666666667,9606,Homo sapiens,"27470;17768","","R-HSA-8942344;R-HSA-6801462;R-HSA-200646;R-HSA-6801328;R-HSA-197963;R-HSA-200729;R-HSA-8940134;R-HSA-9709098"
R-HSA-5213460,"RIPK1-mediated regulated necrosis",2,45,0.0028790786948176585,0.9434515337656,0.9434515337656,5,29,0.0019333333333333333,9606,Homo sapiens,"1879;32425","","R-HSA-3465429;R-HSA-5675456;R-HSA-5213462;R-HSA-5620975;R-HSA-9688456"
R-HSA-5693579,"Homologous DNA Pairing and Strand Exchange",2,45,0.0028790786948176585,0.9434515337656,0.9434515337656,1,10,6.666666666666666E-4,9606,Homo sapiens,"33678;176131","","R-HSA-5693561"
R-HSA-8866654,"E3 ubiquitin ligases ubiquitinate target proteins",3,60,0.003838771593090211,0.9434606612268764,0.9434606612268764,5,16,0.0010666666666666667,9606,Homo sapiens,"37035;17261;68441","","R-HSA-8938829;R-HSA-8938815;R-HSA-8942099;R-HSA-8942101;R-HSA-8938773"
R-HSA-975956,"Nonsense Mediated Decay (NMD) independent of the Exon Junction Complex (EJC)",6,101,0.006461932181701855,0.9440130485980407,0.9440130485980407,1,1,6.666666666666667E-5,9606,Homo sapiens,"28671;17196;38397;34114;9349;6128;68440;32635","","R-HSA-927789"
R-HSA-6806834,"Signaling by MET",5,88,0.005630198336532309,0.94465034858228,0.94465034858228,4,51,0.0034,9606,Homo sapiens,"6456;88458;36210;16335;15768","","R-HSA-8875490;R-HSA-8874079;R-HSA-8875531;R-HSA-8875482"
R-HSA-9830369,"Kidney development",4,75,0.0047984644913627635,0.9467840774989151,0.9467840774989151,10,50,0.0033333333333333335,9606,Homo sapiens,"2668;15728;12387;15367","","R-HSA-9761173;R-HSA-9832340;R-HSA-9830754;R-HSA-9830368;R-HSA-9830371;R-HSA-9830480;R-HSA-9761170;R-HSA-9830765;R-HSA-9830762;R-HSA-9832331"
R-HSA-193368,"Synthesis of bile acids and bile salts via 7alpha-hydroxycholesterol",4,75,0.0047984644913627635,0.9467840774989151,0.9467840774989151,6,39,0.0026,9606,Homo sapiens,"16113;16525;28834;15539","","R-HSA-193362;R-HSA-193491;R-HSA-192051;R-HSA-192341;R-HSA-192315;R-HSA-193533"
R-HSA-391251,"Protein folding",6,102,0.006525911708253359,0.9472272600421656,0.9472272600421656,17,28,0.0018666666666666666,9606,Homo sapiens,"28918;25858;30838;17409;15946;6904;28924","","R-HSA-6814119;R-HSA-390470;R-HSA-389955;R-HSA-8850560;R-HSA-389964;R-HSA-6814124;R-HSA-6814121;R-HSA-6814120;R-HSA-390453;R-HSA-389974;R-HSA-389969;R-HSA-6814418;R-HSA-389970;R-HSA-8850527;R-HSA-389980;R-HSA-389976;R-HSA-390459"
R-HSA-156842,"Eukaryotic Translation Elongation",6,102,0.006525911708253359,0.9472272600421656,0.9472272600421656,4,9,6.0E-4,9606,Homo sapiens,"28671;17196;38397;34114;9349;6128;68440;32635","","R-HSA-156915;R-HSA-156912;R-HSA-156923;R-HSA-156907"
R-HSA-6791226,"Major pathway of rRNA processing in the nucleolus and cytosol",13,189,0.012092130518234165,0.9472311041399369,0.9472311041399369,7,7,4.6666666666666666E-4,9606,Homo sapiens,"9188;181620;17196;38397;9349;27373;28671;28661;34114;27971;174634;17967;6128;68440;30797;32635","","R-HSA-6791223;R-HSA-6791222;R-HSA-6791221;R-HSA-6791219;R-HSA-6791218;R-HSA-6791228;R-HSA-6791227"
R-HSA-9633012,"Response of EIF2AK4 (GCN2) to amino acid deficiency",7,115,0.007357645553422905,0.9473740621888969,0.9473740621888969,6,16,0.0010666666666666667,9606,Homo sapiens,"28671;17196;38397;87614;34114;9349;6128;68440;32635","","R-HSA-9650722;R-HSA-9633008;R-HSA-9633742;R-HSA-381128;R-HSA-9634669;R-HSA-9633005"
R-HSA-9639288,"Amino acids regulate mTORC1",3,61,0.003902751119641715,0.9475118897763259,0.9475118897763259,12,12,8.0E-4,9606,Homo sapiens,"28600;28006;68441","","R-HSA-9657619;R-HSA-9640195;R-HSA-9639287;R-HSA-9640167;R-HSA-9639286;R-HSA-9646468;R-HSA-9640168;R-HSA-9645608;R-HSA-9640175;R-HSA-9640254;R-HSA-9645598;R-HSA-9640237"
R-HSA-5250924,"B-WICH complex positively regulates rRNA expression",3,61,0.003902751119641715,0.9475118897763259,0.9475118897763259,3,3,2.0E-4,9606,Homo sapiens,"15351;9188;17409","","R-HSA-5250930;R-HSA-5250947;R-HSA-5250938"
R-HSA-5676590,"NIK-->noncanonical NF-kB signaling",3,61,0.003902751119641715,0.9475118897763259,0.9475118897763259,3,9,6.0E-4,9606,Homo sapiens,"33442;176466;28924","","R-HSA-5607731;R-HSA-5607725;R-HSA-5607723"
R-HSA-1852241,"Organelle biogenesis and maintenance",26,340,0.021753039027511197,0.9477128605433286,0.9477128605433286,44,86,0.005733333333333333,9606,Homo sapiens,"18357;181620;27500;17261;27389;33033;50613;86562;4208;17306;67042;15355;16586;15354;17351;17154;15671;84808;28645;24702;27373;1547;28364;2710;27432;1387;15996","","R-HSA-5617815;R-HSA-5688276;R-HSA-5625424;R-HSA-5625426;R-HSA-5617820;R-HSA-5623519;R-HSA-5623513;R-HSA-5617816;R-HSA-5618331;R-HSA-5624133;R-HSA-5624129;R-HSA-5624130;R-HSA-1368140;R-HSA-5625421;R-HSA-8940309;R-HSA-5625416;R-HSA-5626699;R-HSA-5624949;R-HSA-5638006;R-HSA-5626228;R-HSA-8949609;R-HSA-5638007;R-HSA-5638004;R-HSA-5620918;R-HSA-5626227;R-HSA-5620914;R-HSA-5624125;R-HSA-5624127;R-HSA-5624126;R-HSA-5626681;R-HSA-5620921;R-HSA-1592244;R-HSA-5624952;R-HSA-5638009;R-HSA-5623525;R-HSA-5688294;R-HSA-5623524;R-HSA-5623527;R-HSA-5623521;R-HSA-5617825;R-HSA-1592238;R-HSA-5688289;R-HSA-5626220;R-HSA-5626223"
R-HSA-2024096,"HS-GAG degradation",2,46,0.002943058221369162,0.9480146997367281,0.9480146997367281,4,14,9.333333333333333E-4,9606,Homo sapiens,"28061;28946","","R-HSA-2090079;R-HSA-1667005;R-HSA-2024084;R-HSA-1678694"
R-HSA-71064,"Lysine catabolism",2,46,0.002943058221369162,0.9480146997367281,0.9480146997367281,2,15,0.001,9606,Homo sapiens,"24813;16474","","R-HSA-5693347;R-HSA-6783880"
R-HSA-71336,"Pentose phosphate pathway",2,46,0.002943058221369162,0.9480146997367281,0.9480146997367281,2,20,0.0013333333333333333,9606,Homo sapiens,"28009;47013","","R-HSA-8955844;R-HSA-6787321"
R-HSA-3781860,"Diseases associated with N-glycosylation of proteins",2,46,0.002943058221369162,0.9480146997367281,0.9480146997367281,2,24,0.0016,9606,Homo sapiens,"18347;85253","","R-HSA-4793947;R-HSA-4724291"
R-HSA-977225,"Amyloid fiber formation",5,89,0.0056941778630838135,0.9480308802847797,0.9480308802847797,10,33,0.0022,9606,Homo sapiens,"17750;15366;15940;15532;16040","","R-HSA-976734;R-HSA-5693092;R-HSA-5661157;R-HSA-5660757;R-HSA-5660752;R-HSA-5658496;R-HSA-5660753;R-HSA-977136;R-HSA-5658104;R-HSA-5661161"
R-HSA-167160,"RNA Pol II CTD phosphorylation and interaction with CE during HIV infection",1,29,0.0018554062699936021,0.9481947970249457,0.9481947970249457,5,5,3.333333333333333E-4,9606,Homo sapiens,"88735","","R-HSA-167153;R-HSA-167111;R-HSA-167098;R-HSA-167128;R-HSA-167133"
R-HSA-77075,"RNA Pol II CTD phosphorylation and interaction with CE",1,29,0.0018554062699936021,0.9481947970249457,0.9481947970249457,5,5,3.333333333333333E-4,9606,Homo sapiens,"88735","","R-HSA-77073;R-HSA-113430;R-HSA-77069;R-HSA-77068;R-HSA-77071"
R-HSA-389957,"Prefoldin mediated transfer of substrate  to CCT/TriC",1,29,0.0018554062699936021,0.9481947970249457,0.9481947970249457,2,2,1.3333333333333334E-4,9606,Homo sapiens,"17409","","R-HSA-389970;R-HSA-389980"
R-HSA-9648895,"Response of EIF2AK1 (HRI) to heme deficiency",1,29,0.0018554062699936021,0.9481947970249457,0.9481947970249457,5,20,0.0013333333333333333,9606,Homo sapiens,"87614","","R-HSA-9650722;R-HSA-9653745;R-HSA-9650710;R-HSA-9648888;R-HSA-381128"
R-HSA-9830674,"Formation of the ureteric bud",1,29,0.0018554062699936021,0.9481947970249457,0.9481947970249457,3,14,9.333333333333333E-4,9606,Homo sapiens,"2668","","R-HSA-9830754;R-HSA-9830765;R-HSA-9830762"
R-HSA-5674400,"Constitutive Signaling by AKT1 E17K in Cancer",1,29,0.0018554062699936021,0.9481947970249457,0.9481947970249457,3,18,0.0012,9606,Homo sapiens,"87986","","R-HSA-2243938;R-HSA-2219536;R-HSA-2400010"
R-HSA-164952,"The role of Nef in HIV-1 replication and disease pathogenesis",1,29,0.0018554062699936021,0.9481947970249457,0.9481947970249457,3,20,0.0013333333333333333,9606,Homo sapiens,"28822","","R-HSA-182263;R-HSA-182279;R-HSA-182286"
R-HSA-446210,"Synthesis of UDP-N-acetyl-glucosamine",1,29,0.0018554062699936021,0.9481947970249457,0.9481947970249457,1,7,4.6666666666666666E-4,9606,Homo sapiens,"32796","","R-HSA-446185"
R-HSA-9027604,"Biosynthesis of electrophilic ω-3 PUFA oxo-derivatives",1,29,0.0018554062699936021,0.9481947970249457,0.9481947970249457,2,20,0.0013333333333333333,9606,Homo sapiens,"28364","","R-HSA-9027628;R-HSA-9028255"
R-HSA-9634638,"Estrogen-dependent nuclear events downstream of ESR-membrane signaling",1,29,0.0018554062699936021,0.9481947970249457,0.9481947970249457,1,12,8.0E-4,9606,Homo sapiens,"17254","","R-HSA-9625465"
R-HSA-982772,"Growth hormone receptor signaling",1,29,0.0018554062699936021,0.9481947970249457,0.9481947970249457,2,28,0.0018666666666666666,9606,Homo sapiens,"27374","","R-HSA-1168809;R-HSA-1168813"
R-HSA-3858494,"Beta-catenin independent WNT signaling",11,166,0.010620601407549585,0.9500955137784319,0.9500955137784319,27,51,0.0034,9606,Homo sapiens,"16440;25858;15728;27470;32111;32980;33442;71012;12387;16628;18019","","R-HSA-3858491;R-HSA-5140747;R-HSA-4086392;R-HSA-4086393;R-HSA-3858482;R-HSA-4411402;R-HSA-3858480;R-HSA-5140741;R-HSA-5138433;R-HSA-4608855;R-HSA-169680;R-HSA-5138459;R-HSA-4420052;R-HSA-4551451;R-HSA-398040;R-HSA-8944362;R-HSA-5099886;R-HSA-4411365;R-HSA-4551465;R-HSA-4411383;R-HSA-398193;R-HSA-3965444;R-HSA-3965446;R-HSA-3965447;R-HSA-3965441;R-HSA-4518585;R-HSA-4608825"
R-HSA-6805567,"Keratinization",16,226,0.014459373000639795,0.9501998751232821,0.9501998751232821,17,34,0.002266666666666667,9606,Homo sapiens,"16682;89582;16680;16283;16675;16322;16113;6698;16668;30746;16325;91316;50205;15428;15614;30745;30744","","R-HSA-6814695;R-HSA-6806629;R-HSA-6805573;R-HSA-6814734;R-HSA-6810894;R-HSA-6814764;R-HSA-6805546;R-HSA-6810357;R-HSA-6806613;R-HSA-6814387;R-HSA-6811539;R-HSA-6806610;R-HSA-6809393;R-HSA-8942224;R-HSA-6809663;R-HSA-6814298;R-HSA-6810937"
R-HSA-9833110,"RSV-host interactions",7,116,0.0074216250799744084,0.9502590082596521,0.9502590082596521,6,27,0.0018,9606,Homo sapiens,"86507;17685;32796;16796;1387;17336;28946","","R-HSA-9833446;R-HSA-9836468;R-HSA-9836899;R-HSA-9837231;R-HSA-1028817;R-HSA-9836857"
R-HSA-167172,"Transcription of the HIV genome",4,76,0.004862444017914268,0.9502882448831352,0.9502882448831352,46,47,0.0031333333333333335,9606,Homo sapiens,"88735;9150;86366;7936","","R-HSA-167234;R-HSA-167111;R-HSA-167115;R-HSA-167113;R-HSA-167118;R-HSA-167181;R-HSA-167117;R-HSA-170706;R-HSA-170704;R-HSA-167121;R-HSA-167191;R-HSA-167130;R-HSA-167192;R-HSA-167128;R-HSA-167134;R-HSA-167196;R-HSA-167197;R-HSA-167133;R-HSA-9613490;R-HSA-167459;R-HSA-167072;R-HSA-167136;R-HSA-167076;R-HSA-167077;R-HSA-9613498;R-HSA-167147;R-HSA-167083;R-HSA-167150;R-HSA-167087;R-HSA-167148;R-HSA-167084;R-HSA-167468;R-HSA-167085;R-HSA-167090;R-HSA-167282;R-HSA-167474;R-HSA-167153;R-HSA-167478;R-HSA-167284;R-HSA-167477;R-HSA-167098;R-HSA-167288;R-HSA-167481;R-HSA-167097;R-HSA-167292;R-HSA-167484"
R-HSA-5218859,"Regulated Necrosis",4,76,0.004862444017914268,0.9502882448831352,0.9502882448831352,6,52,0.0034666666666666665,9606,Homo sapiens,"16176;16175;1879;32425","","R-HSA-3465429;R-HSA-449058;R-HSA-5675456;R-HSA-5213462;R-HSA-5620975;R-HSA-9688456"
R-HSA-2219528,"PI3K/AKT Signaling in Cancer",8,129,0.008253358925143953,0.9508677654558232,0.9508677654558232,4,21,0.0014,9606,Homo sapiens,"104011;28320;17362;17254;87986;18183;16238;6801;83490","","R-HSA-2243938;R-HSA-2219536;R-HSA-2400009;R-HSA-2400010"
R-HSA-1483249,"Inositol phosphate metabolism",5,90,0.005758157389635317,0.9512231575598284,0.9512231575598284,10,71,0.004733333333333333,9606,Homo sapiens,"16330;17268;32980;32398;4170","","R-HSA-1855213;R-HSA-5678327;R-HSA-1855177;R-HSA-1855178;R-HSA-1855210;R-HSA-1855211;R-HSA-1855174;R-HSA-1855222;R-HSA-1855218;R-HSA-1855154"
R-HSA-199418,"Negative regulation of the PI3K/AKT network",9,142,0.0090850927703135,0.951895694009658,0.951895694009658,4,10,6.666666666666666E-4,9606,Homo sapiens,"17750;104011;28320;17362;17254;87986;18183;16238;6801;83490","","R-HSA-199443;R-HSA-2316434;R-HSA-8857925;R-HSA-6811504"
R-HSA-5696395,"Formation of Incision Complex in GG-NER",2,47,0.0030070377479206652,0.952225297698131,0.952225297698131,10,10,6.666666666666666E-4,9606,Homo sapiens,"88735;16865","","R-HSA-6790487;R-HSA-6790454;R-HSA-109955;R-HSA-5690996;R-HSA-5689317;R-HSA-5689861;R-HSA-5696465;R-HSA-5696670;R-HSA-5690991;R-HSA-5691000"
R-HSA-9646399,"Aggrephagy",2,47,0.0030070377479206652,0.952225297698131,0.952225297698131,7,15,0.001,9606,Homo sapiens,"19232;50613","","R-HSA-9646354;R-HSA-9646679;R-HSA-9646390;R-HSA-9646347;R-HSA-9646383;R-HSA-9646685;R-HSA-9646348"
R-HSA-975576,"N-glycan antennae elongation in the medial/trans-Golgi",2,47,0.0030070377479206652,0.952225297698131,0.952225297698131,2,14,9.333333333333333E-4,9606,Homo sapiens,"16082;4208","","R-HSA-975814;R-HSA-5693807"
R-HSA-1251985,"Nuclear signaling by ERBB4",2,47,0.0030070377479206652,0.952225297698131,0.952225297698131,2,34,0.002266666666666667,9606,Homo sapiens,"104011;18183;15940","","R-HSA-9612243;R-HSA-1251992"
R-HSA-5654688,"SHC-mediated cascade:FGFR1",1,30,0.0019193857965451055,0.9532266135572263,0.9532266135572263,4,4,2.666666666666667E-4,9606,Homo sapiens,"17362","","R-HSA-5654582;R-HSA-5654597;R-HSA-5654573;R-HSA-5654600"
R-HSA-202430,"Translocation of ZAP-70 to Immunological synapse",1,30,0.0019193857965451055,0.9532266135572263,0.9532266135572263,4,4,2.666666666666667E-4,9606,Homo sapiens,"17285","","R-HSA-8855381;R-HSA-202168;R-HSA-202344;R-HSA-202174"
R-HSA-428930,"Thromboxane signalling through TP receptor",1,30,0.0019193857965451055,0.9532266135572263,0.9532266135572263,6,8,5.333333333333334E-4,9606,Homo sapiens,"25858","","R-HSA-428918;R-HSA-428917;R-HSA-428752;R-HSA-428750;R-HSA-428909;R-HSA-428749"
R-HSA-9703648,"Signaling by FLT3 ITD and TKD mutants",1,30,0.0019193857965451055,0.9532266135572263,0.9532266135572263,9,24,0.0016,9606,Homo sapiens,"28320","","R-HSA-9698179;R-HSA-9698003;R-HSA-9698000;R-HSA-9698007;R-HSA-9698005;R-HSA-9698008;R-HSA-9698174;R-HSA-9698029;R-HSA-9698013"
R-HSA-933542,"TRAF6 mediated NF-kB activation",1,30,0.0019193857965451055,0.9532266135572263,0.9532266135572263,1,4,2.666666666666667E-4,9606,Homo sapiens,"53014","","R-HSA-168166"
R-HSA-6783589,"Interleukin-6 family signaling",1,30,0.0019193857965451055,0.9532266135572263,0.9532266135572263,4,34,0.002266666666666667,9606,Homo sapiens,"16440","","R-HSA-6783670;R-HSA-6783556;R-HSA-5696490;R-HSA-6783530"
R-HSA-373760,"L1CAM interactions",8,130,0.008317338451695458,0.9534585968319659,0.9534585968319659,34,54,0.0036,9606,Homo sapiens,"16330;15882;16410;6456;15854;17418;17409;30314","","R-HSA-443783;R-HSA-443780;R-HSA-376134;R-HSA-443778;R-HSA-443779;R-HSA-374669;R-HSA-445071;R-HSA-445069;R-HSA-443784;R-HSA-374677;R-HSA-445079;R-HSA-445076;R-HSA-445077;R-HSA-374673;R-HSA-374672;R-HSA-374675;R-HSA-445084;R-HSA-374686;R-HSA-374681;R-HSA-374680;R-HSA-374683;R-HSA-445089;R-HSA-392749;R-HSA-437230;R-HSA-392748;R-HSA-392751;R-HSA-373736;R-HSA-374696;R-HSA-373739;R-HSA-443817;R-HSA-555065;R-HSA-437234;R-HSA-392752;R-HSA-437243"
R-HSA-1168372,"Downstream signaling events of B Cell Receptor (BCR)",5,91,0.00582213691618682,0.9542361388746032,0.9542361388746032,6,15,0.001,9606,Homo sapiens,"33442;35045;176466;18019;28924","","R-HSA-1168640;R-HSA-1168643;R-HSA-1168642;R-HSA-2025882;R-HSA-1168633;R-HSA-1168638"
R-HSA-2142753,"Arachidonic acid metabolism",11,168,0.010748560460652591,0.9546906028800058,0.9546906028800058,17,79,0.005266666666666667,9606,Homo sapiens,"16000;2700;34146;1387;87998;16474;5445;28666;16797;27647;34306;16856","","R-HSA-5693751;R-HSA-140355;R-HSA-2161794;R-HSA-2161795;R-HSA-140359;R-HSA-2161964;R-HSA-2309773;R-HSA-2161999;R-HSA-8932633;R-HSA-2161940;R-HSA-2161814;R-HSA-5693742;R-HSA-266012;R-HSA-2309787;R-HSA-266046;R-HSA-2161948;R-HSA-2161660"
R-HSA-9012852,"Signaling by NOTCH3",3,63,0.004030710172744722,0.9548158207859121,0.9548158207859121,22,37,0.0024666666666666665,9606,Homo sapiens,"16450;1387;89963","","R-HSA-9021480;R-HSA-9021451;R-HSA-9021450;R-HSA-9018538;R-HSA-9021325;R-HSA-9013069;R-HSA-9016751;R-HSA-157124;R-HSA-9018542;R-HSA-9013568;R-HSA-9021412;R-HSA-9021478;R-HSA-9016861;R-HSA-9014141;R-HSA-9013567;R-HSA-9013631;R-HSA-9021406;R-HSA-9014129;R-HSA-9013488;R-HSA-9016916;R-HSA-9013652;R-HSA-9017398"
R-HSA-8853884,"Transcriptional Regulation by VENTX",2,48,0.003071017274472169,0.9561087454508719,0.9561087454508719,3,13,8.666666666666666E-4,9606,Homo sapiens,"31835;12387","","R-HSA-8853956;R-HSA-8853965;R-HSA-3790130"
R-HSA-73933,"Resolution of Abasic Sites (AP sites)",2,48,0.003071017274472169,0.9561087454508719,0.9561087454508719,7,43,0.0028666666666666667,9606,Homo sapiens,"176131;17154","","R-HSA-110368;R-HSA-110371;R-HSA-5651809;R-HSA-110363;R-HSA-5651805;R-HSA-110364;R-HSA-5651723"
R-HSA-111996,"Ca-dependent events",2,48,0.003071017274472169,0.9561087454508719,0.9561087454508719,3,27,0.0018,9606,Homo sapiens,"113;68329","","R-HSA-111955;R-HSA-111956;R-HSA-111930"
R-HSA-204005,"COPII-mediated vesicle transport",4,78,0.0049904030710172746,0.956668578002182,0.956668578002182,14,16,0.0010666666666666667,9606,Homo sapiens,"31882;66682;17254;76308","","R-HSA-5694423;R-HSA-5694418;R-HSA-203973;R-HSA-5694417;R-HSA-6814831;R-HSA-5694527;R-HSA-204008;R-HSA-5694522;R-HSA-5694425;R-HSA-5694439;R-HSA-6814833;R-HSA-5694446;R-HSA-5694441;R-HSA-5694409"
R-HSA-5696399,"Global Genome Nucleotide Excision Repair (GG-NER)",5,92,0.005886116442738324,0.9570784870513737,0.9570784870513737,17,20,0.0013333333333333333,9606,Homo sapiens,"176131;17154;88735;16865;17409","","R-HSA-109955;R-HSA-5690996;R-HSA-5690997;R-HSA-5696465;R-HSA-5696670;R-HSA-5691006;R-HSA-5691000;R-HSA-5691001;R-HSA-6790487;R-HSA-6790454;R-HSA-5690213;R-HSA-5689317;R-HSA-5689861;R-HSA-5690990;R-HSA-5690991;R-HSA-5696655;R-HSA-5690988"
R-HSA-9013694,"Signaling by NOTCH4",5,92,0.005886116442738324,0.9570784870513737,0.9570784870513737,11,20,0.0013333333333333333,9606,Homo sapiens,"33442;18132;1387;176466;89963","","R-HSA-9604642;R-HSA-9604451;R-HSA-9604550;R-HSA-9013693;R-HSA-9604471;R-HSA-9013711;R-HSA-9604629;R-HSA-9604664;R-HSA-9604553;R-HSA-9604606;R-HSA-9604446"
R-HSA-9013404,"RAC2 GTPase cycle",5,92,0.005886116442738324,0.9570784870513737,0.9570784870513737,5,10,6.666666666666666E-4,9606,Homo sapiens,"50619;16827;15365;88458;16349","","R-HSA-9014296;R-HSA-9014424;R-HSA-9714481;R-HSA-9014295;R-HSA-9014294"
R-HSA-5654693,"FRS-mediated FGFR1 signaling",1,31,0.001983365323096609,0.9577699685736719,0.9577699685736719,9,9,6.0E-4,9606,Homo sapiens,"17362","","R-HSA-5654578;R-HSA-5654575;R-HSA-5654586;R-HSA-5654587;R-HSA-5654571;R-HSA-5654584;R-HSA-5654392;R-HSA-8941623;R-HSA-5654569"
R-HSA-1971475,"A tetrasaccharide linker sequence is required for GAG synthesis",1,31,0.001983365323096609,0.9577699685736719,0.9577699685736719,5,5,3.333333333333333E-4,9606,Homo sapiens,"28946","","R-HSA-1889981;R-HSA-9638064;R-HSA-1889978;R-HSA-1878002;R-HSA-1889955"
R-HSA-5654695,"PI-3K cascade:FGFR2",1,31,0.001983365323096609,0.9577699685736719,0.9577699685736719,6,7,4.6666666666666666E-4,9606,Homo sapiens,"17362","","R-HSA-5654614;R-HSA-5654612;R-HSA-5654622;R-HSA-5654620;R-HSA-5654701;R-HSA-5654697"
R-HSA-174411,"Polymerase switching on the C-strand of the telomere",1,31,0.001983365323096609,0.9577699685736719,0.9577699685736719,4,6,4.0E-4,9606,Homo sapiens,"176131","","R-HSA-174439;R-HSA-9668902;R-HSA-174452;R-HSA-174447"
R-HSA-1482801,"Acyl chain remodelling of PS",1,31,0.001983365323096609,0.9577699685736719,0.9577699685736719,2,8,5.333333333333334E-4,9606,Homo sapiens,"1427","","R-HSA-1482771;R-HSA-1482897"
R-HSA-1187000,"Fertilization",1,31,0.001983365323096609,0.9577699685736719,0.9577699685736719,2,9,6.0E-4,9606,Homo sapiens,"17026","","R-HSA-2534359;R-HSA-2534388"
R-HSA-9025094,"Biosynthesis of DPAn-3 SPMs",1,31,0.001983365323096609,0.9577699685736719,0.9577699685736719,2,18,0.0012,9606,Homo sapiens,"1387;87998","","R-HSA-9026007;R-HSA-9026006"
R-HSA-425410,"Metal ion SLC transporters",1,31,0.001983365323096609,0.9577699685736719,0.9577699685736719,1,20,0.0013333333333333333,9606,Homo sapiens,"17203","","R-HSA-435171"
R-HSA-1799339,"SRP-dependent cotranslational protein targeting to membrane",7,119,0.007613563659628919,0.9580835213953416,0.9580835213953416,5,5,3.333333333333333E-4,9606,Homo sapiens,"28671;17196;38397;28972;34114;9349;6128;68440;32635","","R-HSA-1799326;R-HSA-1799330;R-HSA-1799329;R-HSA-1799335;R-HSA-1799332"
R-HSA-5654736,"Signaling by FGFR1",3,64,0.004094689699296225,0.9581003854943927,0.9581003854943927,32,48,0.0032,9606,Homo sapiens,"16284;3347;17362","","R-HSA-5654167;R-HSA-5654165;R-HSA-5654672;R-HSA-5654673;R-HSA-5654596;R-HSA-5654597;R-HSA-5654149;R-HSA-5654594;R-HSA-5656064;R-HSA-5654592;R-HSA-190427;R-HSA-5654600;R-HSA-5654582;R-HSA-5654514;R-HSA-5654578;R-HSA-5654515;R-HSA-190245;R-HSA-5654591;R-HSA-5654586;R-HSA-5654587;R-HSA-5654584;R-HSA-5654392;R-HSA-190256;R-HSA-5654692;R-HSA-5654690;R-HSA-5654560;R-HSA-5654511;R-HSA-5654575;R-HSA-5654573;R-HSA-5654571;R-HSA-8941623;R-HSA-5654569"
R-HSA-5578775,"Ion homeostasis",3,64,0.004094689699296225,0.9581003854943927,0.9581003854943927,8,17,0.0011333333333333334,9606,Homo sapiens,"16440;18125;15966","","R-HSA-169683;R-HSA-5226904;R-HSA-9684068;R-HSA-5617182;R-HSA-139854;R-HSA-5617179;R-HSA-936897;R-HSA-5617178"
R-HSA-109606,"Intrinsic Pathway for Apoptosis",3,64,0.004094689699296225,0.9581003854943927,0.9581003854943927,15,63,0.0042,9606,Homo sapiens,"18107;95120;28061","","R-HSA-139906;R-HSA-114307;R-HSA-114306;R-HSA-9627350;R-HSA-114440;R-HSA-9627106;R-HSA-9627107;R-HSA-114419;R-HSA-9627104;R-HSA-114354;R-HSA-9627078;R-HSA-141367;R-HSA-114361;R-HSA-139899;R-HSA-114392"
R-HSA-75893,"TNF signaling",3,64,0.004094689699296225,0.9581003854943927,0.9581003854943927,6,58,0.0038666666666666667,9606,Homo sapiens,"73218;2495;35619","","R-HSA-5626981;R-HSA-5693108;R-HSA-5626982;R-HSA-5693055;R-HSA-5626988;R-HSA-8863101"
R-HSA-72689,"Formation of a pool of free 40S subunits",6,106,0.006781829814459373,0.9584889354353062,0.9584889354353062,2,2,1.3333333333333334E-4,9606,Homo sapiens,"28671;17196;38397;34114;9349;6128;68440;32635","","R-HSA-72673;R-HSA-72676"
R-HSA-72764,"Eukaryotic Translation Termination",6,106,0.006781829814459373,0.9584889354353062,0.9584889354353062,3,5,3.333333333333333E-4,9606,Homo sapiens,"28671;17196;38397;34114;9349;6128;68440;32635","","R-HSA-141671;R-HSA-141691;R-HSA-141673"
R-HSA-5625740,"RHO GTPases activate PKNs",4,79,0.005054382597568778,0.9595670026248365,0.9595670026248365,12,20,0.0013333333333333333,9606,Homo sapiens,"16330;16422;17347;95120","","R-HSA-5625717;R-HSA-5625797;R-HSA-5625796;R-HSA-5625745;R-HSA-75016;R-HSA-5625870;R-HSA-5625774;R-HSA-5625849;R-HSA-5625848;R-HSA-5625784;R-HSA-5625883;R-HSA-5625738"
R-HSA-9793380,"Formation of paraxial mesoderm",4,79,0.005054382597568778,0.9595670026248365,0.9595670026248365,12,29,0.0019333333333333333,9606,Homo sapiens,"33442;1387;89963;12387","","R-HSA-9793383;R-HSA-9793382;R-HSA-9793921;R-HSA-9825555;R-HSA-9824268;R-HSA-9824236;R-HSA-9793887;R-HSA-9793375;R-HSA-9824222;R-HSA-9793400;R-HSA-9825275;R-HSA-9824266"
R-HSA-6811442,"Intra-Golgi and retrograde Golgi-to-ER traffic",15,219,0.01401151631477927,0.959598041698341,0.959598041698341,35,48,0.0032,9606,Homo sapiens,"17113;27607;15761;16552;16551;72772;68505;26756;57589;31882;27592;27551;27596;15996;76308;51209","","R-HSA-6811431;R-HSA-8849350;R-HSA-6811429;R-HSA-6811428;R-HSA-6811427;R-HSA-8847875;R-HSA-6811426;R-HSA-6811425;R-HSA-8847887;R-HSA-8847883;R-HSA-8849353;R-HSA-6811433;R-HSA-8847880;R-HSA-8847638;R-HSA-8847637;R-HSA-8849748;R-HSA-8847635;R-HSA-6814671;R-HSA-6814670;R-HSA-6811415;R-HSA-6811414;R-HSA-6814678;R-HSA-6811412;R-HSA-6814676;R-HSA-6814675;R-HSA-6811411;R-HSA-6814674;R-HSA-6811423;R-HSA-6811422;R-HSA-6814684;R-HSA-6814683;R-HSA-6811418;R-HSA-6814682;R-HSA-6811417;R-HSA-8847544"
R-HSA-8868773,"rRNA processing in the nucleus and cytosol",14,207,0.013243761996161228,0.9596447753699918,0.9596447753699918,9,15,0.001,9606,Homo sapiens,"9188;181620;17196;38397;9349;27373;28671;28661;17509;34114;27971;174634;17967;6128;68440;30797;32635","","R-HSA-6791223;R-HSA-6791222;R-HSA-6791221;R-HSA-6791219;R-HSA-6791218;R-HSA-8868783;R-HSA-6791228;R-HSA-6791227;R-HSA-6790906"
R-HSA-9609736,"Assembly and cell surface presentation of NMDA receptors",2,49,0.0031349968010236724,0.9596888500322215,0.9596888500322215,14,23,0.0015333333333333334,9606,Homo sapiens,"17418;2904","","R-HSA-9609746;R-HSA-9610802;R-HSA-9609744;R-HSA-9611030;R-HSA-9668218;R-HSA-9610750;R-HSA-9610879;R-HSA-9610653;R-HSA-9610627;R-HSA-9611368;R-HSA-9610408;R-HSA-9609737;R-HSA-9609743;R-HSA-9609740"
R-HSA-5675221,"Negative regulation of MAPK pathway",2,49,0.0031349968010236724,0.9596888500322215,0.9596888500322215,7,17,0.0011333333333333334,9606,Homo sapiens,"16828;5778","","R-HSA-5675431;R-HSA-9635739;R-HSA-5674140;R-HSA-5675194;R-HSA-9635743;R-HSA-5675433;R-HSA-5675417"
R-HSA-450531,"Regulation of mRNA stability by proteins that bind AU-rich elements",5,93,0.005950095969289827,0.9597585668879213,0.9597585668879213,7,26,0.0017333333333333333,9606,Homo sapiens,"28661;33442;174634;175989;17759","","R-HSA-450422;R-HSA-450466;R-HSA-450595;R-HSA-450387;R-HSA-451152;R-HSA-450431;R-HSA-450488"
R-HSA-9730414,"MITF-M-regulated melanocyte development",13,195,0.012476007677543186,0.9598525151846714,0.9598525151846714,22,115,0.007666666666666666,9606,Homo sapiens,"17201;17202;17203;17154;28116;33033;1387;15864;17409;12387;15956;15901;15603","","R-HSA-9858646;R-HSA-9824981;R-HSA-9858647;R-HSA-9825780;R-HSA-9825751;R-HSA-9825847;R-HSA-9824598;R-HSA-9858645;R-HSA-9824593;R-HSA-9825747;R-HSA-9857585;R-HSA-9857375;R-HSA-9825848;R-HSA-9855910;R-HSA-9855908;R-HSA-9859104;R-HSA-9824579;R-HSA-9824653;R-HSA-9730412;R-HSA-9825772;R-HSA-9858636;R-HSA-9824586"
R-HSA-5621480,"Dectin-2 family",3,65,0.004158669225847729,0.9611599677454313,0.9611599677454313,9,12,8.0E-4,9606,Homo sapiens,"4582;27432;17474","","R-HSA-8858500;R-HSA-5621366;R-HSA-5621347;R-HSA-5621363;R-HSA-5621356;R-HSA-5621353;R-HSA-5621355;R-HSA-5621370;R-HSA-5621354"
R-HSA-1483166,"Synthesis of PA",3,65,0.004158669225847729,0.9611599677454313,0.9611599677454313,4,17,0.0011333333333333334,9606,Homo sapiens,"15354;172509;1427","","R-HSA-188467;R-HSA-1482656;R-HSA-1483182;R-HSA-1482604"
R-HSA-6791312,"TP53 Regulates Transcription of Cell Cycle Genes",3,65,0.004158669225847729,0.9611599677454313,0.9611599677454313,7,42,0.0028,9606,Homo sapiens,"41941;95120;17405","","R-HSA-6803892;R-HSA-6803875;R-HSA-6803890;R-HSA-6803871;R-HSA-6798268;R-HSA-6798282;R-HSA-6803946"
R-HSA-397014,"Muscle contraction",16,232,0.014843250159948817,0.9613808668016214,0.9613808668016214,28,53,0.003533333333333333,9606,Homo sapiens,"16440;18125;19232;15641;17263;32063;17380;15903;28972;16525;16104;31799;88750;17898;4636;15966","","R-HSA-390597;R-HSA-5263633;R-HSA-445700;R-HSA-390598;R-HSA-390593;R-HSA-445699;R-HSA-390595;R-HSA-5577234;R-HSA-392143;R-HSA-5578910;R-HSA-5617182;R-HSA-139854;R-HSA-445704;R-HSA-5617179;R-HSA-445705;R-HSA-936897;R-HSA-5617178;R-HSA-169683;R-HSA-5226904;R-HSA-5263628;R-HSA-392152;R-HSA-9727607;R-HSA-9621179;R-HSA-5576895;R-HSA-445813;R-HSA-9684068;R-HSA-9620456;R-HSA-2032800"
R-HSA-112314,"Neurotransmitter receptors and postsynaptic signal transmission",16,232,0.014843250159948817,0.9613808668016214,0.9613808668016214,49,110,0.007333333333333333,9606,Homo sapiens,"88494;25858;16521;15355;3387;40521;1547;16509;113;422;32980;17418;16513;88522;50599;2904","","R-HSA-9609746;R-HSA-9609744;R-HSA-9619478;R-HSA-9611030;R-HSA-392206;R-HSA-442760;R-HSA-9610653;R-HSA-9610627;R-HSA-1013020;R-HSA-975389;R-HSA-438037;R-HSA-1013013;R-HSA-1013012;R-HSA-9609737;R-HSA-9609743;R-HSA-9609740;R-HSA-9610802;R-HSA-432164;R-HSA-432162;R-HSA-9612085;R-HSA-170666;R-HSA-9619515;R-HSA-432172;R-HSA-9618750;R-HSA-170671;R-HSA-170674;R-HSA-445367;R-HSA-9610408;R-HSA-170686;R-HSA-9617326;R-HSA-9619542;R-HSA-9673173;R-HSA-416320;R-HSA-629595;R-HSA-629596;R-HSA-451283;R-HSA-629599;R-HSA-975449;R-HSA-629588;R-HSA-451311;R-HSA-9668218;R-HSA-500717;R-HSA-442732;R-HSA-9610750;R-HSA-9610879;R-HSA-9611368;R-HSA-9614185;R-HSA-622325;R-HSA-622326"
R-HSA-611105,"Respiratory electron transport",13,196,0.01253998720409469,0.96167483301228,0.96167483301228,24,47,0.0031333333333333335,9606,Homo sapiens,"17992;15366;16530;16474;36002;27637;31697;16525;15996;31967;16534;17710;37946","","R-HSA-6800870;R-HSA-9866132;R-HSA-9866164;R-HSA-9866162;R-HSA-6799202;R-HSA-9902096;R-HSA-9865630;R-HSA-164651;R-HSA-9865663;R-HSA-6788556;R-HSA-163214;R-HSA-6799179;R-HSA-9906042;R-HSA-6799178;R-HSA-9866104;R-HSA-169260;R-HSA-6799191;R-HSA-163217;R-HSA-9865893;R-HSA-169270;R-HSA-9906017;R-HSA-6799197;R-HSA-9866061;R-HSA-6799196"
R-HSA-5357769,"Caspase activation via extrinsic apoptotic signalling pathway",1,32,0.0020473448496481127,0.9618722524198704,0.9618722524198704,4,17,0.0011333333333333334,9606,Homo sapiens,"1879","","R-HSA-139952;R-HSA-141156;R-HSA-3465448;R-HSA-3371359"
R-HSA-9703465,"Signaling by FLT3 fusion proteins",1,32,0.0020473448496481127,0.9618722524198704,0.9618722524198704,4,18,0.0012,9606,Homo sapiens,"28320","","R-HSA-9703440;R-HSA-9703438;R-HSA-9703439;R-HSA-9703434"
R-HSA-9615933,"Postmitotic nuclear pore complex (NPC) reformation",1,32,0.0020473448496481127,0.9618722524198704,0.9618722524198704,2,10,6.666666666666666E-4,9606,Homo sapiens,"32354","","R-HSA-9634219;R-HSA-9634169"
R-HSA-2122948,"Activated NOTCH1 Transmits Signal to the Nucleus",1,32,0.0020473448496481127,0.9618722524198704,0.9618722524198704,4,21,0.0014,9606,Homo sapiens,"16450","","R-HSA-157632;R-HSA-1980044;R-HSA-1980074;R-HSA-1980138"
R-HSA-3295583,"TRP channels",1,32,0.0020473448496481127,0.9618722524198704,0.9618722524198704,1,7,4.6666666666666666E-4,9606,Homo sapiens,"nan","","R-HSA-3295579"
R-HSA-69273,"Cyclin A/B1/B2 associated events during G2/M transition",1,32,0.0020473448496481127,0.9618722524198704,0.9618722524198704,1,25,0.0016666666666666668,9606,Homo sapiens,"33033","","R-HSA-170126"
R-HSA-1169410,"Antiviral mechanism by IFN-stimulated genes",11,172,0.011004478566858605,0.9627740735967515,0.9627740735967515,16,71,0.004733333333333333,9606,Homo sapiens,"17981;16020;17973;32796;87614;16026;32365;32354;17759;15532;16027","","R-HSA-1169395;R-HSA-1678843;R-HSA-9835189;R-HSA-1169394;R-HSA-1678842;R-HSA-9833973;R-HSA-9835411;R-HSA-9836435;R-HSA-1169398;R-HSA-1176059;R-HSA-1169403;R-HSA-1169402;R-HSA-1169405;R-HSA-9833723;R-HSA-1169406;R-HSA-9835885"
R-HSA-512988,"Interleukin-3, Interleukin-5 and GM-CSF signaling",2,50,0.003198976327575176,0.9629878808991873,0.9629878808991873,6,38,0.002533333333333333,9606,Homo sapiens,"28320;3561","","R-HSA-508247;R-HSA-453111;R-HSA-912527;R-HSA-913374;R-HSA-453104;R-HSA-913424"
R-HSA-6782135,"Dual incision in TC-NER",3,66,0.004222648752399232,0.9640085892027354,0.9640085892027354,7,7,4.6666666666666666E-4,9606,Homo sapiens,"176131;88735;16865","","R-HSA-6782211;R-HSA-6782131;R-HSA-9684118;R-HSA-6782224;R-HSA-6782141;R-HSA-6782204;R-HSA-6782138"
R-HSA-5607761,"Dectin-1 mediated noncanonical NF-kB signaling",3,66,0.004222648752399232,0.9640085892027354,0.9640085892027354,3,9,6.0E-4,9606,Homo sapiens,"33442;176466;28924","","R-HSA-5607731;R-HSA-5607725;R-HSA-5607723"
R-HSA-418990,"Adherens junctions interactions",3,66,0.004222648752399232,0.9640085892027354,0.9640085892027354,12,49,0.003266666666666667,9606,Homo sapiens,"16283;17409;12387","","R-HSA-9833671;R-HSA-9762246;R-HSA-5692437;R-HSA-9761474;R-HSA-9773218;R-HSA-9761452;R-HSA-9761421;R-HSA-433725;R-HSA-419002;R-HSA-9833674;R-HSA-9833672;R-HSA-9762282"
R-HSA-1474244,"Extracellular matrix organization",24,328,0.020985284708893156,0.964547676230297,0.964547676230297,148,319,0.021266666666666666,9606,Homo sapiens,"16032;16031;16411;15783;16410;17385;21803;32643;30021;15765;16335;85253;15768;17394;15971;17474;18189;15891;70960;16040;28946;88458;30314;15714;29073","","R-HSA-2002460;R-HSA-216069;R-HSA-3791155;R-HSA-216072;R-HSA-216076;R-HSA-1564184;R-HSA-2426676;R-HSA-216082;R-HSA-1564164;R-HSA-1566979;R-HSA-3791149;R-HSA-2467633;R-HSA-2002440;R-HSA-1458433;R-HSA-2466106;R-HSA-2250301;R-HSA-1592371;R-HSA-2002466;R-HSA-2537499;R-HSA-2514790;R-HSA-2426471;R-HSA-2327909;R-HSA-2465890;R-HSA-2467436;R-HSA-4086132;R-HSA-2752125;R-HSA-1592398;R-HSA-1980233;R-HSA-2396029;R-HSA-2473596;R-HSA-2731123;R-HSA-1592387;R-HSA-2395257;R-HSA-2731081;R-HSA-1650808;R-HSA-4085087;R-HSA-2328129;R-HSA-4085083;R-HSA-2213192;R-HSA-2731075;R-HSA-2731074;R-HSA-2681667;R-HSA-2327886;R-HSA-2396234;R-HSA-2731078;R-HSA-2213201;R-HSA-1604712;R-HSA-2514772;R-HSA-8948219;R-HSA-2395223;R-HSA-2684507;R-HSA-2152276;R-HSA-2243926;R-HSA-2213205;R-HSA-8948222;R-HSA-2681694;R-HSA-2243931;R-HSA-2213210;R-HSA-2465883;R-HSA-8948232;R-HSA-114560;R-HSA-4086204;R-HSA-8948234;R-HSA-1602458;R-HSA-2395302;R-HSA-114563;R-HSA-210304;R-HSA-1474197;R-HSA-4086200;R-HSA-8948224;R-HSA-8948226;R-HSA-8948228;R-HSA-8948230;R-HSA-8948231;R-HSA-8848658;R-HSA-2327733;R-HSA-2395314;R-HSA-2396083;R-HSA-2424243;R-HSA-2395324;R-HSA-2424252;R-HSA-2327738;R-HSA-4084903;R-HSA-2395320;R-HSA-349593;R-HSA-2395322;R-HSA-1602488;R-HSA-2168960;R-HSA-2514823;R-HSA-2161282;R-HSA-4088218;R-HSA-349603;R-HSA-2022073;R-HSA-2514831;R-HSA-1454781;R-HSA-2327695;R-HSA-1602484;R-HSA-2161293;R-HSA-1981104;R-HSA-2426263;R-HSA-1474213;R-HSA-1454757;R-HSA-2426259;R-HSA-2485148;R-HSA-349626;R-HSA-2395364;R-HSA-2328033;R-HSA-2328037;R-HSA-1564112;R-HSA-2129385;R-HSA-265423;R-HSA-2396399;R-HSA-1474266;R-HSA-2328048;R-HSA-202704;R-HSA-265425;R-HSA-1981128;R-HSA-265426;R-HSA-265427;R-HSA-8944223;R-HSA-1981120;R-HSA-8944214;R-HSA-2002428;R-HSA-1592314;R-HSA-3787997;R-HSA-2395328;R-HSA-1592316;R-HSA-1566962;R-HSA-3907292;R-HSA-2395340;R-HSA-2129353;R-HSA-8944225;R-HSA-2089971;R-HSA-1454843;R-HSA-8944229;R-HSA-2129357;R-HSA-216045;R-HSA-216051;R-HSA-1454822;R-HSA-216050;R-HSA-1592297;R-HSA-4086223;R-HSA-2129362;R-HSA-216048;R-HSA-2396370;R-HSA-4088264;R-HSA-1981157;R-HSA-2129375"
R-HSA-163841,"Gamma carboxylation, hypusinylation, hydroxylation, and arylsulfatase activation",5,95,0.006078055022392835,0.9646638867130466,0.9646638867130466,13,50,0.0033333333333333335,9606,Homo sapiens,"78277;17509;16015;24103;28689;16119","","R-HSA-163810;R-HSA-6788867;R-HSA-159783;R-HSA-6807214;R-HSA-159819;R-HSA-159752;R-HSA-163820;R-HSA-5358494;R-HSA-159826;R-HSA-159795;R-HSA-159761;R-HSA-159803;R-HSA-159868"
R-HSA-380270,"Recruitment of mitotic centrosome proteins and complexes",4,81,0.005182341650671785,0.9648326227342681,0.9648326227342681,3,3,2.0E-4,9606,Homo sapiens,"27373;181620;16586;27389;33033","","R-HSA-380311;R-HSA-380455;R-HSA-380283"
R-HSA-159236,"Transport of Mature mRNA derived from an Intron-Containing Transcript",4,81,0.005182341650671785,0.9648326227342681,0.9648326227342681,3,4,2.666666666666667E-4,9606,Homo sapiens,"17981;32365;32354;17759","","R-HSA-75097;R-HSA-75096;R-HSA-75098"
R-HSA-3108214,"SUMOylation of DNA damage response and repair proteins",4,81,0.005182341650671785,0.9648326227342681,0.9648326227342681,4,24,0.0016,9606,Homo sapiens,"17981;32365;32354;17759","","R-HSA-3000348;R-HSA-3000399;R-HSA-5228508;R-HSA-3000411"
R-HSA-5663084,"Diseases of carbohydrate metabolism",4,81,0.005182341650671785,0.9648326227342681,0.9648326227342681,4,44,0.0029333333333333334,9606,Homo sapiens,"17992;2611;28189;17306","","R-HSA-9036729;R-HSA-5659926;R-HSA-5659879;R-HSA-5659922"
R-HSA-9694635,"Translation of Structural Proteins",4,81,0.005182341650671785,0.9648326227342681,0.9648326227342681,4,46,0.0030666666666666668,9606,Homo sapiens,"18347;15903;17361;17154","","R-HSA-9686790;R-HSA-9729279;R-HSA-9694718;R-HSA-9694364"
R-HSA-8856688,"Golgi-to-ER retrograde transport",9,148,0.00946896992962252,0.96495729449187,0.96495729449187,13,18,0.0012,9606,Homo sapiens,"31882;27607;27592;16552;27596;16551;72772;76308;26756","","R-HSA-8849350;R-HSA-6811427;R-HSA-6811426;R-HSA-6811425;R-HSA-8849353;R-HSA-6811415;R-HSA-6811414;R-HSA-6811412;R-HSA-6811411;R-HSA-6811423;R-HSA-6811422;R-HSA-6811418;R-HSA-6811417"
R-HSA-8957275,"Post-translational protein phosphorylation",6,109,0.006973768394113884,0.9654515845677082,0.9654515845677082,1,1,6.666666666666667E-5,9606,Homo sapiens,"16032;15600;15940;16040;2904;16390","","R-HSA-8952289"
R-HSA-5654699,"SHC-mediated cascade:FGFR2",1,33,0.002111324376199616,0.9655762602543347,0.9655762602543347,4,4,2.666666666666667E-4,9606,Homo sapiens,"17362","","R-HSA-5654406;R-HSA-5654407;R-HSA-5654404;R-HSA-5654402"
R-HSA-3928663,"EPHA-mediated growth cone collapse",1,33,0.002111324376199616,0.9655762602543347,0.9655762602543347,3,4,2.666666666666667E-4,9606,Homo sapiens,"87732","","R-HSA-3928651;R-HSA-3928602;R-HSA-3928648"
R-HSA-73863,"RNA Polymerase I Transcription Termination",1,33,0.002111324376199616,0.9655762602543347,0.9655762602543347,3,4,2.666666666666667E-4,9606,Homo sapiens,"88735","","R-HSA-74993;R-HSA-74992;R-HSA-74994"
R-HSA-202427,"Phosphorylation of CD3 and TCR zeta chains",1,33,0.002111324376199616,0.9655762602543347,0.9655762602543347,5,7,4.6666666666666666E-4,9606,Homo sapiens,"17285","","R-HSA-202291;R-HSA-202214;R-HSA-202165;R-HSA-202233;R-HSA-8852200"
R-HSA-8949613,"Cristae formation",1,33,0.002111324376199616,0.9655762602543347,0.9655762602543347,1,2,1.3333333333333334E-4,9606,Homo sapiens,"24702","","R-HSA-8949609"
R-HSA-389948,"PD-1 signaling",1,33,0.002111324376199616,0.9655762602543347,0.9655762602543347,1,5,3.333333333333333E-4,9606,Homo sapiens,"17285","","R-HSA-389758"
R-HSA-9018679,"Biosynthesis of EPA-derived SPMs",1,33,0.002111324376199616,0.9655762602543347,0.9655762602543347,2,17,0.0011333333333333334,9606,Homo sapiens,"28364","","R-HSA-9018874;R-HSA-9018880"
R-HSA-5655332,"Signaling by FGFR3 in disease",1,33,0.002111324376199616,0.9655762602543347,0.9655762602543347,2,21,0.0014,9606,Homo sapiens,"3347","","R-HSA-5655247;R-HSA-5655243"
R-HSA-6803204,"TP53 Regulates Transcription of Genes Involved in Cytochrome C Release",1,33,0.002111324376199616,0.9655762602543347,0.9655762602543347,2,25,0.0016666666666666668,9606,Homo sapiens,"1387","","R-HSA-6798004;R-HSA-6797993"
R-HSA-9828806,"Maturation of hRSV A proteins",1,33,0.002111324376199616,0.9655762602543347,0.9655762602543347,3,40,0.0026666666666666666,9606,Homo sapiens,"28972","","R-HSA-9830805;R-HSA-9829030;R-HSA-9830882"
R-HSA-350562,"Regulation of ornithine decarboxylase (ODC)",2,51,0.0032629558541266796,0.9660266440722481,0.9660266440722481,3,4,2.666666666666667E-4,9606,Homo sapiens,"3219;33442","","R-HSA-353125;R-HSA-350567;R-HSA-350600"
R-HSA-6785807,"Interleukin-4 and Interleukin-13 signaling",14,211,0.013499680102367243,0.9663626632018705,0.9663626632018705,24,47,0.0031333333333333335,9606,Homo sapiens,"16176;16175;16164;4582;19232;16411;18386;3561;21803;4170;87986;15676;2904;15768","","R-HSA-6785895;R-HSA-6793958;R-HSA-6790022;R-HSA-6786118;R-HSA-6785762;R-HSA-6786114;R-HSA-6786050;R-HSA-6786095;R-HSA-6789615;R-HSA-6789325;R-HSA-6786092;R-HSA-6786124;R-HSA-6786058;R-HSA-451895;R-HSA-6786070;R-HSA-6790038;R-HSA-6790036;R-HSA-6789524;R-HSA-6786096;R-HSA-6786110;R-HSA-6785821;R-HSA-6788346;R-HSA-6790041;R-HSA-6786072"
R-HSA-5693565,"Recruitment and ATM-mediated phosphorylation of repair and signaling proteins at DNA double strand breaks",3,67,0.004286628278950736,0.9666595418901031,0.9666595418901031,12,39,0.0026,9606,Homo sapiens,"28671;15351;2676","","R-HSA-5682598;R-HSA-5682629;R-HSA-5683077;R-HSA-5682992;R-HSA-5683967;R-HSA-5682607;R-HSA-5682863;R-HSA-5682588;R-HSA-5683964;R-HSA-5683930;R-HSA-5682586;R-HSA-5682858"
R-HSA-429914,"Deadenylation-dependent mRNA decay",3,67,0.004286628278950736,0.9666595418901031,0.9666595418901031,2,10,6.666666666666666E-4,9606,Homo sapiens,"28661;28320;174634","","R-HSA-429860;R-HSA-430028"
R-HSA-390466,"Chaperonin-mediated protein folding",5,96,0.006142034548944338,0.9669043649029286,0.9669043649029286,12,19,0.0012666666666666666,9606,Homo sapiens,"28918;25858;30838;17409;15946;28924","","R-HSA-6814119;R-HSA-390453;R-HSA-390470;R-HSA-6814418;R-HSA-8850560;R-HSA-389970;R-HSA-8850527;R-HSA-389980;R-HSA-6814124;R-HSA-6814121;R-HSA-390459;R-HSA-6814120"
R-HSA-195721,"Signaling by WNT",24,331,0.021177223288547663,0.9683217306497337,0.9683217306497337,88,157,0.010466666666666668,9606,Homo sapiens,"37371;16450;181620;2691;16390;15729;15728;15727;32980;17847;176466;15346;16973;18019;16440;25858;7476;17154;71012;27373;27470;32111;33442;1387;12387;16628","","R-HSA-3858491;R-HSA-3322422;R-HSA-3601585;R-HSA-3769393;R-HSA-3858482;R-HSA-3769392;R-HSA-3364026;R-HSA-3322427;R-HSA-3322424;R-HSA-3858480;R-HSA-3769394;R-HSA-3781941;R-HSA-3769397;R-HSA-3781943;R-HSA-4608855;R-HSA-3238691;R-HSA-4411351;R-HSA-3769391;R-HSA-3238694;R-HSA-4420052;R-HSA-3640874;R-HSA-3364014;R-HSA-5665608;R-HSA-3769383;R-HSA-4411357;R-HSA-3640872;R-HSA-3769370;R-HSA-5099886;R-HSA-4411367;R-HSA-3451153;R-HSA-4411365;R-HSA-4641134;R-HSA-3640862;R-HSA-3640861;R-HSA-4641260;R-HSA-3772435;R-HSA-1504188;R-HSA-1504186;R-HSA-3640858;R-HSA-1458875;R-HSA-4641256;R-HSA-4411372;R-HSA-4641129;R-HSA-4411383;R-HSA-6781905;R-HSA-3772430;R-HSA-3965444;R-HSA-3965446;R-HSA-3640844;R-HSA-3965447;R-HSA-3965441;R-HSA-3451147;R-HSA-3299569;R-HSA-5140747;R-HSA-201669;R-HSA-4086392;R-HSA-2130279;R-HSA-4086393;R-HSA-5323545;R-HSA-4411402;R-HSA-2130282;R-HSA-5140741;R-HSA-2130286;R-HSA-201677;R-HSA-5138433;R-HSA-3247840;R-HSA-3247843;R-HSA-169680;R-HSA-3247844;R-HSA-5368580;R-HSA-5138459;R-HSA-201685;R-HSA-1504193;R-HSA-201691;R-HSA-4551451;R-HSA-398040;R-HSA-8944362;R-HSA-3361751;R-HSA-195304;R-HSA-4551465;R-HSA-3247837;R-HSA-5626938;R-HSA-201712;R-HSA-195318;R-HSA-398193;R-HSA-3364042;R-HSA-4518585;R-HSA-4608825"
R-HSA-2172127,"DAP12 interactions",2,52,0.003326935380678183,0.9688245563625264,0.9688245563625264,12,33,0.0022,9606,Homo sapiens,"3347;16643","","R-HSA-2424484;R-HSA-2395412;R-HSA-2424485;R-HSA-2424486;R-HSA-210289;R-HSA-2424487;R-HSA-2424480;R-HSA-2424482;R-HSA-2396594;R-HSA-2395439;R-HSA-2395801;R-HSA-2172126"
R-HSA-373752,"Netrin-1 signaling",2,52,0.003326935380678183,0.9688245563625264,0.9688245563625264,8,34,0.002266666666666667,9606,Homo sapiens,"17973;3347","","R-HSA-373716;R-HSA-593690;R-HSA-418850;R-HSA-418865;R-HSA-622382;R-HSA-418874;R-HSA-418858;R-HSA-418856"
R-HSA-69236,"G1 Phase",2,52,0.003326935380678183,0.9688245563625264,0.9688245563625264,4,17,0.0011333333333333334,9606,Homo sapiens,"176466;41941","","R-HSA-1363328;R-HSA-1363331;R-HSA-1226095;R-HSA-1363274"
R-HSA-69231,"Cyclin D associated events in G1",2,52,0.003326935380678183,0.9688245563625264,0.9688245563625264,4,17,0.0011333333333333334,9606,Homo sapiens,"176466;41941","","R-HSA-1363328;R-HSA-1363331;R-HSA-1226095;R-HSA-1363274"
R-HSA-3928662,"EPHB-mediated forward signaling",2,52,0.003326935380678183,0.9688245563625264,0.9688245563625264,6,26,0.0017333333333333333,9606,Homo sapiens,"17409;2904","","R-HSA-3928623;R-HSA-4093336;R-HSA-3928595;R-HSA-3928627;R-HSA-3928583;R-HSA-3928645"
R-HSA-5654700,"FRS-mediated FGFR2 signaling",1,34,0.0021753039027511195,0.9689206373663797,0.9689206373663797,9,9,6.0E-4,9606,Homo sapiens,"17362","","R-HSA-5654615;R-HSA-5654608;R-HSA-5654607;R-HSA-5654399;R-HSA-8941618;R-HSA-5654605;R-HSA-5654397;R-HSA-5654618;R-HSA-5654603"
R-HSA-5576892,"Phase 0 - rapid depolarisation",1,34,0.0021753039027511195,0.9689206373663797,0.9689206373663797,1,2,1.3333333333333334E-4,9606,Homo sapiens,"28972","","R-HSA-5576895"
R-HSA-77387,"Insulin receptor recycling",1,34,0.0021753039027511195,0.9689206373663797,0.9689206373663797,2,6,4.0E-4,9606,Homo sapiens,"17750","","R-HSA-74726;R-HSA-74730"
R-HSA-8850843,"Phosphate bond hydrolysis by NTPDase proteins",1,34,0.0021753039027511195,0.9689206373663797,0.9689206373663797,1,12,8.0E-4,9606,Homo sapiens,"955","","R-HSA-8851396"
R-HSA-9663891,"Selective autophagy",5,97,0.0062060140754958415,0.9690130555736284,0.9690130555736284,13,56,0.0037333333333333333,9606,Homo sapiens,"1547;19232;84557;37035;50613","","R-HSA-9834070;R-HSA-9646354;R-HSA-9646679;R-HSA-9646390;R-HSA-9613530;R-HSA-9646685;R-HSA-5205663;R-HSA-9646347;R-HSA-8959571;R-HSA-9646383;R-HSA-8959573;R-HSA-5205649;R-HSA-9646348"
R-HSA-1227986,"Signaling by ERBB2",3,68,0.004350607805502239,0.9691254102326969,0.9691254102326969,19,46,0.0030666666666666668,9606,Homo sapiens,"104011;3347;18183;15864","","R-HSA-1963581;R-HSA-1250195;R-HSA-1251922;R-HSA-8848005;R-HSA-1963582;R-HSA-6785636;R-HSA-1250486;R-HSA-1963578;R-HSA-1306969;R-HSA-1250463;R-HSA-1306972;R-HSA-1306979;R-HSA-1963563;R-HSA-6785648;R-HSA-1963589;R-HSA-1250346;R-HSA-8863804;R-HSA-8847995;R-HSA-1963586"
R-HSA-1660661,"Sphingolipid de novo biosynthesis",3,68,0.004350607805502239,0.9691254102326969,0.9691254102326969,6,21,0.0014,9606,Homo sapiens,"50392;33216;67042","","R-HSA-429732;R-HSA-429730;R-HSA-429699;R-HSA-429694;R-HSA-8959462;R-HSA-428185"
R-HSA-380287,"Centrosome maturation",4,83,0.005310300703774792,0.9694544305253886,0.9694544305253886,6,6,4.0E-4,9606,Homo sapiens,"27373;181620;16586;27389;33033","","R-HSA-380311;R-HSA-380455;R-HSA-380294;R-HSA-380272;R-HSA-380303;R-HSA-380283"
R-HSA-917937,"Iron uptake and transport",4,83,0.005310300703774792,0.9694544305253886,0.9694544305253886,15,33,0.0022,9606,Homo sapiens,"17189;17368;176466;15600;2495","","R-HSA-917839;R-HSA-917807;R-HSA-917835;R-HSA-5691167;R-HSA-917987;R-HSA-5691131;R-HSA-5671707;R-HSA-917888;R-HSA-5691108;R-HSA-1562626;R-HSA-5229273;R-HSA-917814;R-HSA-5691150;R-HSA-5246444;R-HSA-5691176"
R-HSA-2408557,"Selenocysteine synthesis",6,112,0.007165706973768394,0.9713301182457119,0.9713301182457119,2,7,4.6666666666666666E-4,9606,Homo sapiens,"28671;17196;38397;34114;9349;6128;68440;32635","","R-HSA-2408529;R-HSA-5333615"
R-HSA-1236978,"Cross-presentation of soluble exogenous antigens (endosomes)",2,53,0.0033909149072296864,0.9713997189725626,0.9713997189725626,5,6,4.0E-4,9606,Homo sapiens,"17533;33442","","R-HSA-1236970;R-HSA-1236939;R-HSA-1236955;R-HSA-1236940;R-HSA-1236941"
R-HSA-77286,"mitochondrial fatty acid beta-oxidation of saturated fatty acids",2,53,0.0033909149072296864,0.9713997189725626,0.9713997189725626,5,29,0.0019333333333333333,9606,Homo sapiens,"28493;15533","","R-HSA-77345;R-HSA-8952873;R-HSA-77338;R-HSA-77309;R-HSA-77340"
R-HSA-5656169,"Termination of translesion DNA synthesis",1,35,0.0022392834293026233,0.9719402813629505,0.9719402813629505,8,9,6.0E-4,9606,Homo sapiens,"176131","","R-HSA-5653766;R-HSA-5653780;R-HSA-5653840;R-HSA-5653838;R-HSA-5653756;R-HSA-5653786;R-HSA-5653770;R-HSA-5653754"
R-HSA-72086,"mRNA Capping",1,35,0.0022392834293026233,0.9719402813629505,0.9719402813629505,9,11,7.333333333333333E-4,9606,Homo sapiens,"88735","","R-HSA-77073;R-HSA-77090;R-HSA-77077;R-HSA-77078;R-HSA-77081;R-HSA-77083;R-HSA-77069;R-HSA-77085;R-HSA-77068"
R-HSA-418360,"Platelet calcium homeostasis",1,35,0.0022392834293026233,0.9719402813629505,0.9719402813629505,1,8,5.333333333333334E-4,9606,Homo sapiens,"16440","","R-HSA-139854"
R-HSA-9674555,"Signaling by CSF3 (G-CSF)",1,35,0.0022392834293026233,0.9719402813629505,0.9719402813629505,2,21,0.0014,9606,Homo sapiens,"28320","","R-HSA-9674816;R-HSA-9674808"
R-HSA-5654708,"Downstream signaling of activated FGFR3",1,35,0.0022392834293026233,0.9719402813629505,0.9719402813629505,2,23,0.0015333333333333334,9606,Homo sapiens,"3347","","R-HSA-5654148;R-HSA-5654222"
R-HSA-199977,"ER to Golgi Anterograde Transport",10,165,0.01055662188099808,0.9720456302000159,0.9720456302000159,27,39,0.0026,9606,Homo sapiens,"17750;31882;27607;66682;27592;15761;27551;27596;17254;76308;26756","","R-HSA-5694423;R-HSA-5694418;R-HSA-203973;R-HSA-5694417;R-HSA-6814831;R-HSA-6809006;R-HSA-6809003;R-HSA-5694425;R-HSA-6809015;R-HSA-6809014;R-HSA-6809011;R-HSA-6809010;R-HSA-6814833;R-HSA-6807868;R-HSA-6807866;R-HSA-5694409;R-HSA-6807864;R-HSA-6807877;R-HSA-6807875;R-HSA-6807872;R-HSA-5694527;R-HSA-204008;R-HSA-5694522;R-HSA-5694439;R-HSA-5694446;R-HSA-5694445;R-HSA-5694441"
R-HSA-1500931,"Cell-Cell communication",10,165,0.01055662188099808,0.9720456302000159,0.9720456302000159,32,93,0.0062,9606,Homo sapiens,"16283;17973;16322;15765;17409;12387;16566;16335;19229;50205","","R-HSA-5692437;R-HSA-446083;R-HSA-430347;R-HSA-451403;R-HSA-446089;R-HSA-9833671;R-HSA-9762246;R-HSA-9761474;R-HSA-8981534;R-HSA-373714;R-HSA-9761421;R-HSA-373724;R-HSA-373727;R-HSA-9833674;R-HSA-9833672;R-HSA-373722;R-HSA-373732;R-HSA-373734;R-HSA-451758;R-HSA-451757;R-HSA-532603;R-HSA-391152;R-HSA-373747;R-HSA-9773218;R-HSA-451377;R-HSA-9761452;R-HSA-432956;R-HSA-446077;R-HSA-433725;R-HSA-419002;R-HSA-9762282;R-HSA-432952"
R-HSA-201681,"TCF dependent signaling in response to WNT",14,215,0.013755598208573257,0.9720680751311579,0.9720680751311579,47,71,0.004733333333333333,9606,Homo sapiens,"16450;181620;17154;71012;2691;16390;27373;15728;15727;33442;1387;17847;15346;16973;12387","","R-HSA-3299569;R-HSA-3322422;R-HSA-201669;R-HSA-3601585;R-HSA-5323545;R-HSA-3769393;R-HSA-3769392;R-HSA-3364026;R-HSA-3322427;R-HSA-3322424;R-HSA-3769394;R-HSA-3769397;R-HSA-201677;R-HSA-4411351;R-HSA-5368580;R-HSA-3769391;R-HSA-201685;R-HSA-1504193;R-HSA-201691;R-HSA-3640874;R-HSA-3364014;R-HSA-5665608;R-HSA-3769383;R-HSA-4411357;R-HSA-3640872;R-HSA-3769370;R-HSA-3361751;R-HSA-4411367;R-HSA-3451153;R-HSA-4641134;R-HSA-3640862;R-HSA-3640861;R-HSA-4641260;R-HSA-3772435;R-HSA-1504188;R-HSA-1504186;R-HSA-3640858;R-HSA-1458875;R-HSA-4641256;R-HSA-4411372;R-HSA-4641129;R-HSA-5626938;R-HSA-201712;R-HSA-3772430;R-HSA-3364042;R-HSA-3640844;R-HSA-3451147"
R-HSA-446728,"Cell junction organization",7,126,0.008061420345489444,0.9721971667048591,0.9721971667048591,18,70,0.004666666666666667,9606,Homo sapiens,"16283;16322;15765;17409;12387;16335;50205","","R-HSA-5692437;R-HSA-446083;R-HSA-430347;R-HSA-446089;R-HSA-9833671;R-HSA-9762246;R-HSA-9761474;R-HSA-9773218;R-HSA-9761452;R-HSA-9761421;R-HSA-432956;R-HSA-446077;R-HSA-433725;R-HSA-419002;R-HSA-9833674;R-HSA-9833672;R-HSA-9762282;R-HSA-432952"
R-HSA-111885,"Opioid Signalling",6,113,0.007229686500319897,0.9730751670580137,0.9730751670580137,22,59,0.003933333333333333,9606,Homo sapiens,"16440;25858;113;32980;88522;68329","","R-HSA-112037;R-HSA-111879;R-HSA-167429;R-HSA-170666;R-HSA-392206;R-HSA-167433;R-HSA-170671;R-HSA-112271;R-HSA-170674;R-HSA-169683;R-HSA-169680;R-HSA-170672;R-HSA-111955;R-HSA-167408;R-HSA-111956;R-HSA-170676;R-HSA-170677;R-HSA-167419;R-HSA-111930;R-HSA-170686;R-HSA-111870;R-HSA-170685"
R-HSA-3371453,"Regulation of HSF1-mediated heat shock response",6,113,0.007229686500319897,0.9730751670580137,0.9730751670580137,3,14,9.333333333333333E-4,9606,Homo sapiens,"17981;9532;32365;32354;17154;17759","","R-HSA-3371467;R-HSA-5252041;R-HSA-5252079"
R-HSA-9018519,"Estrogen-dependent gene expression",9,153,0.009788867562380038,0.9733010995440861,0.9733010995440861,25,66,0.0044,9606,Homo sapiens,"17026;2676;17263;1387;17254;16469;28116;86366;27974","","R-HSA-9008267;R-HSA-9023884;R-HSA-9008271;R-HSA-9008270;R-HSA-9009536;R-HSA-9011971;R-HSA-9008258;R-HSA-9009541;R-HSA-9012315;R-HSA-9008285;R-HSA-9012319;R-HSA-9038161;R-HSA-9038163;R-HSA-9011949;R-HSA-9023840;R-HSA-9038052;R-HSA-9023846;R-HSA-9008315;R-HSA-9009533;R-HSA-9011966;R-HSA-9011952;R-HSA-9023859;R-HSA-9023861;R-HSA-9023860;R-HSA-9009526"
R-HSA-375165,"NCAM signaling for neurite out-growth",3,70,0.004478566858605247,0.9735488350889435,0.9735488350889435,2,23,0.0015333333333333334,9606,Homo sapiens,"2668;15783;88458","","R-HSA-375151;R-HSA-375144"
R-HSA-6782315,"tRNA modification in the nucleus and cytosol",3,70,0.004478566858605247,0.9735488350889435,0.9735488350889435,3,37,0.0024666666666666665,9606,Homo sapiens,"17509;16235;16057","","R-HSA-6784462;R-HSA-6782893;R-HSA-6782443"
R-HSA-9762114,"GSK3B and BTRC:CUL1-mediated-degradation of NFE2L2",2,54,0.00345489443378119,0.9737689898927968,0.9737689898927968,3,4,2.666666666666667E-4,9606,Homo sapiens,"33442;176466","","R-HSA-9762096;R-HSA-9762093;R-HSA-9762091"
R-HSA-1638074,"Keratan sulfate/keratin metabolism",2,54,0.00345489443378119,0.9737689898927968,0.9737689898927968,11,16,0.0010666666666666667,9606,Homo sapiens,"18295;28061","","R-HSA-2046239;R-HSA-2046175;R-HSA-2046222;R-HSA-2025724;R-HSA-2046285;R-HSA-2046298;R-HSA-2025723;R-HSA-2046265;R-HSA-1793217;R-HSA-1630306;R-HSA-2046180"
R-HSA-72695,"Formation of the ternary complex, and subsequently, the 43S complex",2,54,0.00345489443378119,0.9737689898927968,0.9737689898927968,1,3,2.0E-4,9606,Homo sapiens,"17196;68440;32635","","R-HSA-72691"
R-HSA-9664424,"Cell recruitment (pro-inflammatory response)",2,54,0.00345489443378119,0.9737689898927968,0.9737689898927968,2,23,0.0015333333333333334,9606,Homo sapiens,"16176;16175","","R-HSA-449058;R-HSA-448703"
R-HSA-9660826,"Purinergic signaling in leishmaniasis infection",2,54,0.00345489443378119,0.9737689898927968,0.9737689898927968,2,23,0.0015333333333333334,9606,Homo sapiens,"16176;16175","","R-HSA-449058;R-HSA-448703"
R-HSA-5357905,"Regulation of TNFR1 signaling",2,54,0.00345489443378119,0.9737689898927968,0.9737689898927968,3,41,0.0027333333333333333,9606,Homo sapiens,"73218;35619","","R-HSA-5693108;R-HSA-5693055;R-HSA-8863101"
R-HSA-75153,"Apoptotic execution phase",2,54,0.00345489443378119,0.9737689898927968,0.9737689898927968,4,57,0.0038,9606,Homo sapiens,"19232;12387","","R-HSA-202969;R-HSA-350319;R-HSA-350318;R-HSA-201628"
R-HSA-9013423,"RAC3 GTPase cycle",5,100,0.006397952655150352,0.9746158424928316,0.9746158424928316,3,6,4.0E-4,9606,Homo sapiens,"16827;15365;32398;88458;16349","","R-HSA-9018808;R-HSA-9714691;R-HSA-9018806"
R-HSA-1250196,"SHC1 events in ERBB2 signaling",1,36,0.0023032629558541267,0.9746667053993658,0.9746667053993658,4,6,4.0E-4,9606,Homo sapiens,"104011;18183","","R-HSA-1250195;R-HSA-1250486;R-HSA-1963578;R-HSA-1250463"
R-HSA-9687139,"Aberrant regulation of mitotic cell cycle due to RB1 defects",1,36,0.0023032629558541267,0.9746667053993658,0.9746667053993658,1,3,2.0E-4,9606,Homo sapiens,"31835","","R-HSA-9687377"
R-HSA-203615,"eNOS activation",1,36,0.0023032629558541267,0.9746667053993658,0.9746667053993658,4,20,0.0013333333333333333,9606,Homo sapiens,"18127","","R-HSA-202132;R-HSA-203611;R-HSA-203567;R-HSA-203613"
R-HSA-8863795,"Downregulation of ERBB2 signaling",1,36,0.0023032629558541267,0.9746667053993658,0.9746667053993658,2,14,9.333333333333333E-4,9606,Homo sapiens,"104011;18183","","R-HSA-1963563;R-HSA-8863804"
R-HSA-114452,"Activation of BH3-only proteins",1,36,0.0023032629558541267,0.9746667053993658,0.9746667053993658,2,19,0.0012666666666666666,9606,Homo sapiens,"95120","","R-HSA-139906;R-HSA-139899"
R-HSA-5654716,"Downstream signaling of activated FGFR4",1,36,0.0023032629558541267,0.9746667053993658,0.9746667053993658,2,23,0.0015333333333333334,9606,Homo sapiens,"3347","","R-HSA-5654151;R-HSA-5654169"
R-HSA-9008059,"Interleukin-37 signaling",1,36,0.0023032629558541267,0.9746667053993658,0.9746667053993658,1,14,9.333333333333333E-4,9606,Homo sapiens,"5778","","R-HSA-9008894"
R-HSA-192823,"Viral mRNA Translation",6,114,0.007293666026871401,0.9747217355997951,0.9747217355997951,2,2,1.3333333333333334E-4,9606,Homo sapiens,"28671;17196;38397;34114;9349;6128;68440;32635","","R-HSA-192704;R-HSA-192841"
R-HSA-8980692,"RHOA GTPase cycle",9,154,0.009852847088931542,0.9747354524724953,0.9747354524724953,3,6,4.0E-4,9606,Homo sapiens,"50619;16283;26078;15365;15864;28865;28716;85470;32425","","R-HSA-9013009;R-HSA-8980691;R-HSA-8981637"
R-HSA-1234174,"Cellular response to hypoxia",4,86,0.0055022392834293025,0.9753343050628648,0.9753343050628648,13,20,0.0013333333333333333,9606,Homo sapiens,"33442;1387;35420;17898","","R-HSA-1234163;R-HSA-1234167;R-HSA-1235035;R-HSA-1234169;R-HSA-1235070;R-HSA-1234175;R-HSA-1234172;R-HSA-1235037;R-HSA-1234173;R-HSA-1234179;R-HSA-1234177;R-HSA-1234183;R-HSA-1234159"
R-HSA-1236975,"Antigen processing-Cross presentation",7,128,0.00818937939859245,0.9753418778248226,0.9753418778248226,13,23,0.0015333333333333334,9606,Homo sapiens,"16827;17533;33442;16410;16474;16437;16040","","R-HSA-8951595;R-HSA-1236955;R-HSA-1236958;R-HSA-8863914;R-HSA-1236956;R-HSA-8863895;R-HSA-1236935;R-HSA-8863858;R-HSA-1236967;R-HSA-1236970;R-HSA-1236939;R-HSA-1236940;R-HSA-1236941"
R-HSA-373755,"Semaphorin interactions",3,71,0.00454254638515675,0.9755282379559123,0.9755282379559123,14,41,0.0027333333333333333,9606,Homo sapiens,"17200;28197;20912","","R-HSA-399941;R-HSA-399939;R-HSA-399951;R-HSA-399946;R-HSA-399947;R-HSA-399944;R-HSA-399952;R-HSA-399934;R-HSA-399935;R-HSA-399933;R-HSA-416698;R-HSA-399930;R-HSA-399931;R-HSA-399928"
R-HSA-6790901,"rRNA modification in the nucleus and cytosol",3,71,0.00454254638515675,0.9755282379559123,0.9755282379559123,2,8,5.333333333333334E-4,9606,Homo sapiens,"17509;27971;17967","","R-HSA-8868783;R-HSA-6790906"
R-HSA-8854050,"FBXL7 down-regulates AURKA during mitotic entry and in early mitosis",2,55,0.0035188739603326936,0.9759480546359911,0.9759480546359911,6,6,4.0E-4,9606,Homo sapiens,"33442;176466","","R-HSA-8854071;R-HSA-8854052;R-HSA-8854051;R-HSA-8854044;R-HSA-8854041;R-HSA-8853496"
R-HSA-174113,"SCF-beta-TrCP mediated degradation of Emi1",2,55,0.0035188739603326936,0.9759480546359911,0.9759480546359911,3,3,2.0E-4,9606,Homo sapiens,"33442;176466","","R-HSA-174209;R-HSA-174203;R-HSA-174159"
R-HSA-1483191,"Synthesis of PC",2,55,0.0035188739603326936,0.9759480546359911,0.9759480546359911,5,18,0.0012,9606,Homo sapiens,"15355;15354","","R-HSA-1483159;R-HSA-372519;R-HSA-444433;R-HSA-264622;R-HSA-1483004"
R-HSA-382551,"Transport of small molecules",85,1016,0.06500319897632757,0.9765469804760932,0.9765469804760932,179,464,0.030933333333333334,9606,Homo sapiens,"68433;16196;17126;17368;17203;15344;16235;16113;16750;16199;17562;18332;491486;113;955;176466;16359;nan;15940;16797;37657;16958;17568;17964;4208;17775;16283;17890;30805;15354;18145;17254;28822;16040;27410;33442;31463;16525;15996;16643;17898;15956;16889;17189;16891;17268;9123;15366;2495;28875;42820;71062;27747;15964;30768;17748;15600;34729;16335;3699;17864;17821;16737;16814;34846;15966;17596;17750;104011;25858;17351;48950;17474;74340;34712;16708;16828;422;15854;16347;17754;16704","","R-HSA-549129;R-HSA-8933258;R-HSA-8865667;R-HSA-429571;R-HSA-429581;R-HSA-8858252;R-HSA-8854408;R-HSA-379415;R-HSA-1562626;R-HSA-444433;R-HSA-352029;R-HSA-426015;R-HSA-164377;R-HSA-429594;R-HSA-8876696;R-HSA-917807;R-HSA-174624;R-HSA-163617;R-HSA-433698;R-HSA-8933292;R-HSA-2671885;R-HSA-379426;R-HSA-429101;R-HSA-379432;R-HSA-171059;R-HSA-8949178;R-HSA-8848053;R-HSA-265783;R-HSA-9645220;R-HSA-917814;R-HSA-8854462;R-HSA-432188;R-HSA-266303;R-HSA-8876472;R-HSA-266299;R-HSA-917839;R-HSA-392263;R-HSA-8876485;R-HSA-266310;R-HSA-174657;R-HSA-8876484;R-HSA-917835;R-HSA-432195;R-HSA-174660;R-HSA-1454928;R-HSA-5691167;R-HSA-171087;R-HSA-5671707;R-HSA-266315;R-HSA-194130;R-HSA-427605;R-HSA-5683714;R-HSA-5691150;R-HSA-429663;R-HSA-1467466;R-HSA-266328;R-HSA-171106;R-HSA-174690;R-HSA-9631987;R-HSA-9650165;R-HSA-266082;R-HSA-3295579;R-HSA-266350;R-HSA-8937442;R-HSA-432237;R-HSA-561253;R-HSA-266089;R-HSA-373867;R-HSA-174706;R-HSA-171122;R-HSA-549241;R-HSA-352119;R-HSA-373875;R-HSA-8876283;R-HSA-8866553;R-HSA-5691176;R-HSA-6813720;R-HSA-8863494;R-HSA-6784738;R-HSA-264834;R-HSA-171141;R-HSA-8866304;R-HSA-947591;R-HSA-376200;R-HSA-8980228;R-HSA-917888;R-HSA-382613;R-HSA-216723;R-HSA-8866327;R-HSA-174739;R-HSA-378513;R-HSA-264848;R-HSA-216727;R-HSA-561054;R-HSA-5229273;R-HSA-8866321;R-HSA-549279;R-HSA-174741;R-HSA-561041;R-HSA-2872497;R-HSA-5226964;R-HSA-8876312;R-HSA-174757;R-HSA-561059;R-HSA-5691131;R-HSA-8959781;R-HSA-549304;R-HSA-5691108;R-HSA-5340130;R-HSA-429749;R-HSA-422320;R-HSA-216757;R-HSA-432049;R-HSA-727740;R-HSA-216756;R-HSA-6784735;R-HSA-561072;R-HSA-6784734;R-HSA-549297;R-HSA-352191;R-HSA-375487;R-HSA-5246444;R-HSA-6784729;R-HSA-349637;R-HSA-549322;R-HSA-349638;R-HSA-2682349;R-HSA-433089;R-HSA-879562;R-HSA-1369052;R-HSA-8876366;R-HSA-432074;R-HSA-727749;R-HSA-8878664;R-HSA-936897;R-HSA-1369028;R-HSA-727768;R-HSA-109527;R-HSA-507871;R-HSA-109529;R-HSA-444126;R-HSA-507870;R-HSA-349404;R-HSA-174808;R-HSA-507869;R-HSA-879575;R-HSA-507868;R-HSA-109530;R-HSA-727767;R-HSA-434650;R-HSA-349657;R-HSA-109534;R-HSA-5682103;R-HSA-109536;R-HSA-109539;R-HSA-264678;R-HSA-5682101;R-HSA-109538;R-HSA-507875;R-HSA-435171;R-HSA-507873;R-HSA-428015;R-HSA-429036;R-HSA-879585;R-HSA-352232;R-HSA-917987;R-HSA-879584;R-HSA-176879;R-HSA-8981606;R-HSA-5682084;R-HSA-264695;R-HSA-264689;R-HSA-351987;R-HSA-9684068;R-HSA-429567;R-HSA-174587;R-HSA-939763;R-HSA-8953461;R-HSA-8981622"
R-HSA-9659379,"Sensory processing of sound",4,87,0.005566218809980806,0.977045496702412,0.977045496702412,5,13,8.666666666666666E-4,9606,Homo sapiens,"15355;15573;17409;26756","","R-HSA-9663363;R-HSA-9662096;R-HSA-9659380;R-HSA-9663785;R-HSA-9663736"
R-HSA-2022854,"Keratan sulfate biosynthesis",1,37,0.00236724248240563,0.9771283662252007,0.9771283662252007,8,9,6.0E-4,9606,Homo sapiens,"18295","","R-HSA-2046175;R-HSA-2046222;R-HSA-2025724;R-HSA-2046285;R-HSA-2046298;R-HSA-2025723;R-HSA-2046265;R-HSA-2046180"
R-HSA-389958,"Cooperation of Prefoldin and TriC/CCT  in actin and tubulin folding",1,37,0.00236724248240563,0.9771283662252007,0.9771283662252007,4,6,4.0E-4,9606,Homo sapiens,"17409","","R-HSA-390453;R-HSA-389970;R-HSA-389980;R-HSA-390459"
R-HSA-399719,"Trafficking of AMPA receptors",1,37,0.00236724248240563,0.9771283662252007,0.9771283662252007,1,4,2.666666666666667E-4,9606,Homo sapiens,"16509","","R-HSA-416320"
R-HSA-5694530,"Cargo concentration in the ER",1,37,0.00236724248240563,0.9771283662252007,0.9771283662252007,2,12,8.0E-4,9606,Homo sapiens,"17254","","R-HSA-5694445;R-HSA-5694522"
R-HSA-9833109,"Evasion by RSV of host interferon responses",1,37,0.00236724248240563,0.9771283662252007,0.9771283662252007,2,12,8.0E-4,9606,Homo sapiens,"1387","","R-HSA-9833446;R-HSA-1028817"
R-HSA-9820960,"Respiratory syncytial virus (RSV) attachment and entry",1,37,0.00236724248240563,0.9771283662252007,0.9771283662252007,1,7,4.6666666666666666E-4,9606,Homo sapiens,"28946","","R-HSA-9836468"
R-HSA-162710,"Synthesis of glycosylphosphatidylinositol (GPI)",1,37,0.00236724248240563,0.9771283662252007,0.9771283662252007,1,11,7.333333333333333E-4,9606,Homo sapiens,"15366","","R-HSA-162857"
R-HSA-5609975,"Diseases associated with glycosylation precursor biosynthesis",1,37,0.00236724248240563,0.9771283662252007,0.9771283662252007,1,15,0.001,9606,Homo sapiens,"17973","","R-HSA-5610038"
R-HSA-6798695,"Neutrophil degranulation",36,478,0.030582213691618683,0.977196065232416,0.977196065232416,10,10,6.666666666666666E-4,9606,Homo sapiens,"90000;70997;17368;17203;17361;16411;17263;16135;16410;2495;17380;25722;15947;27584;15864;16259;51209;16283;177097;17394;16422;17474;2089;28009;28867;16082;45826;29672;36217;2611;16827;28324;86612;30776;15956;30852;18405","","R-HSA-6798743;R-HSA-6799350;R-HSA-6798739;R-HSA-6800434;R-HSA-6798751;R-HSA-6798749;R-HSA-6798748;R-HSA-6798747;R-HSA-6800426;R-HSA-6798745"
R-HSA-1234176,"Oxygen-dependent proline hydroxylation of Hypoxia-inducible Factor Alpha",3,72,0.004606525911708253,0.9773662998963383,0.9773662998963383,9,12,8.0E-4,9606,Homo sapiens,"33442;35420;17898","","R-HSA-1234163;R-HSA-1234179;R-HSA-1234177;R-HSA-1234183;R-HSA-1234169;R-HSA-1234159;R-HSA-1234175;R-HSA-1234172;R-HSA-1234173"
R-HSA-74751,"Insulin receptor signalling cascade",3,72,0.004606525911708253,0.9773662998963383,0.9773662998963383,8,25,0.0016666666666666668,9606,Homo sapiens,"17750;28320;17362","","R-HSA-74707;R-HSA-109699;R-HSA-74740;R-HSA-74711;R-HSA-74743;R-HSA-74742;R-HSA-74712;R-HSA-110011"
R-HSA-5358346,"Hedgehog ligand biogenesis",3,72,0.004606525911708253,0.9773662998963383,0.9773662998963383,3,15,0.001,9606,Homo sapiens,"33442;16113;34372","","R-HSA-5362448;R-HSA-5358340;R-HSA-5362551"
R-HSA-1632852,"Macroautophagy",9,157,0.010044785668586052,0.9786269897608739,0.9786269897608739,33,95,0.006333333333333333,9606,Homo sapiens,"1547;25858;19232;84557;37035;16870;36751;50613;68441","","R-HSA-9834070;R-HSA-9646354;R-HSA-1632857;R-HSA-5682388;R-HSA-9646679;R-HSA-5672017;R-HSA-9613530;R-HSA-5675868;R-HSA-5678490;R-HSA-5682011;R-HSA-9646685;R-HSA-5205663;R-HSA-5679239;R-HSA-1632843;R-HSA-5681987;R-HSA-9646347;R-HSA-5675790;R-HSA-5665868;R-HSA-8959571;R-HSA-5672010;R-HSA-8959573;R-HSA-5672011;R-HSA-5205649;R-HSA-5672008;R-HSA-9646348;R-HSA-5682377;R-HSA-9646390;R-HSA-5672817;R-HSA-5679206;R-HSA-5679205;R-HSA-9646383;R-HSA-5673768;R-HSA-5678313"
R-HSA-5668599,"RHO GTPases Activate NADPH Oxidases",1,38,0.002431222008957134,0.9793509604516428,0.9793509604516428,9,14,9.333333333333333E-4,9606,Homo sapiens,"16827","","R-HSA-9626848;R-HSA-5668629;R-HSA-5218827;R-HSA-5218841;R-HSA-5668718;R-HSA-5668735;R-HSA-5668605;R-HSA-5668714;R-HSA-5668731"
R-HSA-9013407,"RHOH GTPase cycle",1,38,0.002431222008957134,0.9793509604516428,0.9793509604516428,1,3,2.0E-4,9606,Homo sapiens,"16283","","R-HSA-9018758"
R-HSA-9675126,"Diseases of mitotic cell cycle",1,38,0.002431222008957134,0.9793509604516428,0.9793509604516428,1,5,3.333333333333333E-4,9606,Homo sapiens,"31835","","R-HSA-9687377"
R-HSA-1222538,"Tolerance by Mtb to nitric oxide produced by macrophages",1,38,0.002431222008957134,0.9793509604516428,0.9793509604516428,1,10,6.666666666666666E-4,9606,Homo sapiens,"16856","","R-HSA-1500817"
R-HSA-4791275,"Signaling by WNT in cancer",1,38,0.002431222008957134,0.9793509604516428,0.9793509604516428,1,16,0.0010666666666666667,9606,Homo sapiens,"12387","","R-HSA-4827388"
R-HSA-2173795,"Downregulation of SMAD2/3:SMAD4 transcriptional activity",1,38,0.002431222008957134,0.9793509604516428,0.9793509604516428,1,27,0.0018,9606,Homo sapiens,"17154","","R-HSA-2187325"
R-HSA-73893,"DNA Damage Bypass",2,57,0.0036468330134357004,0.9797928552462111,0.9797928552462111,29,34,0.002266666666666667,9606,Homo sapiens,"176131;28230","","R-HSA-5655892;R-HSA-5656148;R-HSA-5653780;R-HSA-5653840;R-HSA-5656158;R-HSA-5655965;R-HSA-5653786;R-HSA-5655835;R-HSA-5651992;R-HSA-5653766;R-HSA-5653838;R-HSA-5654989;R-HSA-5654986;R-HSA-5653770;R-HSA-5654985;R-HSA-5652151;R-HSA-110307;R-HSA-110308;R-HSA-110311;R-HSA-5653756;R-HSA-110317;R-HSA-5653754;R-HSA-110316;R-HSA-110319;R-HSA-5655481;R-HSA-5652005;R-HSA-5655466;R-HSA-5652009;R-HSA-5656105"
R-HSA-9013405,"RHOD GTPase cycle",2,57,0.0036468330134357004,0.9797928552462111,0.9797928552462111,2,9,6.0E-4,9606,Homo sapiens,"16349;15864","","R-HSA-9013438;R-HSA-9693198"
R-HSA-8941858,"Regulation of RUNX3 expression and activity",2,57,0.0036468330134357004,0.9797928552462111,0.9797928552462111,2,9,6.0E-4,9606,Homo sapiens,"33442;21803","","R-HSA-8952408;R-HSA-8937814"
R-HSA-3108232,"SUMO E3 ligases SUMOylate target proteins",11,184,0.011772232885476647,0.9798684244336725,0.9798684244336725,16,132,0.0088,9606,Homo sapiens,"17981;17650;30763;16827;32365;32354;27584;1387;89613;17759;16973;2869;32635","","R-HSA-4615910;R-HSA-6804485;R-HSA-5228525;R-HSA-3000399;R-HSA-4341025;R-HSA-5228523;R-HSA-4551649;R-HSA-4615872;R-HSA-3927959;R-HSA-3000348;R-HSA-5228508;R-HSA-4615987;R-HSA-3000411;R-HSA-4570493;R-HSA-4551679;R-HSA-4655355"
R-HSA-1638091,"Heparan sulfate/heparin (HS-GAG) metabolism",4,89,0.0056941778630838135,0.98013806773073,0.98013806773073,22,33,0.0022,9606,Homo sapiens,"15366;28666;28061;28946","","R-HSA-2076383;R-HSA-2090079;R-HSA-1889981;R-HSA-9638064;R-HSA-2076508;R-HSA-1667005;R-HSA-1889978;R-HSA-2024084;R-HSA-2076371;R-HSA-1878002;R-HSA-2024108;R-HSA-2022860;R-HSA-2022856;R-HSA-2076392;R-HSA-2022919;R-HSA-2022887;R-HSA-2024100;R-HSA-2076419;R-HSA-2076611;R-HSA-2022851;R-HSA-1889955;R-HSA-1678694"
R-HSA-8878159,"Transcriptional regulation by RUNX3",6,118,0.007549584133077415,0.9804191310066985,0.9804191310066985,15,47,0.0031333333333333335,9606,Homo sapiens,"15366;33442;1387;89963;12387;21803","","R-HSA-8878117;R-HSA-4411367;R-HSA-8878243;R-HSA-8878220;R-HSA-8951428;R-HSA-8952069;R-HSA-8952408;R-HSA-1980047;R-HSA-8951966;R-HSA-4396347;R-HSA-8951442;R-HSA-8878237;R-HSA-8951443;R-HSA-4411357;R-HSA-8937814"
R-HSA-174178,"APC/C:Cdh1 mediated degradation of Cdc20 and other APC/C:Cdh1 targeted proteins in late mitosis/early G1",3,74,0.00473448496481126,0.9806554977455648,0.9806554977455648,6,6,4.0E-4,9606,Homo sapiens,"33442;33033;31835","","R-HSA-174195;R-HSA-9686980;R-HSA-174088;R-HSA-9686969;R-HSA-174105;R-HSA-188191"
R-HSA-5083635,"Defective B3GALTL causes PpS",1,39,0.0024952015355086373,0.9813576921169271,0.9813576921169271,1,1,6.666666666666667E-5,9606,Homo sapiens,"17200","","R-HSA-6785565"
R-HSA-9619665,"EGR2 and SOX10-mediated initiation of Schwann cell myelination",1,39,0.0024952015355086373,0.9813576921169271,0.9813576921169271,18,26,0.0017333333333333333,9606,Homo sapiens,"15918","","R-HSA-9619667;R-HSA-9615638;R-HSA-9621399;R-HSA-9616116;R-HSA-9614773;R-HSA-9614778;R-HSA-9621400;R-HSA-9621406;R-HSA-9618559;R-HSA-9621404;R-HSA-9621410;R-HSA-9621411;R-HSA-9614787;R-HSA-9613760;R-HSA-9614790;R-HSA-9618725;R-HSA-9615626;R-HSA-9619657"
R-HSA-9818027,"NFE2L2 regulating anti-oxidant/detoxification enzymes",1,39,0.0024952015355086373,0.9813576921169271,0.9813576921169271,16,28,0.0018666666666666666,9606,Homo sapiens,"1387","","R-HSA-9761815;R-HSA-9796049;R-HSA-9761841;R-HSA-9759186;R-HSA-9760125;R-HSA-9760122;R-HSA-9796058;R-HSA-9759364;R-HSA-9759332;R-HSA-9759141;R-HSA-9760103;R-HSA-9760128;R-HSA-9760097;R-HSA-9760099;R-HSA-9796045;R-HSA-9796075"
R-HSA-6804758,"Regulation of TP53 Activity through Acetylation",1,39,0.0024952015355086373,0.9813576921169271,0.9813576921169271,4,14,9.333333333333333E-4,9606,Homo sapiens,"23774","","R-HSA-6805638;R-HSA-6805620;R-HSA-6805650;R-HSA-6805640"
R-HSA-399721,"Glutamate binding, activation of AMPA receptors and synaptic plasticity",1,39,0.0024952015355086373,0.9813576921169271,0.9813576921169271,1,9,6.0E-4,9606,Homo sapiens,"16509","","R-HSA-416320"
R-HSA-109704,"PI3K Cascade",2,58,0.0037108125399872042,0.981484706509802,0.981484706509802,1,6,4.0E-4,9606,Homo sapiens,"28320;17362","","R-HSA-109699"
R-HSA-72202,"Transport of Mature Transcript to Cytoplasm",4,90,0.005758157389635317,0.9815326154384839,0.9815326154384839,12,13,8.666666666666666E-4,9606,Homo sapiens,"17981;32365;32354;17759","","R-HSA-77587;R-HSA-158481;R-HSA-159046;R-HSA-158484;R-HSA-159050;R-HSA-75097;R-HSA-75096;R-HSA-158441;R-HSA-75098;R-HSA-77594;R-HSA-158447;R-HSA-111439"
R-HSA-9612973,"Autophagy",10,173,0.01106845809341011,0.9818415637553568,0.9818415637553568,50,116,0.007733333333333333,9606,Homo sapiens,"1547;25858;19232;84557;37035;16870;36751;30776;50613;68441","","R-HSA-9646354;R-HSA-5682388;R-HSA-9626256;R-HSA-5672017;R-HSA-5675868;R-HSA-5682011;R-HSA-9626242;R-HSA-5681987;R-HSA-9646347;R-HSA-5665868;R-HSA-5672010;R-HSA-5672011;R-HSA-5672008;R-HSA-9646348;R-HSA-5682377;R-HSA-9626253;R-HSA-9646390;R-HSA-9626039;R-HSA-5672817;R-HSA-9622840;R-HSA-5679206;R-HSA-5679205;R-HSA-9626276;R-HSA-9646383;R-HSA-9622831;R-HSA-5678313;R-HSA-9834070;R-HSA-1632857;R-HSA-9646679;R-HSA-9613530;R-HSA-9631065;R-HSA-9624158;R-HSA-5678490;R-HSA-9646685;R-HSA-9631068;R-HSA-5205663;R-HSA-5679239;R-HSA-1632843;R-HSA-5675790;R-HSA-8959571;R-HSA-8959573;R-HSA-9626060;R-HSA-5205649;R-HSA-9626235;R-HSA-9625188;R-HSA-9620197;R-HSA-9615721;R-HSA-9625196;R-HSA-5673768;R-HSA-9625197"
R-HSA-168273,"Influenza Viral RNA Transcription and Replication",10,173,0.01106845809341011,0.9818415637553568,0.9818415637553568,4,14,9.333333333333333E-4,9606,Homo sapiens,"17981;28671;17196;34114;38397;32365;32354;9349;6128;17759;68440;32635","","R-HSA-192627;R-HSA-192704;R-HSA-192841;R-HSA-192925"
R-HSA-162599,"Late Phase of HIV Life Cycle",9,160,0.010236724248240563,0.981961776240196,0.981961776240196,49,78,0.0052,9606,Homo sapiens,"17981;32365;32354;88735;9150;17759;86366;7936;18107","","R-HSA-167181;R-HSA-167191;R-HSA-167192;R-HSA-167196;R-HSA-167197;R-HSA-9613490;R-HSA-167459;R-HSA-167072;R-HSA-167076;R-HSA-167077;R-HSA-9613498;R-HSA-167083;R-HSA-167087;R-HSA-167084;R-HSA-167468;R-HSA-167085;R-HSA-167090;R-HSA-167474;R-HSA-165043;R-HSA-167478;R-HSA-165047;R-HSA-167477;R-HSA-167098;R-HSA-167481;R-HSA-167097;R-HSA-167484;R-HSA-167234;R-HSA-167111;R-HSA-167115;R-HSA-167113;R-HSA-167118;R-HSA-167117;R-HSA-170706;R-HSA-170704;R-HSA-167121;R-HSA-167130;R-HSA-167128;R-HSA-167134;R-HSA-167133;R-HSA-162914;R-HSA-167136;R-HSA-167147;R-HSA-167150;R-HSA-167148;R-HSA-167282;R-HSA-167153;R-HSA-167284;R-HSA-167288;R-HSA-167292"
R-HSA-9705671,"SARS-CoV-2 activates/modulates innate and adaptive immune responses",9,160,0.010236724248240563,0.981961776240196,0.981961776240196,7,47,0.0031333333333333335,9606,Homo sapiens,"17981;64023;9908;32365;32354;1387;17759;16556;15756","","R-HSA-9758529;R-HSA-9759709;R-HSA-168184;R-HSA-9756494;R-HSA-9768142;R-HSA-9708889;R-HSA-9729481"
R-HSA-5693606,"DNA Double Strand Break Response",3,75,0.0047984644913627635,0.9821238139196674,0.9821238139196674,12,48,0.0032,9606,Homo sapiens,"28671;15351;2676","","R-HSA-5682598;R-HSA-5682629;R-HSA-5683077;R-HSA-5682992;R-HSA-5683967;R-HSA-5682607;R-HSA-5682863;R-HSA-5682588;R-HSA-5683964;R-HSA-5683930;R-HSA-5682586;R-HSA-5682858"
R-HSA-5576891,"Cardiac conduction",8,147,0.009404990403071018,0.9823001376598347,0.9823001376598347,13,33,0.0022,9606,Homo sapiens,"16440;18125;28972;32063;16525;17380;16104;15966","","R-HSA-9727607;R-HSA-5577234;R-HSA-5576895;R-HSA-5578910;R-HSA-5617182;R-HSA-139854;R-HSA-5617179;R-HSA-936897;R-HSA-5617178;R-HSA-169683;R-HSA-5226904;R-HSA-9684068;R-HSA-2032800"
R-HSA-72706,"GTP hydrolysis and joining of the 60S ribosomal subunit",6,120,0.007677543186180422,0.9827962316856752,0.9827962316856752,3,3,2.0E-4,9606,Homo sapiens,"28671;17196;38397;34114;9349;6128;68440;32635","","R-HSA-72672;R-HSA-72619;R-HSA-72671"
R-HSA-156827,"L13a-mediated translational silencing of Ceruloplasmin expression",6,120,0.007677543186180422,0.9827962316856752,0.9827962316856752,2,3,2.0E-4,9606,Homo sapiens,"28671;17196;38397;34114;9349;6128;68440;32635","","R-HSA-156823;R-HSA-156826"
R-HSA-5607764,"CLEC7A (Dectin-1) signaling",6,120,0.007677543186180422,0.9827962316856752,0.9827962316856752,10,45,0.003,9606,Homo sapiens,"16176;16440;33442;176466;18019;28924","","R-HSA-169683;R-HSA-5660663;R-HSA-169680;R-HSA-5607728;R-HSA-5607731;R-HSA-2730849;R-HSA-5607725;R-HSA-5607724;R-HSA-2730867;R-HSA-5607723"
R-HSA-195253,"Degradation of beta-catenin by the destruction complex",4,91,0.00582213691618682,0.9828342095105478,0.9828342095105478,6,23,0.0015333333333333334,9606,Homo sapiens,"37371;33442;176466;12387","","R-HSA-195318;R-HSA-6781905;R-HSA-2130279;R-HSA-195304;R-HSA-2130282;R-HSA-2130286"
R-HSA-68875,"Mitotic Prophase",7,134,0.008573256557901471,0.9829156613823542,0.9829156613823542,6,34,0.002266666666666667,9606,Homo sapiens,"17981;32365;32354;16349;17759;76308;45969","","R-HSA-2430533;R-HSA-5229194;R-HSA-2172183;R-HSA-2993898;R-HSA-2990880;R-HSA-2990882"
R-HSA-8936459,"RUNX1 regulates genes involved in megakaryocyte differentiation and platelet function",3,76,0.004862444017914268,0.9834852006006616,0.9834852006006616,12,33,0.0022,9606,Homo sapiens,"2700;2691;30314","","R-HSA-8936616;R-HSA-8937016;R-HSA-8937097;R-HSA-8937050;R-HSA-8935740;R-HSA-8937037;R-HSA-8936621;R-HSA-8936481;R-HSA-8936995;R-HSA-8936979;R-HSA-8935731;R-HSA-8936628"
R-HSA-9662360,"Sensory processing of sound by inner hair cells of the cochlea",3,76,0.004862444017914268,0.9834852006006616,0.9834852006006616,2,7,4.6666666666666666E-4,9606,Homo sapiens,"15573;17409;26756","","R-HSA-9662096;R-HSA-9659380"
R-HSA-202403,"TCR signaling",7,135,0.008637236084452975,0.9839446527041817,0.9839446527041817,20,52,0.0034666666666666665,9606,Homo sapiens,"17973;3347;33442;17285;176466;16797;28924","","R-HSA-202307;R-HSA-430183;R-HSA-430180;R-HSA-202407;R-HSA-5607728;R-HSA-202214;R-HSA-202245;R-HSA-430190;R-HSA-202248;R-HSA-202216;R-HSA-202344;R-HSA-8852200;R-HSA-202291;R-HSA-202354;R-HSA-8855381;R-HSA-202165;R-HSA-5607724;R-HSA-202233;R-HSA-202168;R-HSA-202174"
R-HSA-174143,"APC/C-mediated degradation of cell cycle proteins",4,92,0.005886116442738324,0.9840485927960821,0.9840485927960821,32,40,0.0026666666666666666,9606,Homo sapiens,"33442;33033;176466;31835","","R-HSA-174144;R-HSA-174209;R-HSA-174088;R-HSA-174159;R-HSA-174157;R-HSA-179410;R-HSA-174227;R-HSA-188371;R-HSA-174224;R-HSA-9686980;R-HSA-174171;R-HSA-174104;R-HSA-174105;R-HSA-179417;R-HSA-174238;R-HSA-188191;R-HSA-179421;R-HSA-174119;R-HSA-174058;R-HSA-9686969;R-HSA-174120;R-HSA-174057;R-HSA-174121;R-HSA-174255;R-HSA-141423;R-HSA-174195;R-HSA-174070;R-HSA-174132;R-HSA-174202;R-HSA-174139;R-HSA-174203;R-HSA-174079"
R-HSA-453276,"Regulation of mitotic cell cycle",4,92,0.005886116442738324,0.9840485927960821,0.9840485927960821,32,40,0.0026666666666666666,9606,Homo sapiens,"33442;33033;176466;31835","","R-HSA-174144;R-HSA-174209;R-HSA-174088;R-HSA-174159;R-HSA-174157;R-HSA-179410;R-HSA-174227;R-HSA-188371;R-HSA-174224;R-HSA-9686980;R-HSA-174171;R-HSA-174104;R-HSA-174105;R-HSA-179417;R-HSA-174238;R-HSA-188191;R-HSA-179421;R-HSA-174119;R-HSA-174058;R-HSA-9686969;R-HSA-174120;R-HSA-174057;R-HSA-174121;R-HSA-174255;R-HSA-141423;R-HSA-174195;R-HSA-174070;R-HSA-174132;R-HSA-174202;R-HSA-174139;R-HSA-174203;R-HSA-174079"
R-HSA-5663202,"Diseases of signal transduction by growth factor receptors and second messengers",41,546,0.034932821497120924,0.9842932756348446,0.9842932756348446,159,516,0.0344,9606,Homo sapiens,"17981;16450;16113;17263;17362;15365;21803;4170;86507;28478;176466;16238;6801;17409;50613;83490;104011;16388;17254;18183;24786;3374;16040;28320;16828;2611;27471;3347;33442;1387;87986;88811;15611;15676;89963;12387;18128;30314;30754;15714","","R-HSA-9656211;R-HSA-9656209;R-HSA-9656215;R-HSA-9656214;R-HSA-9656213;R-HSA-9656212;R-HSA-9698179;R-HSA-9665411;R-HSA-1839112;R-HSA-1839114;R-HSA-1839110;R-HSA-9656207;R-HSA-1839107;R-HSA-9664950;R-HSA-9701810;R-HSA-2730752;R-HSA-4396393;R-HSA-4396392;R-HSA-2400009;R-HSA-5358460;R-HSA-2400010;R-HSA-9665699;R-HSA-4396402;R-HSA-2219536;R-HSA-2900765;R-HSA-9665697;R-HSA-4396401;R-HSA-9665701;R-HSA-9665700;R-HSA-2900756;R-HSA-9665705;R-HSA-9665704;R-HSA-9665709;R-HSA-2243938;R-HSA-9698003;R-HSA-9712084;R-HSA-9712085;R-HSA-9712086;R-HSA-9664976;R-HSA-9698000;R-HSA-9664983;R-HSA-9698007;R-HSA-6803234;R-HSA-2769007;R-HSA-6803233;R-HSA-9698005;R-HSA-9712083;R-HSA-2768993;R-HSA-9698008;R-HSA-9664991;R-HSA-5655323;R-HSA-5655320;R-HSA-9698013;R-HSA-6803240;R-HSA-2033488;R-HSA-5655301;R-HSA-9712078;R-HSA-9712079;R-HSA-2033474;R-HSA-3645780;R-HSA-2737728;R-HSA-3642203;R-HSA-8936676;R-HSA-1247842;R-HSA-9851109;R-HSA-9851104;R-HSA-1247844;R-HSA-5655343;R-HSA-6803230;R-HSA-5655341;R-HSA-3656523;R-HSA-6803227;R-HSA-5655339;R-HSA-9851112;R-HSA-9698029;R-HSA-5655336;R-HSA-6802919;R-HSA-6802918;R-HSA-6802916;R-HSA-9703440;R-HSA-6802914;R-HSA-2220964;R-HSA-2220967;R-HSA-6802912;R-HSA-2220966;R-HSA-6802927;R-HSA-3656382;R-HSA-6802926;R-HSA-2220971;R-HSA-5654748;R-HSA-6802925;R-HSA-6802924;R-HSA-6802922;R-HSA-6802921;R-HSA-9673757;R-HSA-9673756;R-HSA-6802935;R-HSA-6802934;R-HSA-2220976;R-HSA-6802933;R-HSA-2220979;R-HSA-2220978;R-HSA-8936731;R-HSA-6802932;R-HSA-2220981;R-HSA-2220982;R-HSA-5655233;R-HSA-6802943;R-HSA-2220985;R-HSA-6802942;R-HSA-5655247;R-HSA-6802941;R-HSA-9703438;R-HSA-9701903;R-HSA-5655245;R-HSA-9703439;R-HSA-9665032;R-HSA-5655243;R-HSA-9703434;R-HSA-5655241;R-HSA-1839039;R-HSA-9664567;R-HSA-2691214;R-HSA-1839031;R-HSA-2220944;R-HSA-5655268;R-HSA-4827388;R-HSA-9700131;R-HSA-6802911;R-HSA-6802910;R-HSA-6802908;R-HSA-2220957;R-HSA-9700181;R-HSA-1839065;R-HSA-8853313;R-HSA-9700179;R-HSA-1839067;R-HSA-9725023;R-HSA-5387392;R-HSA-9850958;R-HSA-9664588;R-HSA-1839100;R-HSA-1839102;R-HSA-1839098;R-HSA-1225978;R-HSA-9660538;R-HSA-1839094;R-HSA-9660536;R-HSA-1839095;R-HSA-9698174;R-HSA-2077424;R-HSA-1839091;R-HSA-9725030;R-HSA-2077421;R-HSA-1839080;R-HSA-3304394;R-HSA-2660816;R-HSA-1839078;R-HSA-5637800"
R-HSA-9711097,"Cellular response to starvation",10,176,0.011260396673064619,0.9846177164599664,0.9846177164599664,18,28,0.0018666666666666666,9606,Homo sapiens,"28671;17196;34114;38397;87614;9349;6128;28006;28600;68441;68440;32635","","R-HSA-9657619;R-HSA-9633008;R-HSA-9639287;R-HSA-9639286;R-HSA-9640254;R-HSA-381128;R-HSA-9645598;R-HSA-9640195;R-HSA-9650722;R-HSA-9640167;R-HSA-9646468;R-HSA-9640168;R-HSA-9645608;R-HSA-9633742;R-HSA-9640175;R-HSA-9634669;R-HSA-9640237;R-HSA-9633005"
R-HSA-9748784,"Drug ADME",15,240,0.015355086372360844,0.9846997532728227,0.9846997532728227,18,121,0.008066666666666666,9606,Homo sapiens,"18102;17596;133435;15344;15882;9008;28867;28279;422;16259;16335;32636;46195;17964;32635","","R-HSA-9748983;R-HSA-9754929;R-HSA-9748945;R-HSA-2161193;R-HSA-9753277;R-HSA-9753278;R-HSA-9754916;R-HSA-9753284;R-HSA-9750660;R-HSA-9755013;R-HSA-174931;R-HSA-2162066;R-HSA-9748999;R-HSA-9753280;R-HSA-9750656;R-HSA-9753283;R-HSA-9645220;R-HSA-9748969"
R-HSA-9843970,"Regulation of endogenous retroelements by the Human Silencing Hub (HUSH) complex",1,41,0.0026231605886116445,0.98480534749528,0.98480534749528,7,8,5.333333333333334E-4,9606,Homo sapiens,"31575","","R-HSA-9844006;R-HSA-9843990;R-HSA-9843927;R-HSA-9844015;R-HSA-9844716;R-HSA-9844057;R-HSA-9843993"
R-HSA-6814122,"Cooperation of PDCL (PhLP1) and TRiC/CCT in G-protein beta folding",1,41,0.0026231605886116445,0.98480534749528,0.98480534749528,7,11,7.333333333333333E-4,9606,Homo sapiens,"25858","","R-HSA-6814119;R-HSA-6814418;R-HSA-8850560;R-HSA-8850527;R-HSA-6814124;R-HSA-6814121;R-HSA-6814120"
R-HSA-5654727,"Negative regulation of FGFR2 signaling",1,41,0.0026231605886116445,0.98480534749528,0.98480534749528,3,14,9.333333333333333E-4,9606,Homo sapiens,"17362","","R-HSA-5654677;R-HSA-5654562;R-HSA-5654729"
R-HSA-389356,"CD28 co-stimulation",1,41,0.0026231605886116445,0.98480534749528,0.98480534749528,2,19,0.0012666666666666666,9606,Homo sapiens,"87986","","R-HSA-198640;R-HSA-2317332"
R-HSA-388396,"GPCR downstream signalling",63,795,0.0508637236084453,0.9855484854807446,0.9855484854807446,102,175,0.011666666666666667,9606,Homo sapiens,"17200;68434;17201;17202;16196;17203;16796;15344;19065;3561;2668;2700;53460;113;88528;34146;88522;15940;16995;2869;15670;16440;71018;15355;30805;18386;18101;28666;27732;68329;28661;32111;84634;87986;17814;89884;15366;18397;28834;28875;2691;28716;371;42504;32980;53486;86369;53487;88700;30768;16335;17306;17992;25858;28364;27432;422;27551;15854;1606;17754","","R-HSA-114688;R-HSA-111879;R-HSA-426240;R-HSA-167429;R-HSA-418574;R-HSA-392206;R-HSA-167433;R-HSA-8981892;R-HSA-392212;R-HSA-420883;R-HSA-8964241;R-HSA-8964242;R-HSA-8964246;R-HSA-163617;R-HSA-8982703;R-HSA-8964271;R-HSA-8964274;R-HSA-111930;R-HSA-426043;R-HSA-139854;R-HSA-111955;R-HSA-111956;R-HSA-8964317;R-HSA-419166;R-HSA-9624014;R-HSA-9603279;R-HSA-8964311;R-HSA-8964329;R-HSA-392295;R-HSA-8964333;R-HSA-392300;R-HSA-398188;R-HSA-398184;R-HSA-398185;R-HSA-114544;R-HSA-8964604;R-HSA-8982012;R-HSA-8964605;R-HSA-114548;R-HSA-398193;R-HSA-8964599;R-HSA-8982025;R-HSA-749448;R-HSA-8982026;R-HSA-9036301;R-HSA-749454;R-HSA-392064;R-HSA-749453;R-HSA-749452;R-HSA-750988;R-HSA-8982017;R-HSA-8982019;R-HSA-8982018;R-HSA-8982021;R-HSA-8982020;R-HSA-749446;R-HSA-8964614;R-HSA-112271;R-HSA-751001;R-HSA-8964634;R-HSA-750993;R-HSA-9036307;R-HSA-749456;R-HSA-9036308;R-HSA-751019;R-HSA-379044;R-HSA-112037;R-HSA-139941;R-HSA-170666;R-HSA-5694462;R-HSA-380073;R-HSA-379048;R-HSA-170671;R-HSA-751013;R-HSA-170674;R-HSA-170672;R-HSA-751039;R-HSA-170676;R-HSA-170677;R-HSA-751027;R-HSA-751024;R-HSA-744887;R-HSA-170686;R-HSA-744886;R-HSA-751029;R-HSA-170685;R-HSA-392133;R-HSA-392129;R-HSA-751040;R-HSA-169683;R-HSA-169680;R-HSA-8851797;R-HSA-398040;R-HSA-8982637;R-HSA-167408;R-HSA-416510;R-HSA-8982641;R-HSA-8982640;R-HSA-167419;R-HSA-8982645;R-HSA-111870;R-HSA-418553"
R-HSA-5362768,"Hh mutants are degraded by ERAD",2,61,0.003902751119641715,0.9857755827192385,0.9857755827192385,2,6,4.0E-4,9606,Homo sapiens,"33442;16113","","R-HSA-5387392;R-HSA-5358460"
R-HSA-2132295,"MHC class II antigen presentation",7,137,0.008765195137555982,0.9858317199449822,0.9858317199449822,8,26,0.0017333333333333333,9606,Homo sapiens,"30860;15882;6456;16551;28822;15996;26756","","R-HSA-2130336;R-HSA-2213248;R-HSA-2130641;R-HSA-8951498;R-HSA-2130725;R-HSA-2213236;R-HSA-2130486;R-HSA-2130619"
R-HSA-6803157,"Antimicrobial peptides",6,123,0.007869481765834933,0.9858612750337957,0.9858612750337957,8,58,0.0038666666666666667,9606,Homo sapiens,"17189;29672;17203;3347;28009;30831","","R-HSA-6803063;R-HSA-8948027;R-HSA-435171;R-HSA-5229273;R-HSA-8862320;R-HSA-6807581;R-HSA-6813626;R-HSA-6807144"
R-HSA-1834949,"Cytosolic sensors of pathogen-associated DNA ",3,78,0.0049904030710172746,0.985916071604464,0.985916071604464,5,50,0.0033333333333333335,9606,Homo sapiens,"1387;3165;12387","","R-HSA-3244647;R-HSA-3134904;R-HSA-3244614;R-HSA-3134901;R-HSA-3134883"
R-HSA-141444,"Amplification  of signal from unattached  kinetochores via a MAD2  inhibitory signal",4,94,0.0060140754958413305,0.9862371469055792,0.9862371469055792,4,4,2.666666666666667E-4,9606,Homo sapiens,"17981;27389;33033;86553","","R-HSA-141409;R-HSA-141431;R-HSA-141422;R-HSA-141439"
R-HSA-141424,"Amplification of signal from the kinetochores",4,94,0.0060140754958413305,0.9862371469055792,0.9862371469055792,4,4,2.666666666666667E-4,9606,Homo sapiens,"17981;27389;33033;86553","","R-HSA-141409;R-HSA-141431;R-HSA-141422;R-HSA-141439"
R-HSA-917977,"Transferrin endocytosis and recycling",1,42,0.002687140115163148,0.9862822764070871,0.9862822764070871,6,11,7.333333333333333E-4,9606,Homo sapiens,"15600","","R-HSA-917839;R-HSA-917807;R-HSA-917835;R-HSA-917814;R-HSA-5691150;R-HSA-917987"
R-HSA-2559585,"Oncogene Induced Senescence",1,42,0.002687140115163148,0.9862822764070871,0.9862822764070871,2,19,0.0012666666666666666,9606,Homo sapiens,"15901","","R-HSA-8979082;R-HSA-3209165"
R-HSA-193775,"Synthesis of bile acids and bile salts via 24-hydroxycholesterol",1,42,0.002687140115163148,0.9862822764070871,0.9862822764070871,1,28,0.0018666666666666666,9606,Homo sapiens,"16113","","R-HSA-192061"
R-HSA-9006931,"Signaling by Nuclear Receptors",27,388,0.024824056301983366,0.9864035944135991,0.9864035944135991,60,196,0.013066666666666667,9606,Homo sapiens,"17026;70997;17126;17263;16474;28116;25682;28871;88522;15940;6801;86366;15367;2869;25858;17351;17252;17254;17490;27974;2676;1387;180306;16469;86971;30754;17336;17898;35704","","R-HSA-9008267;R-HSA-9023884;R-HSA-9633044;R-HSA-9008271;R-HSA-9008270;R-HSA-5362518;R-HSA-9009536;R-HSA-9011971;R-HSA-9634584;R-HSA-9008258;R-HSA-5362522;R-HSA-5362525;R-HSA-5422942;R-HSA-9009541;R-HSA-5623643;R-HSA-9632412;R-HSA-9008285;R-HSA-9021596;R-HSA-5334854;R-HSA-9625482;R-HSA-9625487;R-HSA-9021609;R-HSA-5622134;R-HSA-5622129;R-HSA-9021601;R-HSA-9021600;R-HSA-9008315;R-HSA-5633256;R-HSA-9618479;R-HSA-9619756;R-HSA-9624272;R-HSA-5419165;R-HSA-9031512;R-HSA-9012315;R-HSA-9605063;R-HSA-9021660;R-HSA-200406;R-HSA-5362564;R-HSA-9012319;R-HSA-9038161;R-HSA-9038163;R-HSA-9027670;R-HSA-5634100;R-HSA-5615668;R-HSA-5634103;R-HSA-9011949;R-HSA-9023840;R-HSA-9625465;R-HSA-9038052;R-HSA-5634104;R-HSA-9023846;R-HSA-5362721;R-HSA-9009533;R-HSA-9011966;R-HSA-9011952;R-HSA-9023859;R-HSA-5334827;R-HSA-9023861;R-HSA-9023860;R-HSA-9009526"
R-HSA-927802,"Nonsense-Mediated Decay (NMD)",6,124,0.007933461292386436,0.9867635365717013,0.9867635365717013,5,6,4.0E-4,9606,Homo sapiens,"28671;17196;38397;34114;9349;6128;68440;32635","","R-HSA-927836;R-HSA-927789;R-HSA-927832;R-HSA-927813;R-HSA-927889"
R-HSA-975957,"Nonsense Mediated Decay (NMD) enhanced by the Exon Junction Complex (EJC)",6,124,0.007933461292386436,0.9867635365717013,0.9867635365717013,4,5,3.333333333333333E-4,9606,Homo sapiens,"28671;17196;38397;34114;9349;6128;68440;32635","","R-HSA-927836;R-HSA-927832;R-HSA-927813;R-HSA-927889"
R-HSA-5610787,"Hedgehog 'off' state",6,124,0.007933461292386436,0.9867635365717013,0.9867635365717013,11,32,0.0021333333333333334,9606,Homo sapiens,"18357;113;33442;16586;176466;141","","R-HSA-5610757;R-HSA-5610725;R-HSA-5610727;R-HSA-5610758;R-HSA-5610742;R-HSA-5610754;R-HSA-5610767;R-HSA-5610766;R-HSA-5610745;R-HSA-5610760;R-HSA-5610746"
R-HSA-72649,"Translation initiation complex formation",2,62,0.003966730646193218,0.9869777270249865,0.9869777270249865,2,2,1.3333333333333334E-4,9606,Homo sapiens,"17196;68440;32635","","R-HSA-156808;R-HSA-157849"
R-HSA-187577,"SCF(Skp2)-mediated degradation of p27/p21",2,62,0.003966730646193218,0.9869777270249865,0.9869777270249865,4,7,4.6666666666666666E-4,9606,Homo sapiens,"33442;176466","","R-HSA-187552;R-HSA-187574;R-HSA-187575;R-HSA-187545"
R-HSA-5610780,"Degradation of GLI1 by the proteasome",2,62,0.003966730646193218,0.9869777270249865,0.9869777270249865,3,6,4.0E-4,9606,Homo sapiens,"33442;176466","","R-HSA-5610758;R-HSA-5610742;R-HSA-5610760"
R-HSA-5610783,"Degradation of GLI2 by the proteasome",2,62,0.003966730646193218,0.9869777270249865,0.9869777270249865,2,5,3.333333333333333E-4,9606,Homo sapiens,"33442;176466","","R-HSA-5610757;R-HSA-5610745"
R-HSA-5610785,"GLI3 is processed to GLI3R by the proteasome",2,62,0.003966730646193218,0.9869777270249865,0.9869777270249865,2,5,3.333333333333333E-4,9606,Homo sapiens,"33442;176466","","R-HSA-5610754;R-HSA-5610746"
R-HSA-5250913,"Positive epigenetic regulation of rRNA expression",3,79,0.005054382597568778,0.9869988791664618,0.9869988791664618,3,7,4.6666666666666666E-4,9606,Homo sapiens,"15351;9188;17409","","R-HSA-5250930;R-HSA-5250947;R-HSA-5250938"
R-HSA-372790,"Signaling by GPCR",70,876,0.05604606525911708,0.9870126496513963,0.9870126496513963,152,392,0.026133333333333335,9606,Homo sapiens,"17200;68434;17201;17202;16196;17203;16796;30817;15344;19065;3561;2668;2700;53460;113;88528;34146;88522;15940;16995;2869;15670;16440;18344;71018;15355;30805;18386;18101;71012;28666;27732;68329;28661;32111;84634;87986;17814;89884;27708;15366;18397;28834;28875;2691;28716;371;42504;15729;15728;15727;32980;53486;86369;53487;88700;30768;16335;17306;17992;25858;7476;28364;27432;422;27551;15854;1606;17754","","R-HSA-391941;R-HSA-419334;R-HSA-114688;R-HSA-391943;R-HSA-3296304;R-HSA-391937;R-HSA-8937613;R-HSA-111879;R-HSA-426240;R-HSA-167429;R-HSA-3296309;R-HSA-418574;R-HSA-392206;R-HSA-167433;R-HSA-8981892;R-HSA-444171;R-HSA-392212;R-HSA-390673;R-HSA-420883;R-HSA-390674;R-HSA-8964241;R-HSA-444191;R-HSA-8964242;R-HSA-420123;R-HSA-8964246;R-HSA-374298;R-HSA-163617;R-HSA-8982703;R-HSA-8964271;R-HSA-163625;R-HSA-444202;R-HSA-391211;R-HSA-8964274;R-HSA-111930;R-HSA-444731;R-HSA-426043;R-HSA-392263;R-HSA-139854;R-HSA-111955;R-HSA-111956;R-HSA-8964317;R-HSA-373075;R-HSA-419166;R-HSA-373086;R-HSA-9624014;R-HSA-9603279;R-HSA-375384;R-HSA-418904;R-HSA-8964311;R-HSA-8964329;R-HSA-9667569;R-HSA-392295;R-HSA-444773;R-HSA-419426;R-HSA-8964333;R-HSA-392300;R-HSA-398188;R-HSA-418925;R-HSA-398184;R-HSA-398185;R-HSA-388981;R-HSA-114544;R-HSA-8964604;R-HSA-3296326;R-HSA-8982012;R-HSA-8964605;R-HSA-114548;R-HSA-398193;R-HSA-9667563;R-HSA-8964599;R-HSA-8982025;R-HSA-749448;R-HSA-8982026;R-HSA-9036301;R-HSA-749454;R-HSA-392064;R-HSA-749453;R-HSA-749452;R-HSA-750988;R-HSA-8982017;R-HSA-444047;R-HSA-8982019;R-HSA-8982018;R-HSA-8982021;R-HSA-8982020;R-HSA-749446;R-HSA-8964614;R-HSA-112271;R-HSA-420233;R-HSA-751001;R-HSA-8964634;R-HSA-420243;R-HSA-750993;R-HSA-9036307;R-HSA-749456;R-HSA-9036308;R-HSA-751019;R-HSA-379044;R-HSA-112037;R-HSA-139941;R-HSA-170666;R-HSA-5694462;R-HSA-381612;R-HSA-380073;R-HSA-379048;R-HSA-170671;R-HSA-9611839;R-HSA-751013;R-HSA-170674;R-HSA-9667619;R-HSA-170672;R-HSA-6805205;R-HSA-751039;R-HSA-170676;R-HSA-170677;R-HSA-751027;R-HSA-444606;R-HSA-751024;R-HSA-744887;R-HSA-170686;R-HSA-744886;R-HSA-751029;R-HSA-170685;R-HSA-392133;R-HSA-392129;R-HSA-391375;R-HSA-751040;R-HSA-9609310;R-HSA-169683;R-HSA-169680;R-HSA-8851797;R-HSA-9690439;R-HSA-9611851;R-HSA-3296233;R-HSA-398040;R-HSA-9611852;R-HSA-8982637;R-HSA-444654;R-HSA-201708;R-HSA-388596;R-HSA-167408;R-HSA-444661;R-HSA-388605;R-HSA-416510;R-HSA-8982641;R-HSA-8982640;R-HSA-167419;R-HSA-388863;R-HSA-8982645;R-HSA-390649;R-HSA-111870;R-HSA-418553"
R-HSA-6804756,"Regulation of TP53 Activity through Phosphorylation",4,95,0.006078055022392835,0.9872212909560869,0.9872212909560869,5,26,0.0017333333333333333,9606,Homo sapiens,"1547;33678;176131;91315","","R-HSA-3222128;R-HSA-6805126;R-HSA-6799332;R-HSA-6805122;R-HSA-6805470"
R-HSA-2990846,"SUMOylation",11,193,0.012348048624440179,0.987594272865164,0.987594272865164,16,141,0.0094,9606,Homo sapiens,"17981;17650;30763;16827;32365;32354;27584;1387;89613;17759;16973;2869;32635","","R-HSA-4615910;R-HSA-6804485;R-HSA-5228525;R-HSA-3000399;R-HSA-4341025;R-HSA-5228523;R-HSA-4551649;R-HSA-4615872;R-HSA-3927959;R-HSA-3000348;R-HSA-5228508;R-HSA-4615987;R-HSA-3000411;R-HSA-4570493;R-HSA-4551679;R-HSA-4655355"
R-HSA-9682385,"FLT3 signaling in disease",1,43,0.0027511196417146513,0.9876157282259347,0.9876157282259347,13,52,0.0034666666666666665,9606,Homo sapiens,"28320","","R-HSA-9698003;R-HSA-9698000;R-HSA-9698007;R-HSA-9703440;R-HSA-9698005;R-HSA-9698008;R-HSA-9698174;R-HSA-9698013;R-HSA-9698179;R-HSA-9703438;R-HSA-9703439;R-HSA-9698029;R-HSA-9703434"
R-HSA-3371511,"HSF1 activation",1,43,0.0027511196417146513,0.9876157282259347,0.9876157282259347,1,7,4.6666666666666666E-4,9606,Homo sapiens,"50613","","R-HSA-5324632"
R-HSA-69205,"G1/S-Specific Transcription",1,43,0.0027511196417146513,0.9876157282259347,0.9876157282259347,1,28,0.0018666666666666666,9606,Homo sapiens,"41941","","R-HSA-8961934"
R-HSA-69473,"G2/M DNA damage checkpoint",3,80,0.005118362124120281,0.9880014504257165,0.9880014504257165,2,12,8.0E-4,9606,Homo sapiens,"33678;176131;95120","","R-HSA-6799332;R-HSA-75016"
R-HSA-69618,"Mitotic Spindle Checkpoint",5,111,0.007101727447216891,0.988059875159633,0.988059875159633,5,7,4.6666666666666666E-4,9606,Homo sapiens,"17981;27389;33033;31835;86553","","R-HSA-141409;R-HSA-141431;R-HSA-141422;R-HSA-141439;R-HSA-141423"
R-HSA-9009391,"Extra-nuclear estrogen signaling",5,111,0.007101727447216891,0.988059875159633,0.988059875159633,13,39,0.0026,9606,Homo sapiens,"25858;17254;6801;88522;2869","","R-HSA-9021609;R-HSA-9624272;R-HSA-9633044;R-HSA-9021601;R-HSA-9021600;R-HSA-9625465;R-HSA-9634584;R-HSA-9632412;R-HSA-9021596;R-HSA-9021660;R-HSA-9625482;R-HSA-9625487;R-HSA-9027670"
R-HSA-9824272,"Somitogenesis",2,63,0.004030710172744722,0.988080664973031,0.988080664973031,6,19,0.0012666666666666666,9606,Homo sapiens,"33442;12387","","R-HSA-9825555;R-HSA-9824268;R-HSA-9824236;R-HSA-9824222;R-HSA-9825275;R-HSA-9824266"
R-HSA-9013406,"RHOQ GTPase cycle",2,63,0.004030710172744722,0.988080664973031,0.988080664973031,1,5,3.333333333333333E-4,9606,Homo sapiens,"16283;88458","","R-HSA-9018746"
R-HSA-438064,"Post NMDA receptor activation events",4,96,0.006142034548944338,0.988138196329545,0.988138196329545,8,39,0.0026,9606,Homo sapiens,"1547;3387;17418;2904","","R-HSA-445367;R-HSA-9619478;R-HSA-9619542;R-HSA-9612085;R-HSA-9619515;R-HSA-442732;R-HSA-9618750;R-HSA-442760"
R-HSA-447115,"Interleukin-12 family signaling",4,96,0.006142034548944338,0.988138196329545,0.988138196329545,21,114,0.0076,9606,Homo sapiens,"16440;16255;26756;15978","","R-HSA-8950504;R-HSA-8950057;R-HSA-8950634;R-HSA-8950731;R-HSA-8952749;R-HSA-8981093;R-HSA-8950757;R-HSA-8952807;R-HSA-447252;R-HSA-8950364;R-HSA-8950269;R-HSA-9006431;R-HSA-8950591;R-HSA-8950448;R-HSA-8950128;R-HSA-8950354;R-HSA-447226;R-HSA-447130;R-HSA-8950423;R-HSA-8952823;R-HSA-8950583"
R-HSA-9820952,"Respiratory Syncytial Virus Infection Pathway",8,154,0.009852847088931542,0.9883822782450449,0.9883822782450449,9,101,0.006733333333333333,9606,Homo sapiens,"86507;17685;32796;28972;16796;1387;17336;28946","","R-HSA-9833446;R-HSA-9836468;R-HSA-9830805;R-HSA-9829030;R-HSA-9830882;R-HSA-9836899;R-HSA-9837231;R-HSA-1028817;R-HSA-9836857"
R-HSA-2173782,"Binding and Uptake of Ligands by Scavenger Receptors",9,168,0.010748560460652591,0.9886513333802481,0.9886513333802481,19,33,0.0022,9606,Homo sapiens,"17202;64023;17368;16113;53014;2495;15940;2904;4208;15768","","R-HSA-2187264;R-HSA-3221843;R-HSA-2187266;R-HSA-2512800;R-HSA-2507854;R-HSA-2197770;R-HSA-2197645;R-HSA-2197646;R-HSA-2173778;R-HSA-2247511;R-HSA-2203479;R-HSA-2168889;R-HSA-2247514;R-HSA-2203480;R-HSA-2247512;R-HSA-2247513;R-HSA-2187261;R-HSA-2981040;R-HSA-2299677"
R-HSA-5358351,"Signaling by Hedgehog",9,168,0.010748560460652591,0.9886513333802481,0.9886513333802481,20,82,0.0054666666666666665,9606,Homo sapiens,"18357;113;33442;16113;16586;16002;176466;34372;141","","R-HSA-5362448;R-HSA-5610742;R-HSA-5362551;R-HSA-5635859;R-HSA-5635868;R-HSA-5635102;R-HSA-5610745;R-HSA-5633051;R-HSA-5610746;R-HSA-5610757;R-HSA-5610725;R-HSA-5610727;R-HSA-5632679;R-HSA-5610758;R-HSA-5358340;R-HSA-5610754;R-HSA-5610767;R-HSA-5610766;R-HSA-5635854;R-HSA-5610760"
R-HSA-427359,"SIRT1 negatively regulates rRNA expression",1,44,0.0028150991682661546,0.988819633221768,0.988819633221768,2,5,3.333333333333333E-4,9606,Homo sapiens,"17154","","R-HSA-5211239;R-HSA-427514"
R-HSA-933541,"TRAF6 mediated IRF7 activation",1,44,0.0028150991682661546,0.988819633221768,0.988819633221768,4,13,8.666666666666666E-4,9606,Homo sapiens,"1387","","R-HSA-9604499;R-HSA-1028820;R-HSA-1028819;R-HSA-933536"
R-HSA-3899300,"SUMOylation of transcription cofactors",1,44,0.0028150991682661546,0.988819633221768,0.988819633221768,1,27,0.0018,9606,Homo sapiens,"1387","","R-HSA-3927959"
R-HSA-380320,"Recruitment of NuMA to mitotic centrosomes",4,97,0.0062060140754958415,0.9889921702766171,0.9889921702766171,2,2,1.3333333333333334E-4,9606,Homo sapiens,"27373;181620;16586;27389;33033","","R-HSA-380316;R-HSA-380508"
R-HSA-6782210,"Gap-filling DNA repair synthesis and ligation in TC-NER",2,64,0.004094689699296225,0.9890923177512895,0.9890923177512895,2,2,1.3333333333333334E-4,9606,Homo sapiens,"176131;88735","","R-HSA-6782227;R-HSA-6782208"
R-HSA-72702,"Ribosomal scanning and start codon recognition",2,64,0.004094689699296225,0.9890923177512895,0.9890923177512895,2,2,1.3333333333333334E-4,9606,Homo sapiens,"17196;68440;32635","","R-HSA-72697;R-HSA-72621"
R-HSA-174084,"Autodegradation of Cdh1 by Cdh1:APC/C",2,64,0.004094689699296225,0.9890923177512895,0.9890923177512895,2,2,1.3333333333333334E-4,9606,Homo sapiens,"33442;31835","","R-HSA-174058;R-HSA-174057"
R-HSA-193648,"NRAGE signals death through JNK",2,64,0.004094689699296225,0.9890923177512895,0.9890923177512895,4,7,4.6666666666666666E-4,9606,Homo sapiens,"18053;28716","","R-HSA-205115;R-HSA-205039;R-HSA-204958;R-HSA-205132"
R-HSA-9662361,"Sensory processing of sound by outer hair cells of the cochlea",2,64,0.004094689699296225,0.9890923177512895,0.9890923177512895,3,8,5.333333333333334E-4,9606,Homo sapiens,"15355;17409","","R-HSA-9663363;R-HSA-9663785;R-HSA-9663736"
R-HSA-5387390,"Hh mutants abrogate ligand secretion",2,64,0.004094689699296225,0.9890923177512895,0.9890923177512895,2,7,4.6666666666666666E-4,9606,Homo sapiens,"33442;16113","","R-HSA-5387392;R-HSA-5358460"
R-HSA-9705683,"SARS-CoV-2-host interactions",15,248,0.01586692258477287,0.9896859536292228,0.9896859536292228,11,67,0.0044666666666666665,9606,Homo sapiens,"17981;64023;17196;189726;95120;9908;32365;32354;1387;36751;17759;16556;32636;68440;15756;32635","","R-HSA-9758529;R-HSA-191786;R-HSA-9729500;R-HSA-9759709;R-HSA-168184;R-HSA-9756494;R-HSA-9768142;R-HSA-9729849;R-HSA-9708889;R-HSA-9729481;R-HSA-9730505"
R-HSA-5689603,"UCH proteinases",4,98,0.006269993602047345,0.9897872705961159,0.9897872705961159,4,11,7.333333333333333E-4,9606,Homo sapiens,"33442;15611;17409;21803","","R-HSA-5665854;R-HSA-5665871;R-HSA-2179291;R-HSA-5689544"
R-HSA-9772573,"Late SARS-CoV-2 Infection Events",4,98,0.006269993602047345,0.9897872705961159,0.9897872705961159,4,69,0.0046,9606,Homo sapiens,"18347;15903;17361;17154","","R-HSA-9686790;R-HSA-9729279;R-HSA-9694718;R-HSA-9694364"
R-HSA-8978934,"Metabolism of cofactors",3,82,0.005246321177223289,0.9897880997070886,0.9897880997070886,5,34,0.002266666666666667,9606,Homo sapiens,"16939;17597;16474","","R-HSA-2162194;R-HSA-9856737;R-HSA-2162187;R-HSA-389550;R-HSA-9856794"
R-HSA-5628897,"TP53 Regulates Metabolic Genes",6,128,0.00818937939859245,0.989858782007917,0.989858782007917,6,34,0.002266666666666667,9606,Homo sapiens,"1547;17992;68441;17710;95120;27637","","R-HSA-5631941;R-HSA-380979;R-HSA-5632738;R-HSA-5632732;R-HSA-380927;R-HSA-163214"
R-HSA-112399,"IRS-mediated signalling",2,65,0.004158669225847729,0.9900200043373714,0.9900200043373714,1,9,6.0E-4,9606,Homo sapiens,"28320;17362","","R-HSA-109699"
R-HSA-9609507,"Protein localization",9,171,0.010940499040307103,0.9904992029974347,0.9904992029974347,24,53,0.003533333333333333,9606,Homo sapiens,"24813;15366;15487;15929;49575;16643;92609;16207","","R-HSA-1299475;R-HSA-1299478;R-HSA-1268022;R-HSA-9603797;R-HSA-1299476;R-HSA-1307803;R-HSA-1299482;R-HSA-1955380;R-HSA-1299481;R-HSA-9603801;R-HSA-1299480;R-HSA-1299487;R-HSA-9603775;R-HSA-9603804;R-HSA-9609917;R-HSA-9609921;R-HSA-9609860;R-HSA-9033233;R-HSA-9610442;R-HSA-9609899;R-HSA-9033235;R-HSA-9603784;R-HSA-9033236;R-HSA-9603791"
R-HSA-4086400,"PCP/CE pathway",4,99,0.006333973128598848,0.9905273175800531,0.9905273175800531,10,24,0.0016,9606,Homo sapiens,"15728;27470;33442;71012","","R-HSA-4608855;R-HSA-3858491;R-HSA-5099886;R-HSA-5140747;R-HSA-5138459;R-HSA-3858482;R-HSA-3858480;R-HSA-5140741;R-HSA-4608825;R-HSA-5138433"
R-HSA-6781827,"Transcription-Coupled Nucleotide Excision Repair (TC-NER)",3,83,0.005310300703774792,0.9905823889563248,0.9905823889563248,17,17,0.0011333333333333334,9606,Homo sapiens,"176131;88735;16865","","R-HSA-6782211;R-HSA-9684118;R-HSA-6782208;R-HSA-6781824;R-HSA-6781867;R-HSA-6781833;R-HSA-6782069;R-HSA-6782004;R-HSA-6782227;R-HSA-6782131;R-HSA-6782224;R-HSA-6781840;R-HSA-6782141;R-HSA-6782204;R-HSA-6782138;R-HSA-6781818;R-HSA-6782234"
R-HSA-176408,"Regulation of APC/C activators between G1/S and early anaphase",3,83,0.005310300703774792,0.9905823889563248,0.9905823889563248,7,14,9.333333333333333E-4,9606,Homo sapiens,"33442;176466;31835","","R-HSA-188371;R-HSA-174209;R-HSA-174139;R-HSA-174203;R-HSA-141423;R-HSA-174079;R-HSA-174159"
R-HSA-8852135,"Protein ubiquitination",3,83,0.005310300703774792,0.9905823889563248,0.9905823889563248,8,32,0.0021333333333333334,9606,Homo sapiens,"37035;17261;68441","","R-HSA-8852130;R-HSA-8938829;R-HSA-8852129;R-HSA-8938815;R-HSA-8852127;R-HSA-8942099;R-HSA-8942101;R-HSA-8938773"
R-HSA-5633008,"TP53 Regulates Transcription of Cell Death Genes",3,83,0.005310300703774792,0.9905823889563248,0.9905823889563248,4,68,0.004533333333333334,9606,Homo sapiens,"1387;91316;1879","","R-HSA-6798004;R-HSA-5633441;R-HSA-6800816;R-HSA-6797993"
R-HSA-168255,"Influenza Infection",11,198,0.012667946257197697,0.9905949615991323,0.9905949615991323,8,59,0.003933333333333333,9606,Homo sapiens,"17981;17196;38397;9349;21803;28671;34114;32365;32354;6128;17759;68440;32635","","R-HSA-192627;R-HSA-192704;R-HSA-168880;R-HSA-168865;R-HSA-168337;R-HSA-1176059;R-HSA-192841;R-HSA-192925"
R-HSA-4608870,"Asymmetric localization of PCP proteins",2,66,0.004222648752399232,0.990870483720695,0.990870483720695,3,7,4.6666666666666666E-4,9606,Homo sapiens,"33442;71012","","R-HSA-4608855;R-HSA-5099886;R-HSA-4608825"
R-HSA-72662,"Activation of the mRNA upon binding of the cap-binding complex and eIFs, and subsequent binding to 43S",2,66,0.004222648752399232,0.990870483720695,0.990870483720695,2,6,4.0E-4,9606,Homo sapiens,"17196;68440;32635","","R-HSA-156808;R-HSA-157849"
R-HSA-9772572,"Early SARS-CoV-2 Infection Events",2,66,0.004222648752399232,0.990870483720695,0.990870483720695,6,74,0.004933333333333333,9606,Homo sapiens,"36751;28946","","R-HSA-9694579;R-HSA-9694661;R-HSA-9698265;R-HSA-9699007;R-HSA-9697423;R-HSA-9698988"
R-HSA-9029569,"NR1H3 & NR1H2 regulate gene expression linked to cholesterol transport and efflux",2,66,0.004222648752399232,0.990870483720695,0.990870483720695,3,40,0.0026666666666666666,9606,Homo sapiens,"17351;15940","","R-HSA-9031512;R-HSA-9618479;R-HSA-9619756"
R-HSA-8953750,"Transcriptional Regulation by E2F6",1,46,0.002943058221369162,0.9908878962601377,0.9908878962601377,8,33,0.0022,9606,Homo sapiens,"30763;89613","","R-HSA-9007465;R-HSA-9007464;R-HSA-9007467;R-HSA-8953452;R-HSA-9007283;R-HSA-8953556;R-HSA-9007447;R-HSA-9007462"
R-HSA-9820965,"Respiratory syncytial virus (RSV) genome replication, transcription and translation",1,46,0.002943058221369162,0.9908878962601377,0.9908878962601377,3,65,0.004333333333333333,9606,Homo sapiens,"28972","","R-HSA-9830805;R-HSA-9829030;R-HSA-9830882"
R-HSA-72613,"Eukaryotic Translation Initiation",6,130,0.008317338451695458,0.9911367659966076,0.9911367659966076,12,21,0.0014,9606,Homo sapiens,"28671;17196;38397;34114;9349;6128;68440;32635","","R-HSA-72673;R-HSA-72672;R-HSA-72691;R-HSA-72676;R-HSA-156823;R-HSA-72697;R-HSA-156826;R-HSA-72619;R-HSA-156808;R-HSA-157849;R-HSA-72621;R-HSA-72671"
R-HSA-72737,"Cap-dependent Translation Initiation",6,130,0.008317338451695458,0.9911367659966076,0.9911367659966076,10,18,0.0012,9606,Homo sapiens,"28671;17196;38397;34114;9349;6128;68440;32635","","R-HSA-72673;R-HSA-72672;R-HSA-72691;R-HSA-72676;R-HSA-72697;R-HSA-72619;R-HSA-156808;R-HSA-157849;R-HSA-72621;R-HSA-72671"
R-HSA-8986944,"Transcriptional Regulation by MECP2",4,100,0.006397952655150352,0.9912159056365036,0.9912159056365036,72,77,0.0051333333333333335,9606,Homo sapiens,"16388;2904;4208","","R-HSA-9022728;R-HSA-9022734;R-HSA-9021953;R-HSA-9021952;R-HSA-9021954;R-HSA-9017988;R-HSA-9022872;R-HSA-9021851;R-HSA-9006490;R-HSA-9022365;R-HSA-9023132;R-HSA-9006992;R-HSA-9022359;R-HSA-9021847;R-HSA-9022870;R-HSA-9006507;R-HSA-9615536;R-HSA-9005995;R-HSA-9005994;R-HSA-9006122;R-HSA-9006508;R-HSA-9022764;R-HSA-9022625;R-HSA-9615801;R-HSA-9005988;R-HSA-9006503;R-HSA-8986937;R-HSA-8986939;R-HSA-9023549;R-HSA-8986940;R-HSA-8986943;R-HSA-9023538;R-HSA-9022770;R-HSA-9615829;R-HSA-9017921;R-HSA-9021888;R-HSA-9615554;R-HSA-9020504;R-HSA-9022941;R-HSA-9022175;R-HSA-9021919;R-HSA-9022942;R-HSA-9022935;R-HSA-9022934;R-HSA-9023592;R-HSA-9022315;R-HSA-9022314;R-HSA-9022186;R-HSA-9021935;R-HSA-9020513;R-HSA-9017441;R-HSA-9017954;R-HSA-9006050;R-HSA-9018594;R-HSA-9017447;R-HSA-9006585;R-HSA-9021945;R-HSA-9022456;R-HSA-9021944;R-HSA-9021946;R-HSA-9021949;R-HSA-9021948;R-HSA-9006588;R-HSA-9021951;R-HSA-9017983;R-HSA-9021183;R-HSA-9021950;R-HSA-9023345;R-HSA-9023346;R-HSA-9022453;R-HSA-9023348;R-HSA-9023351"
R-HSA-9020591,"Interleukin-12 signaling",3,84,0.005374280230326296,0.9913169049256765,0.9913169049256765,12,56,0.0037333333333333333,9606,Homo sapiens,"16255;26756;15978","","R-HSA-8950057;R-HSA-8950634;R-HSA-447252;R-HSA-9006431;R-HSA-8950448;R-HSA-8950128;R-HSA-8950354;R-HSA-8981093;R-HSA-447226;R-HSA-8950757;R-HSA-8952807;R-HSA-8950423"
R-HSA-9033241,"Peroxisomal protein import",2,67,0.004286628278950736,0.9916499946042823,0.9916499946042823,3,26,0.0017333333333333333,9606,Homo sapiens,"24813;16207","","R-HSA-9033233;R-HSA-9033235;R-HSA-9033236"
R-HSA-73779,"RNA Polymerase II Transcription Pre-Initiation And Promoter Opening",1,47,0.0030070377479206652,0.9917738678470895,0.9917738678470895,1,5,3.333333333333333E-4,9606,Homo sapiens,"88735","","R-HSA-109639"
R-HSA-3371568,"Attenuation phase",1,47,0.0030070377479206652,0.9917738678470895,0.9917738678470895,1,5,3.333333333333333E-4,9606,Homo sapiens,"1387","","R-HSA-3371554"
R-HSA-9854311,"Maturation of TCA enzymes and regulation of TCA cycle",1,47,0.0030070377479206652,0.9917738678470895,0.9917738678470895,1,10,6.666666666666666E-4,9606,Homo sapiens,"17154","","R-HSA-9854463"
R-HSA-9024446,"NR1H2 and NR1H3-mediated signaling",3,85,0.005438259756877799,0.9919959464515002,0.9919959464515002,4,60,0.004,9606,Homo sapiens,"17351;28871;15940","","R-HSA-9031512;R-HSA-9605063;R-HSA-9618479;R-HSA-9619756"
R-HSA-5696398,"Nucleotide Excision Repair",5,117,0.007485604606525912,0.9921947381898354,0.9921947381898354,34,37,0.0024666666666666665,9606,Homo sapiens,"176131;17154;88735;16865;17409","","R-HSA-109955;R-HSA-9684118;R-HSA-5696465;R-HSA-5696670;R-HSA-6781867;R-HSA-6790454;R-HSA-6782069;R-HSA-6782004;R-HSA-5689861;R-HSA-6782131;R-HSA-5696655;R-HSA-6782141;R-HSA-6782204;R-HSA-6782138;R-HSA-6781818;R-HSA-5690996;R-HSA-5690997;R-HSA-6782211;R-HSA-6782208;R-HSA-6781824;R-HSA-5691006;R-HSA-6781833;R-HSA-5691000;R-HSA-5691001;R-HSA-6790487;R-HSA-5690213;R-HSA-5689317;R-HSA-6782227;R-HSA-6782224;R-HSA-6781840;R-HSA-5690990;R-HSA-5690991;R-HSA-5690988;R-HSA-6782234"
R-HSA-174154,"APC/C:Cdc20 mediated degradation of Securin",2,68,0.004350607805502239,0.9923642926780052,0.9923642926780052,3,3,2.0E-4,9606,Homo sapiens,"33442;31835","","R-HSA-174144;R-HSA-174202;R-HSA-174121"
R-HSA-983189,"Kinesins",2,68,0.004350607805502239,0.9923642926780052,0.9923642926780052,3,14,9.333333333333333E-4,9606,Homo sapiens,"16552;16551","","R-HSA-984606;R-HSA-983259;R-HSA-983266"
R-HSA-8951664,"Neddylation",15,254,0.016250799744081893,0.9923895445103007,0.9923895445103007,26,44,0.0029333333333333334,9606,Homo sapiens,"28918;27905;30838;10072;28921;28946;28924;27374;28230;33442;32111;27584;35420;17846;176466","","R-HSA-8956040;R-HSA-8956106;R-HSA-8956045;R-HSA-8932355;R-HSA-8956099;R-HSA-8956103;R-HSA-8956184;R-HSA-8955289;R-HSA-8955285;R-HSA-8956200;R-HSA-8955241;R-HSA-8952618;R-HSA-8956140;R-HSA-8952620;R-HSA-8952044;R-HSA-8955245;R-HSA-8952039;R-HSA-8932327;R-HSA-9755303;R-HSA-8952638;R-HSA-8952639;R-HSA-8952625;R-HSA-8952626;R-HSA-9755306;R-HSA-8952630;R-HSA-8952631"
R-HSA-2682334,"EPH-Ephrin signaling",4,102,0.006525911708253359,0.9924520205070075,0.9924520205070075,17,56,0.0037333333333333333,9606,Homo sapiens,"27470;87732;17409;2904","","R-HSA-3928602;R-HSA-3928607;R-HSA-4093336;R-HSA-3928604;R-HSA-3928595;R-HSA-3928627;R-HSA-3928628;R-HSA-3928651;R-HSA-4093327;R-HSA-3928584;R-HSA-3928648;R-HSA-3928623;R-HSA-3928654;R-HSA-3928642;R-HSA-3928578;R-HSA-3928583;R-HSA-3928645"
R-HSA-162587,"HIV Life Cycle",9,175,0.011196417146513116,0.9925276193975995,0.9925276193975995,49,117,0.0078,9606,Homo sapiens,"17981;32365;32354;88735;9150;17759;86366;7936;18107","","R-HSA-167181;R-HSA-167191;R-HSA-167192;R-HSA-167196;R-HSA-167197;R-HSA-9613490;R-HSA-167459;R-HSA-167072;R-HSA-167076;R-HSA-167077;R-HSA-9613498;R-HSA-167083;R-HSA-167087;R-HSA-167084;R-HSA-167468;R-HSA-167085;R-HSA-167090;R-HSA-167474;R-HSA-165043;R-HSA-167478;R-HSA-165047;R-HSA-167477;R-HSA-167098;R-HSA-167481;R-HSA-167097;R-HSA-167484;R-HSA-167234;R-HSA-167111;R-HSA-167115;R-HSA-167113;R-HSA-167118;R-HSA-167117;R-HSA-170706;R-HSA-170704;R-HSA-167121;R-HSA-167130;R-HSA-167128;R-HSA-167134;R-HSA-167133;R-HSA-162914;R-HSA-167136;R-HSA-167147;R-HSA-167150;R-HSA-167148;R-HSA-167282;R-HSA-167153;R-HSA-167284;R-HSA-167288;R-HSA-167292"
R-HSA-110313,"Translesion synthesis by Y family DNA polymerases bypasses lesions on DNA template",1,48,0.003071017274472169,0.9925737449955038,0.9925737449955038,24,28,0.0018666666666666666,9606,Homo sapiens,"176131","","R-HSA-5652151;R-HSA-5655892;R-HSA-5656148;R-HSA-5653780;R-HSA-110307;R-HSA-110308;R-HSA-5653840;R-HSA-110311;R-HSA-5656158;R-HSA-5653756;R-HSA-5655965;R-HSA-5653786;R-HSA-110317;R-HSA-5653754;R-HSA-5655835;R-HSA-110316;R-HSA-110319;R-HSA-5653766;R-HSA-5653838;R-HSA-5654989;R-HSA-5654986;R-HSA-5653770;R-HSA-5654985;R-HSA-5656105"
R-HSA-9607240,"FLT3 Signaling",1,48,0.003071017274472169,0.9925737449955038,0.9925737449955038,8,43,0.0028666666666666667,9606,Homo sapiens,"28320","","R-HSA-9606784;R-HSA-9645137;R-HSA-9606624;R-HSA-9645126;R-HSA-9698170;R-HSA-9607224;R-HSA-9606622;R-HSA-9645134"
R-HSA-73817,"Purine ribonucleoside monophosphate biosynthesis",1,48,0.003071017274472169,0.9925737449955038,0.9925737449955038,2,17,0.0011333333333333334,9606,Homo sapiens,"16259","","R-HSA-73794;R-HSA-9678749"
R-HSA-9821002,"Chromatin modifications during the maternal to zygotic transition (MZT)",1,48,0.003071017274472169,0.9925737449955038,0.9925737449955038,1,12,8.0E-4,9606,Homo sapiens,"30531","","R-HSA-9822461"
R-HSA-416482,"G alpha (12/13) signalling events",3,86,0.0055022392834293025,0.9926235232659624,0.9926235232659624,13,15,0.001,9606,Homo sapiens,"25858;71018;28716","","R-HSA-751019;R-HSA-8964333;R-HSA-418574;R-HSA-398184;R-HSA-398185;R-HSA-114544;R-HSA-751039;R-HSA-114548;R-HSA-751027;R-HSA-419166;R-HSA-8964274;R-HSA-8964246;R-HSA-751029"
R-HSA-5621481,"C-type lectin receptors (CLRs)",11,203,0.012987843889955214,0.9929081815238587,0.9929081815238587,24,68,0.004533333333333334,9606,Homo sapiens,"16176;16440;16828;4582;27432;33442;1387;17474;176466;18019;28924","","R-HSA-5660663;R-HSA-5660660;R-HSA-8858500;R-HSA-5621366;R-HSA-5607728;R-HSA-5607731;R-HSA-5621363;R-HSA-2730849;R-HSA-5660666;R-HSA-5621370;R-HSA-169683;R-HSA-169680;R-HSA-5624486;R-HSA-5621347;R-HSA-5607725;R-HSA-5607724;R-HSA-5624492;R-HSA-5621356;R-HSA-2730867;R-HSA-5624494;R-HSA-5621353;R-HSA-5607723;R-HSA-5621355;R-HSA-5621354"
R-HSA-73856,"RNA Polymerase II Transcription Termination",2,69,0.004414587332053743,0.9930186855605238,0.9930186855605238,4,4,2.666666666666667E-4,9606,Homo sapiens,"27781;32636","","R-HSA-77586;R-HSA-72180;R-HSA-77592;R-HSA-111437"
R-HSA-388841,"Costimulation by the CD28 family",3,87,0.005566218809980806,0.9932033733732843,0.9932033733732843,6,35,0.0023333333333333335,9606,Homo sapiens,"17285;87986;16238","","R-HSA-198640;R-HSA-388817;R-HSA-2317332;R-HSA-388830;R-HSA-389758;R-HSA-390329"
R-HSA-8978868,"Fatty acid metabolism",29,429,0.02744721689059501,0.9932082542877061,0.9932082542877061,53,220,0.014666666666666666,9606,Homo sapiens,"65101;17126;15960;15366;15487;16474;27647;2700;28493;25682;34146;87998;15367;16797;34306;16856;16000;16285;65136;17351;17490;28867;28666;27432;1387;5445;18408;15533;15539;30754","","R-HSA-390276;R-HSA-6787811;R-HSA-390284;R-HSA-2046101;R-HSA-2046100;R-HSA-2161964;R-HSA-390281;R-HSA-2046098;R-HSA-2046095;R-HSA-8932633;R-HSA-2046094;R-HSA-2046090;R-HSA-390291;R-HSA-2046088;R-HSA-266012;R-HSA-2046085;R-HSA-390302;R-HSA-77338;R-HSA-2046083;R-HSA-77340;R-HSA-8949399;R-HSA-165026;R-HSA-77345;R-HSA-8952873;R-HSA-2161794;R-HSA-2161795;R-HSA-390304;R-HSA-2309773;R-HSA-2161940;R-HSA-6809810;R-HSA-2161814;R-HSA-2309787;R-HSA-266046;R-HSA-2161948;R-HSA-2066782;R-HSA-140355;R-HSA-2066781;R-HSA-140359;R-HSA-6786720;R-HSA-200406;R-HSA-390224;R-HSA-200410;R-HSA-548818;R-HSA-2161660;R-HSA-5693751;R-HSA-71010;R-HSA-200424;R-HSA-389609;R-HSA-2161999;R-HSA-389622;R-HSA-71031;R-HSA-5693742;R-HSA-77309"
R-HSA-211000,"Gene Silencing by RNA",5,119,0.007613563659628919,0.99323921045577,0.99323921045577,2,40,0.0026666666666666666,9606,Homo sapiens,"17981;32365;32354;17759;44747","","R-HSA-5578744;R-HSA-5578712"
R-HSA-167162,"RNA Polymerase II HIV Promoter Escape",1,49,0.0031349968010236724,0.9932958892092967,0.9932958892092967,9,9,6.0E-4,9606,Homo sapiens,"88735","","R-HSA-167474;R-HSA-9613490;R-HSA-167136;R-HSA-167121;R-HSA-9613498;R-HSA-167115;R-HSA-167113;R-HSA-167468;R-HSA-167117"
R-HSA-167161,"HIV Transcription Initiation",1,49,0.0031349968010236724,0.9932958892092967,0.9932958892092967,4,4,2.666666666666667E-4,9606,Homo sapiens,"88735","","R-HSA-167477;R-HSA-167130;R-HSA-167134;R-HSA-167118"
R-HSA-75953,"RNA Polymerase II Transcription Initiation",1,49,0.0031349968010236724,0.9932958892092967,0.9932958892092967,3,3,2.0E-4,9606,Homo sapiens,"88735","","R-HSA-75861;R-HSA-75864;R-HSA-75866"
R-HSA-174417,"Telomere C-strand (Lagging Strand) Synthesis",1,49,0.0031349968010236724,0.9932958892092967,0.9932958892092967,4,18,0.0012,9606,Homo sapiens,"176131","","R-HSA-174439;R-HSA-9668902;R-HSA-174452;R-HSA-174447"
R-HSA-5423646,"Aflatoxin activation and detoxification",1,49,0.0031349968010236724,0.9932958892092967,0.9932958892092967,2,18,0.0012,9606,Homo sapiens,"15366","","R-HSA-5433074;R-HSA-9638046"
R-HSA-9837999,"Mitochondrial protein degradation",4,104,0.006653870761356366,0.9935202724281889,0.9935202724281889,9,20,0.0013333333333333333,9606,Homo sapiens,"16235;15486;133686;49575;5832","","R-HSA-9839110;R-HSA-9838004;R-HSA-9839072;R-HSA-9838081;R-HSA-9839073;R-HSA-9838093;R-HSA-9839146;R-HSA-9837978;R-HSA-9839064"
R-HSA-5250941,"Negative epigenetic regulation of rRNA expression",3,88,0.005630198336532309,0.9937389796035757,0.9937389796035757,4,12,8.0E-4,9606,Homo sapiens,"15366;17154;88735","","R-HSA-427366;R-HSA-5211239;R-HSA-427514;R-HSA-433672"
R-HSA-2995410,"Nuclear Envelope (NE) Reassembly",3,88,0.005630198336532309,0.9937389796035757,0.9937389796035757,4,24,0.0016,9606,Homo sapiens,"32354;17154;16349","","R-HSA-9667952;R-HSA-9634219;R-HSA-9634169;R-HSA-2995376"
R-HSA-72312,"rRNA processing",14,245,0.015674984005118364,0.9937962541879118,0.9937962541879118,9,21,0.0014,9606,Homo sapiens,"9188;181620;17196;38397;9349;27373;28671;28661;17509;34114;27971;174634;17967;6128;68440;30797;32635","","R-HSA-6791223;R-HSA-6791222;R-HSA-6791221;R-HSA-6791219;R-HSA-6791218;R-HSA-8868783;R-HSA-6791228;R-HSA-6791227;R-HSA-6790906"
R-HSA-211733,"Regulation of activated PAK-2p34 by proteasome mediated degradation",1,50,0.003198976327575176,0.9939478503821323,0.9939478503821323,1,2,1.3333333333333334E-4,9606,Homo sapiens,"33442","","R-HSA-211715"
R-HSA-73762,"RNA Polymerase I Transcription Initiation",1,50,0.003198976327575176,0.9939478503821323,0.9939478503821323,1,6,4.0E-4,9606,Homo sapiens,"88735","","R-HSA-73758"
R-HSA-379716,"Cytosolic tRNA aminoacylation",1,50,0.003198976327575176,0.9939478503821323,0.9939478503821323,1,21,0.0014,9606,Homo sapiens,"28623","","R-HSA-380002"
R-HSA-168928,"DDX58/IFIH1-mediated induction of interferon-alpha/beta",4,105,0.0067178502879078695,0.9939983453479346,0.9939983453479346,11,53,0.003533333333333333,9606,Homo sapiens,"32114;1387;53014;35619","","R-HSA-1028815;R-HSA-937343;R-HSA-9604499;R-HSA-1028812;R-HSA-168166;R-HSA-937337;R-HSA-1028820;R-HSA-1028819;R-HSA-933536;R-HSA-1028817;R-HSA-168909"
R-HSA-77289,"Mitochondrial Fatty Acid Beta-Oxidation",4,105,0.0067178502879078695,0.9939983453479346,0.9939983453479346,7,47,0.0031333333333333335,9606,Homo sapiens,"28493;18408;15533;15539","","R-HSA-77345;R-HSA-8952873;R-HSA-71010;R-HSA-71031;R-HSA-77338;R-HSA-77309;R-HSA-77340"
R-HSA-9648025,"EML4 and NUDC in mitotic spindle formation",5,121,0.007741522712731925,0.9941493732613514,0.9941493732613514,4,5,3.333333333333333E-4,9606,Homo sapiens,"17981;28478;27389;33033;86553","","R-HSA-9648114;R-HSA-9647746;R-HSA-9648017;R-HSA-9648089"
R-HSA-1428517,"Aerobic respiration and respiratory electron transport",23,360,0.023032629558541268,0.9942184164221041,0.9942184164221041,37,117,0.0078,9606,Homo sapiens,"17992;16345;15366;16344;16530;17154;183911;16474;36002;27637;32797;16828;31697;2710;32796;422;15929;16525;15996;31967;16534;17710;16856;37946","","R-HSA-6800870;R-HSA-9866132;R-HSA-9011595;R-HSA-6799202;R-HSA-9902096;R-HSA-9865630;R-HSA-880007;R-HSA-163214;R-HSA-880002;R-HSA-163217;R-HSA-9866061;R-HSA-9866164;R-HSA-9866162;R-HSA-71849;R-HSA-164651;R-HSA-9865663;R-HSA-9854463;R-HSA-6788556;R-HSA-6799179;R-HSA-9861626;R-HSA-880033;R-HSA-9906042;R-HSA-9861563;R-HSA-6799178;R-HSA-9866104;R-HSA-169260;R-HSA-70510;R-HSA-6799191;R-HSA-9865893;R-HSA-169270;R-HSA-6807826;R-HSA-9906017;R-HSA-70967;R-HSA-6799197;R-HSA-6799196;R-HSA-9863531;R-HSA-880050"
R-HSA-5693607,"Processing of DNA double-strand break ends",3,89,0.0056941778630838135,0.9942335853572107,0.9942335853572107,5,17,0.0011333333333333334,9606,Homo sapiens,"33678;176131;17154","","R-HSA-5684887;R-HSA-5685156;R-HSA-5684882;R-HSA-5685011;R-HSA-5685953"
R-HSA-162909,"Host Interactions of HIV factors",7,151,0.009660908509277031,0.9942573319969753,0.9942573319969753,12,54,0.0036,9606,Homo sapiens,"17981;33442;32365;32354;28822;17759;86366","","R-HSA-167234;R-HSA-167235;R-HSA-165043;R-HSA-180710;R-HSA-182279;R-HSA-165047;R-HSA-182263;R-HSA-180603;R-HSA-180622;R-HSA-182286;R-HSA-180732;R-HSA-180573"
R-HSA-73776,"RNA Polymerase II Promoter Escape",1,51,0.0032629558541266796,0.9945364455317908,0.9945364455317908,7,7,4.6666666666666666E-4,9606,Homo sapiens,"88735","","R-HSA-75873;R-HSA-111264;R-HSA-76576;R-HSA-9613494;R-HSA-75850;R-HSA-9613497;R-HSA-75869"
R-HSA-1433557,"Signaling by SCF-KIT",1,51,0.0032629558541266796,0.9945364455317908,0.9945364455317908,4,39,0.0026,9606,Homo sapiens,"28320","","R-HSA-205234;R-HSA-1562641;R-HSA-1433454;R-HSA-1433514"
R-HSA-75876,"Synthesis of very long-chain fatty acyl-CoAs",1,51,0.0032629558541266796,0.9945364455317908,0.9945364455317908,1,12,8.0E-4,9606,Homo sapiens,"15487","","R-HSA-548818"
R-HSA-5654743,"Signaling by FGFR4",1,51,0.0032629558541266796,0.9945364455317908,0.9945364455317908,2,41,0.0027333333333333333,9606,Homo sapiens,"3347","","R-HSA-5654151;R-HSA-5654169"
R-HSA-948021,"Transport to the Golgi and subsequent modification",12,221,0.014139475367882277,0.9945461581987788,0.9945461581987788,32,60,0.004,9606,Homo sapiens,"17750;27607;66682;15761;17254;26756;16082;31882;27592;27551;27596;76308;4208","","R-HSA-5694423;R-HSA-5694418;R-HSA-203973;R-HSA-5694417;R-HSA-6814831;R-HSA-975814;R-HSA-6809006;R-HSA-6809003;R-HSA-5694425;R-HSA-964737;R-HSA-6809015;R-HSA-964830;R-HSA-6809014;R-HSA-6809011;R-HSA-6809010;R-HSA-6814833;R-HSA-964825;R-HSA-6807868;R-HSA-6807866;R-HSA-5694409;R-HSA-6807864;R-HSA-6807877;R-HSA-6807875;R-HSA-6807872;R-HSA-5694527;R-HSA-204008;R-HSA-5694522;R-HSA-5694439;R-HSA-5694446;R-HSA-5693807;R-HSA-5694445;R-HSA-5694441"
R-HSA-199991,"Membrane Trafficking",49,669,0.04280230326295585,0.9946104510130855,0.9946104510130855,137,219,0.0146,9606,Homo sapiens,"27607;17368;15344;16113;17285;16552;16551;72772;26756;27647;57589;2700;28136;88405;17409;76308;51209;34306;68449;40410;17254;28822;95120;1547;35546;2676;32398;15996;15761;15882;6456;2495;2691;28115;16217;15600;17750;17113;66682;68505;28645;27999;31882;16509;27470;27592;27551;27596;87247;87248;16347;176435","","R-HSA-8868230;R-HSA-1445143;R-HSA-6814831;R-HSA-8868236;R-HSA-1445149;R-HSA-8877451;R-HSA-6814833;R-HSA-8876191;R-HSA-2316347;R-HSA-8876190;R-HSA-8854173;R-HSA-8876188;R-HSA-2316349;R-HSA-8876454;R-HSA-6807877;R-HSA-1458485;R-HSA-6807875;R-HSA-8877475;R-HSA-8876193;R-HSA-6807872;R-HSA-8877998;R-HSA-8867756;R-HSA-8867754;R-HSA-190519;R-HSA-432688;R-HSA-8847544;R-HSA-6811431;R-HSA-8849350;R-HSA-6811429;R-HSA-6811428;R-HSA-6811427;R-HSA-432706;R-HSA-6811426;R-HSA-432707;R-HSA-8854209;R-HSA-6811425;R-HSA-8877760;R-HSA-8854222;R-HSA-432712;R-HSA-8849353;R-HSA-6811433;R-HSA-8866269;R-HSA-6807868;R-HSA-8866268;R-HSA-6807866;R-HSA-6807864;R-HSA-8868071;R-HSA-8866279;R-HSA-8866277;R-HSA-2316352;R-HSA-8863471;R-HSA-8854255;R-HSA-5694527;R-HSA-8856813;R-HSA-5694522;R-HSA-8866283;R-HSA-8868072;R-HSA-190829;R-HSA-8856808;R-HSA-6811415;R-HSA-6811414;R-HSA-8877813;R-HSA-6811412;R-HSA-6811411;R-HSA-1454689;R-HSA-6811423;R-HSA-8877311;R-HSA-6811422;R-HSA-8877308;R-HSA-6811418;R-HSA-1454699;R-HSA-6811417;R-HSA-5694423;R-HSA-5694418;R-HSA-8847875;R-HSA-5694417;R-HSA-8847887;R-HSA-8847883;R-HSA-5694425;R-HSA-8847880;R-HSA-8847638;R-HSA-8847637;R-HSA-8847635;R-HSA-8871196;R-HSA-8871194;R-HSA-8871193;R-HSA-5694409;R-HSA-8876837;R-HSA-6814671;R-HSA-6814670;R-HSA-8877612;R-HSA-8868651;R-HSA-8868648;R-HSA-5694439;R-HSA-8875318;R-HSA-6814678;R-HSA-8868661;R-HSA-8868660;R-HSA-196017;R-HSA-6814676;R-HSA-8868659;R-HSA-6814675;R-HSA-8868658;R-HSA-6814674;R-HSA-5694446;R-HSA-196026;R-HSA-8869438;R-HSA-5694445;R-HSA-6814684;R-HSA-434362;R-HSA-6814683;R-HSA-6814682;R-HSA-8854329;R-HSA-5694441;R-HSA-8875320;R-HSA-8876615;R-HSA-421831;R-HSA-203973;R-HSA-6809006;R-HSA-421836;R-HSA-5333658;R-HSA-8854604;R-HSA-6809003;R-HSA-2255342;R-HSA-421835;R-HSA-2255343;R-HSA-8876616;R-HSA-421833;R-HSA-8862280;R-HSA-6809015;R-HSA-6809014;R-HSA-8849748;R-HSA-6809011;R-HSA-6809010;R-HSA-190682;R-HSA-204008;R-HSA-429815"
R-HSA-168643,"Nucleotide-binding domain, leucine rich repeat containing receptor (NLR) signaling pathways",2,72,0.004606525911708253,0.994669460349745,0.994669460349745,14,46,0.0030666666666666668,9606,Homo sapiens,"90000;16556","","R-HSA-741386;R-HSA-688136;R-HSA-688137;R-HSA-706479;R-HSA-622415;R-HSA-741411;R-HSA-1247960;R-HSA-9676160;R-HSA-688985;R-HSA-168405;R-HSA-708349;R-HSA-741395;R-HSA-168184;R-HSA-168412"
R-HSA-936837,"Ion transport by P-type ATPases",2,72,0.004606525911708253,0.994669460349745,0.994669460349745,4,17,0.0011333333333333334,9606,Homo sapiens,"15964;15966","","R-HSA-9684068;R-HSA-947591;R-HSA-939763;R-HSA-936897"
R-HSA-2559582,"Senescence-Associated Secretory Phenotype (SASP)",3,90,0.005758157389635317,0.994690209556365,0.994690209556365,10,22,0.0014666666666666667,9606,Homo sapiens,"16175;31835;29073","","R-HSA-3790137;R-HSA-4568740;R-HSA-4568737;R-HSA-3797196;R-HSA-3788705;R-HSA-3790130;R-HSA-3797202;R-HSA-3788725;R-HSA-3788724;R-HSA-3788708"
R-HSA-9856651,"MITF-M-dependent gene expression",6,138,0.008829174664107486,0.994877612137979,0.994877612137979,14,83,0.005533333333333334,9606,Homo sapiens,"33033;15864;28116;17409;12387;15956","","R-HSA-9858646;R-HSA-9824981;R-HSA-9858647;R-HSA-9825847;R-HSA-9858645;R-HSA-9824593;R-HSA-9857585;R-HSA-9825848;R-HSA-9855910;R-HSA-9855908;R-HSA-9859104;R-HSA-9824579;R-HSA-9858636;R-HSA-9824586"
R-HSA-2142691,"Synthesis of Leukotrienes (LT) and Eoxins (EX)",1,52,0.003326935380678183,0.9950678299008291,0.9950678299008291,2,20,0.0013333333333333333,9606,Homo sapiens,"28666","","R-HSA-266012;R-HSA-266046"
R-HSA-174184,"Cdc20:Phospho-APC/C mediated degradation of Cyclin A",2,73,0.004670505438259757,0.9951294482260765,0.9951294482260765,3,3,2.0E-4,9606,Homo sapiens,"33442;31835","","R-HSA-174171;R-HSA-174104;R-HSA-174255"
R-HSA-68949,"Orc1 removal from chromatin",2,73,0.004670505438259757,0.9951294482260765,0.9951294482260765,2,4,2.666666666666667E-4,9606,Homo sapiens,"33442;176466","","R-HSA-68946;R-HSA-68948"
R-HSA-8950505,"Gene and protein expression by JAK-STAT signaling after Interleukin-12 stimulation",2,73,0.004670505438259757,0.9951294482260765,0.9951294482260765,2,36,0.0024,9606,Homo sapiens,"26756;15978","","R-HSA-8950634;R-HSA-9006431"
R-HSA-72306,"tRNA processing",9,182,0.01164427383237364,0.9951328113813137,0.9951328113813137,6,54,0.0036,9606,Homo sapiens,"17981;27781;17509;16235;32365;32354;16057;17846;17759","","R-HSA-6787567;R-HSA-6784462;R-HSA-6782893;R-HSA-5696813;R-HSA-6783483;R-HSA-6782443"
R-HSA-382556,"ABC-family proteins mediated transport",5,124,0.007933461292386436,0.9952980843697936,0.9952980843697936,10,27,0.0018,9606,Homo sapiens,"27410;33442;16113;16643;17898","","R-HSA-382613;R-HSA-1369028;R-HSA-8848053;R-HSA-265783;R-HSA-5683714;R-HSA-1454928;R-HSA-266082;R-HSA-1369052;R-HSA-1467466;R-HSA-8866553"
R-HSA-9010553,"Regulation of expression of SLITs and ROBOs",9,183,0.011708253358925143,0.995425800587669,0.995425800587669,7,20,0.0013333333333333333,9606,Homo sapiens,"28671;17196;38397;34114;33442;9349;35420;6128;89884;68440;32635","","R-HSA-9011289;R-HSA-9010539;R-HSA-9010541;R-HSA-9014652;R-HSA-9011313;R-HSA-9014610;R-HSA-9011300"
R-HSA-446652,"Interleukin-1 family signaling",9,183,0.011708253358925143,0.995425800587669,0.995425800587669,27,92,0.0061333333333333335,9606,Homo sapiens,"16176;16175;32114;33442;53014;176466;16556;5778;28924","","R-HSA-507719;R-HSA-9750226;R-HSA-446862;R-HSA-9750942;R-HSA-5684250;R-HSA-5684248;R-HSA-446868;R-HSA-450133;R-HSA-446684;R-HSA-446694;R-HSA-446692;R-HSA-209063;R-HSA-449058;R-HSA-168166;R-HSA-209061;R-HSA-209125;R-HSA-446894;R-HSA-446701;R-HSA-446634;R-HSA-446130;R-HSA-9750946;R-HSA-9008894;R-HSA-448703;R-HSA-168184;R-HSA-445752;R-HSA-446648;R-HSA-445753"
R-HSA-446193,"Biosynthesis of the N-glycan precursor (dolichol lipid-linked oligosaccharide, LLO) and transfer to a nascent protein",8,169,0.010812539987204094,0.9954680071937151,0.9954680071937151,8,64,0.004266666666666667,9606,Homo sapiens,"32796;27596;16199;12387;27480;85253;4208;28171","","R-HSA-9909159;R-HSA-6787540;R-HSA-446194;R-HSA-6787533;R-HSA-446202;R-HSA-446200;R-HSA-4085217;R-HSA-446185"
R-HSA-5632684,"Hedgehog 'on' state",3,92,0.005886116442738324,0.9955005509045357,0.9955005509045357,6,37,0.0024666666666666665,9606,Homo sapiens,"33442;16002;141","","R-HSA-5632679;R-HSA-5635859;R-HSA-5635868;R-HSA-5635854;R-HSA-5635102;R-HSA-5633051"
R-HSA-76042,"RNA Polymerase II Transcription Initiation And Promoter Clearance",1,53,0.0033909149072296864,0.9955475611632708,0.9955475611632708,11,11,7.333333333333333E-4,9606,Homo sapiens,"88735","","R-HSA-75873;R-HSA-111264;R-HSA-76576;R-HSA-75861;R-HSA-9613494;R-HSA-75864;R-HSA-75866;R-HSA-75850;R-HSA-9613497;R-HSA-75949;R-HSA-75869"
R-HSA-774815,"Nucleosome assembly",1,53,0.0033909149072296864,0.9955475611632708,0.9955475611632708,4,4,2.666666666666667E-4,9606,Homo sapiens,"86553","","R-HSA-606349;R-HSA-606287;R-HSA-606289;R-HSA-606326"
R-HSA-606279,"Deposition of new CENPA-containing nucleosomes at the centromere",1,53,0.0033909149072296864,0.9955475611632708,0.9955475611632708,4,4,2.666666666666667E-4,9606,Homo sapiens,"86553","","R-HSA-606349;R-HSA-606287;R-HSA-606289;R-HSA-606326"
R-HSA-180534,"Vpu mediated degradation of CD4",1,53,0.0033909149072296864,0.9955475611632708,0.9955475611632708,1,5,3.333333333333333E-4,9606,Homo sapiens,"33442","","R-HSA-180573"
R-HSA-5654741,"Signaling by FGFR3",1,53,0.0033909149072296864,0.9955475611632708,0.9955475611632708,2,43,0.0028666666666666667,9606,Homo sapiens,"3347","","R-HSA-5654148;R-HSA-5654222"
R-HSA-179419,"APC:Cdc20 mediated degradation of cell cycle proteins prior to satisfation of the cell cycle checkpoint",2,74,0.00473448496481126,0.9955504206253768,0.9955504206253768,6,6,4.0E-4,9606,Homo sapiens,"33442;31835","","R-HSA-179410;R-HSA-174171;R-HSA-174104;R-HSA-179417;R-HSA-174255;R-HSA-179421"
R-HSA-8948751,"Regulation of PTEN stability and activity",2,74,0.00473448496481126,0.9955504206253768,0.9955504206253768,2,13,8.666666666666666E-4,9606,Homo sapiens,"33442;17154","","R-HSA-8850992;R-HSA-8948800"
R-HSA-446219,"Synthesis of substrates in N-glycan biosythesis",6,141,0.009021113243761996,0.9958450690596637,0.9958450690596637,6,50,0.0033333333333333335,9606,Homo sapiens,"32796;16199;12387;27480;4208;28171","","R-HSA-9909159;R-HSA-6787540;R-HSA-6787533;R-HSA-446200;R-HSA-4085217;R-HSA-446185"
R-HSA-3214847,"HATs acetylate histones",4,110,0.007037747920665387,0.9959222871672406,0.9959222871672406,5,15,0.001,9606,Homo sapiens,"2668;1387;17409;23774","","R-HSA-3318486;R-HSA-3321975;R-HSA-3697008;R-HSA-3321883;R-HSA-3321805"
R-HSA-192105,"Synthesis of bile acids and bile salts",4,110,0.007037747920665387,0.9959222871672406,0.9959222871672406,11,83,0.005533333333333334,9606,Homo sapiens,"16113;16525;28834;15539","","R-HSA-193362;R-HSA-193491;R-HSA-192051;R-HSA-192065;R-HSA-191972;R-HSA-192341;R-HSA-192315;R-HSA-192123;R-HSA-191983;R-HSA-193533;R-HSA-192061"
R-HSA-69017,"CDK-mediated phosphorylation and removal of Cdc6",2,75,0.0047984644913627635,0.9959356129152067,0.9959356129152067,2,4,2.666666666666667E-4,9606,Homo sapiens,"33442;31835","","R-HSA-69015;R-HSA-69016"
R-HSA-5685942,"HDR through Homologous Recombination (HRR)",2,75,0.0047984644913627635,0.9959356129152067,0.9959356129152067,2,24,0.0016,9606,Homo sapiens,"33678;176131","","R-HSA-5693593;R-HSA-5693561"
R-HSA-6781823,"Formation of TC-NER Pre-Incision Complex",1,54,0.00345489443378119,0.9959806574053676,0.9959806574053676,7,7,4.6666666666666666E-4,9606,Homo sapiens,"88735","","R-HSA-6782069;R-HSA-6782004;R-HSA-6781840;R-HSA-6781824;R-HSA-6781867;R-HSA-6781818;R-HSA-6781833"
R-HSA-69601,"Ubiquitin Mediated Degradation of Phosphorylated Cdc25A",1,54,0.00345489443378119,0.9959806574053676,0.9959806574053676,1,4,2.666666666666667E-4,9606,Homo sapiens,"33442","","R-HSA-69600"
R-HSA-69610,"p53-Independent DNA Damage Response",1,54,0.00345489443378119,0.9959806574053676,0.9959806574053676,1,4,2.666666666666667E-4,9606,Homo sapiens,"33442","","R-HSA-69600"
R-HSA-69613,"p53-Independent G1/S DNA damage checkpoint",1,54,0.00345489443378119,0.9959806574053676,0.9959806574053676,1,4,2.666666666666667E-4,9606,Homo sapiens,"33442","","R-HSA-69600"
R-HSA-349425,"Autodegradation of the E3 ubiquitin ligase COP1",1,54,0.00345489443378119,0.9959806574053676,0.9959806574053676,1,5,3.333333333333333E-4,9606,Homo sapiens,"33442","","R-HSA-264458"
R-HSA-75815,"Ubiquitin-dependent degradation of Cyclin D",1,54,0.00345489443378119,0.9959806574053676,0.9959806574053676,1,5,3.333333333333333E-4,9606,Homo sapiens,"33442","","R-HSA-75825"
R-HSA-5693532,"DNA Double-Strand Break Repair",8,171,0.010940499040307103,0.9960174242317061,0.9960174242317061,27,116,0.007733333333333333,9606,Homo sapiens,"15351;28671;33678;17345;176131;2676;17154;16865","","R-HSA-5684887;R-HSA-5684882;R-HSA-5685011;R-HSA-5682588;R-HSA-5683930;R-HSA-5682586;R-HSA-5693593;R-HSA-5693574;R-HSA-5682629;R-HSA-5683077;R-HSA-5687360;R-HSA-5686657;R-HSA-5685953;R-HSA-5693580;R-HSA-5686642;R-HSA-5682992;R-HSA-5683967;R-HSA-5693564;R-HSA-5683964;R-HSA-5693561;R-HSA-5682598;R-HSA-5693604;R-HSA-5685156;R-HSA-5687653;R-HSA-5682607;R-HSA-5682863;R-HSA-5682858"
R-HSA-69052,"Switching of origins to a post-replicative state",3,94,0.0060140754958413305,0.9961901856189669,0.9961901856189669,4,10,6.666666666666666E-4,9606,Homo sapiens,"33442;176466;31835","","R-HSA-68946;R-HSA-68948;R-HSA-69015;R-HSA-69016"
R-HSA-176409,"APC/C:Cdc20 mediated degradation of mitotic proteins",2,76,0.004862444017914268,0.9962880003534574,0.9962880003534574,13,13,8.666666666666666E-4,9606,Homo sapiens,"33442;31835","","R-HSA-174144;R-HSA-174120;R-HSA-174121;R-HSA-174255;R-HSA-174157;R-HSA-179410;R-HSA-174227;R-HSA-174202;R-HSA-174171;R-HSA-174104;R-HSA-179417;R-HSA-174238;R-HSA-179421"
R-HSA-169911,"Regulation of Apoptosis",1,55,0.0035188739603326936,0.9963716494838062,0.9963716494838062,1,5,3.333333333333333E-4,9606,Homo sapiens,"33442","","R-HSA-211715"
R-HSA-202424,"Downstream TCR signaling",4,112,0.007165706973768394,0.9965115151214936,0.9965115151214936,3,24,0.0016,9606,Homo sapiens,"33442;17285;176466;28924","","R-HSA-202307;R-HSA-5607728;R-HSA-5607724"
R-HSA-176814,"Activation of APC/C and APC/C:Cdc20 mediated degradation of mitotic proteins",2,77,0.004926423544465771,0.9966103180726921,0.9966103180726921,15,15,0.001,9606,Homo sapiens,"33442;31835","","R-HSA-174144;R-HSA-174119;R-HSA-174120;R-HSA-174121;R-HSA-174255;R-HSA-174157;R-HSA-179410;R-HSA-174227;R-HSA-174132;R-HSA-174202;R-HSA-174171;R-HSA-174104;R-HSA-179417;R-HSA-174238;R-HSA-179421"
R-HSA-180585,"Vif-mediated degradation of APOBEC3G",1,56,0.003582853486884197,0.9967246283062955,0.9967246283062955,1,4,2.666666666666667E-4,9606,Homo sapiens,"33442","","R-HSA-180603"
R-HSA-450408,"AUF1 (hnRNP D0) binds and destabilizes mRNA",1,56,0.003582853486884197,0.9967246283062955,0.9967246283062955,1,4,2.666666666666667E-4,9606,Homo sapiens,"33442","","R-HSA-450466"
R-HSA-5693571,"Nonhomologous End-Joining (NHEJ)",1,56,0.003582853486884197,0.9967246283062955,0.9967246283062955,3,13,8.666666666666666E-4,9606,Homo sapiens,"17345","","R-HSA-5693574;R-HSA-5693604;R-HSA-5687360"
R-HSA-5673001,"RAF/MAP kinase cascade",19,322,0.020601407549584134,0.9967506535115411,0.9967506535115411,31,75,0.005,9606,Homo sapiens,"104011;89087;17263;17362;17254;18183;3561;16040;2668;16828;33442;2676;17418;5778;17409;2904;30314;30754;15714;29073","","R-HSA-5674132;R-HSA-5672980;R-HSA-5674130;R-HSA-5672978;R-HSA-9635739;R-HSA-5674140;R-HSA-9635743;R-HSA-5675417;R-HSA-9657603;R-HSA-5672966;R-HSA-5672965;R-HSA-5674373;R-HSA-9657606;R-HSA-5672960;R-HSA-5672961;R-HSA-5672972;R-HSA-9657608;R-HSA-5672973;R-HSA-9658445;R-HSA-5672969;R-HSA-5672950;R-HSA-5672951;R-HSA-9653108;R-HSA-5658430;R-HSA-5672958;R-HSA-5674366;R-HSA-5672957;R-HSA-9657599;R-HSA-5675194;R-HSA-5675431;R-HSA-5675433"
R-HSA-442755,"Activation of NMDA receptors and postsynaptic events",4,113,0.007229686500319897,0.996774361012863,0.996774361012863,28,71,0.004733333333333333,9606,Homo sapiens,"1547;3387;17418;2904","","R-HSA-9609746;R-HSA-9609744;R-HSA-9619478;R-HSA-9619542;R-HSA-9611030;R-HSA-442760;R-HSA-9610653;R-HSA-9610627;R-HSA-438037;R-HSA-9609737;R-HSA-9609743;R-HSA-9609740;R-HSA-9610802;R-HSA-432164;R-HSA-432162;R-HSA-9612085;R-HSA-9619515;R-HSA-9668218;R-HSA-442732;R-HSA-432172;R-HSA-9618750;R-HSA-9610750;R-HSA-9610879;R-HSA-445367;R-HSA-9611368;R-HSA-9610408;R-HSA-9614185;R-HSA-9617326"
R-HSA-375276,"Peptide ligand-binding receptors",10,203,0.012987843889955214,0.9968441188959007,0.9968441188959007,11,83,0.005533333333333334,9606,Homo sapiens,"17200;17201;17202;17203;15344;84634;18386;86369;18101;19065","","R-HSA-9667619;R-HSA-388981;R-HSA-388596;R-HSA-9667569;R-HSA-392263;R-HSA-388605;R-HSA-9667563;R-HSA-388863;R-HSA-373086;R-HSA-375384;R-HSA-374298"
R-HSA-3906995,"Diseases associated with O-glycosylation of proteins",2,78,0.0049904030710172746,0.9969050796374662,0.9969050796374662,4,9,6.0E-4,9606,Homo sapiens,"17200;4582","","R-HSA-6785524;R-HSA-5096537;R-HSA-5096532;R-HSA-6785565"
R-HSA-4641258,"Degradation of DVL",1,57,0.0036468330134357004,0.9970432875266543,0.9970432875266543,2,7,4.6666666666666666E-4,9606,Homo sapiens,"33442","","R-HSA-1504193;R-HSA-4641260"
R-HSA-380108,"Chemokine receptors bind chemokines",1,57,0.0036468330134357004,0.9970432875266543,0.9970432875266543,1,19,0.0012666666666666666,9606,Homo sapiens,"86369","","R-HSA-373086"
R-HSA-427413,"NoRC negatively regulates rRNA expression",2,79,0.005054382597568778,0.9971745942632463,0.9971745942632463,2,7,4.6666666666666666E-4,9606,Homo sapiens,"15366;88735","","R-HSA-427366;R-HSA-433672"
R-HSA-163125,"Post-translational modification: synthesis of GPI-anchored proteins",4,115,0.007357645553422905,0.9972437555113417,0.9972437555113417,2,16,0.0010666666666666667,9606,Homo sapiens,"17361;15366;18077;76942","","R-HSA-162857;R-HSA-8940388"
R-HSA-69239,"Synthesis of DNA",5,132,0.008445297504798464,0.9973994349693055,0.9973994349693055,9,27,0.0018,9606,Homo sapiens,"176131;33442;31967;176466;31835","","R-HSA-68946;R-HSA-68948;R-HSA-69015;R-HSA-69063;R-HSA-69016;R-HSA-69053;R-HSA-176942;R-HSA-69068;R-HSA-176956"
R-HSA-499943,"Interconversion of nucleotide di- and triphosphates",2,80,0.005118362124120281,0.9974209827818766,0.9974209827818766,7,33,0.0022,9606,Homo sapiens,"18102;27480","","R-HSA-75125;R-HSA-482621;R-HSA-6806877;R-HSA-482619;R-HSA-110141;R-HSA-73548;R-HSA-74220"
R-HSA-5619507,"Activation of HOX genes during differentiation",4,116,0.0074216250799744084,0.9974529156669831,0.9974529156669831,29,43,0.0028666666666666667,9606,Homo sapiens,"1387;15918;2691;15367","","R-HSA-5617877;R-HSA-5617492;R-HSA-5617431;R-HSA-5621010;R-HSA-5617874;R-HSA-6810159;R-HSA-6810158;R-HSA-5617887;R-HSA-5617862;R-HSA-6810161;R-HSA-5617859;R-HSA-5617484;R-HSA-5617676;R-HSA-5693644;R-HSA-5617486;R-HSA-5617672;R-HSA-5617483;R-HSA-5617867;R-HSA-5621002;R-HSA-5617866;R-HSA-5617650;R-HSA-5617661;R-HSA-5617471;R-HSA-5617445;R-HSA-5617452;R-HSA-5617454;R-HSA-6810139;R-HSA-5617641;R-HSA-5617896"
R-HSA-5617472,"Activation of anterior HOX genes in hindbrain development during early embryogenesis",4,116,0.0074216250799744084,0.9974529156669831,0.9974529156669831,29,43,0.0028666666666666667,9606,Homo sapiens,"1387;15918;2691;15367","","R-HSA-5617877;R-HSA-5617492;R-HSA-5617431;R-HSA-5621010;R-HSA-5617874;R-HSA-6810159;R-HSA-6810158;R-HSA-5617887;R-HSA-5617862;R-HSA-6810161;R-HSA-5617859;R-HSA-5617484;R-HSA-5617676;R-HSA-5693644;R-HSA-5617486;R-HSA-5617672;R-HSA-5617483;R-HSA-5617867;R-HSA-5621002;R-HSA-5617866;R-HSA-5617650;R-HSA-5617661;R-HSA-5617471;R-HSA-5617445;R-HSA-5617452;R-HSA-5617454;R-HSA-6810139;R-HSA-5617641;R-HSA-5617896"
R-HSA-421270,"Cell-cell junction organization",3,99,0.006333973128598848,0.9974946618790317,0.9974946618790317,12,54,0.0036,9606,Homo sapiens,"16283;17409;12387","","R-HSA-9833671;R-HSA-9762246;R-HSA-5692437;R-HSA-9761474;R-HSA-9773218;R-HSA-9761452;R-HSA-9761421;R-HSA-433725;R-HSA-419002;R-HSA-9833674;R-HSA-9833672;R-HSA-9762282"
R-HSA-71387,"Metabolism of carbohydrates",29,453,0.028982725527831096,0.997556791046302,0.997556791046302,65,232,0.015466666666666667,9606,Homo sapiens,"17981;15366;16199;17160;17140;18295;28499;32365;28498;30768;17924;47013;4208;17973;16422;2089;28009;24786;28666;28645;17151;28946;2611;34114;32354;17759;17754;28061","","R-HSA-2046239;R-HSA-2024084;R-HSA-2046222;R-HSA-70420;R-HSA-2022919;R-HSA-5652172;R-HSA-8955794;R-HSA-2076419;R-HSA-6787321;R-HSA-5653878;R-HSA-1889981;R-HSA-9638064;R-HSA-1667005;R-HSA-71588;R-HSA-2046265;R-HSA-1889978;R-HSA-5653886;R-HSA-170796;R-HSA-8853686;R-HSA-2024108;R-HSA-2160915;R-HSA-5652195;R-HSA-174389;R-HSA-174392;R-HSA-2024100;R-HSA-6799581;R-HSA-70333;R-HSA-9036727;R-HSA-1889955;R-HSA-2046175;R-HSA-2076383;R-HSA-2090079;R-HSA-2076508;R-HSA-2046298;R-HSA-71495;R-HSA-71496;R-HSA-8853710;R-HSA-2076371;R-HSA-8955844;R-HSA-5662471;R-HSA-2046285;R-HSA-2022860;R-HSA-70355;R-HSA-2160884;R-HSA-5662466;R-HSA-2022856;R-HSA-70361;R-HSA-1793217;R-HSA-2160892;R-HSA-2076611;R-HSA-2022851;R-HSA-6799545;R-HSA-453337;R-HSA-70494;R-HSA-2025724;R-HSA-2025723;R-HSA-71660;R-HSA-1878002;R-HSA-5661240;R-HSA-71541;R-HSA-2076392;R-HSA-2022887;R-HSA-1630306;R-HSA-2046180;R-HSA-1678694"
R-HSA-69541,"Stabilization of p53",1,59,0.0037747920665387076,0.9975906630916744,0.9975906630916744,1,15,0.001,9606,Homo sapiens,"33442","","R-HSA-264458"
R-HSA-5663220,"RHO GTPases Activate Formins",6,149,0.009532949456174025,0.9976441186590208,0.9976441186590208,13,27,0.0018,9606,Homo sapiens,"17981;27389;33033;15864;17409;86553","","R-HSA-5666070;R-HSA-5665751;R-HSA-5666160;R-HSA-5666129;R-HSA-5665809;R-HSA-5666001;R-HSA-5665982;R-HSA-5665659;R-HSA-5666169;R-HSA-5665767;R-HSA-5665989;R-HSA-5665802;R-HSA-203070"
R-HSA-204998,"Cell death signalling via NRAGE, NRIF and NADE",2,81,0.005182341650671785,0.9976461924345204,0.9976461924345204,11,17,0.0011333333333333334,9606,Homo sapiens,"18053;28716","","R-HSA-193650;R-HSA-204949;R-HSA-204981;R-HSA-193669;R-HSA-205115;R-HSA-205112;R-HSA-205039;R-HSA-204958;R-HSA-205117;R-HSA-193677;R-HSA-205132"
R-HSA-9006934,"Signaling by Receptor Tyrosine Kinases",44,634,0.04056301983365323,0.9976688346843959,0.9976688346843959,261,759,0.0506,9606,Homo sapiens,"90000;15366;17362;17164;15882;15783;16410;6456;17385;28833;3561;28832;17261;15864;15940;17409;16335;2904;19229;15901;2869;85253;15768;4208;17750;16000;16440;104011;16581;16284;16283;17973;16002;17254;178081;18183;36210;28320;16827;3347;87986;15918;88458;12387","","R-HSA-5654614;R-HSA-171011;R-HSA-5654615;R-HSA-8848005;R-HSA-5654612;R-HSA-6785636;R-HSA-9613460;R-HSA-1562641;R-HSA-5654608;R-HSA-5654622;R-HSA-5654620;R-HSA-5654618;R-HSA-5654596;R-HSA-5654597;R-HSA-5654594;R-HSA-5654592;R-HSA-6785648;R-HSA-1250315;R-HSA-5654607;R-HSA-5654605;R-HSA-5654603;R-HSA-5654600;R-HSA-9701556;R-HSA-1963581;R-HSA-1250353;R-HSA-1963582;R-HSA-1250357;R-HSA-9612980;R-HSA-2428930;R-HSA-1963578;R-HSA-4420202;R-HSA-9701565;R-HSA-5218916;R-HSA-4420206;R-HSA-1963563;R-HSA-9613476;R-HSA-1250346;R-HSA-1250348;R-HSA-198211;R-HSA-5218830;R-HSA-1251922;R-HSA-5218827;R-HSA-5218824;R-HSA-8951490;R-HSA-5218819;R-HSA-5218818;R-HSA-9613023;R-HSA-198732;R-HSA-5218847;R-HSA-1250370;R-HSA-9612483;R-HSA-5218841;R-HSA-5656064;R-HSA-9612996;R-HSA-1963589;R-HSA-4420121;R-HSA-5218836;R-HSA-1250383;R-HSA-5218832;R-HSA-1963586;R-HSA-1250380;R-HSA-9612493;R-HSA-8867047;R-HSA-5654582;R-HSA-382054;R-HSA-8867044;R-HSA-9612534;R-HSA-5654578;R-HSA-8867041;R-HSA-382061;R-HSA-5218854;R-HSA-5654591;R-HSA-167019;R-HSA-5218851;R-HSA-4420143;R-HSA-5654586;R-HSA-5654587;R-HSA-5654584;R-HSA-382058;R-HSA-4420140;R-HSA-190065;R-HSA-5654562;R-HSA-5654560;R-HSA-1977958;R-HSA-1977959;R-HSA-5654575;R-HSA-198266;R-HSA-5654573;R-HSA-5654571;R-HSA-5654569;R-HSA-109699;R-HSA-166538;R-HSA-1251992;R-HSA-8875531;R-HSA-1250463;R-HSA-166542;R-HSA-166544;R-HSA-167056;R-HSA-198295;R-HSA-5654222;R-HSA-9851407;R-HSA-9026579;R-HSA-5654729;R-HSA-1250486;R-HSA-198315;R-HSA-9034814;R-HSA-8941618;R-HSA-182969;R-HSA-8863804;R-HSA-8941623;R-HSA-5654167;R-HSA-5654677;R-HSA-5654165;R-HSA-5654672;R-HSA-5654673;R-HSA-182986;R-HSA-182990;R-HSA-5654169;R-HSA-182994;R-HSA-169683;R-HSA-5654151;R-HSA-169680;R-HSA-5654148;R-HSA-182993;R-HSA-5654149;R-HSA-5654147;R-HSA-8874079;R-HSA-183002;R-HSA-5654159;R-HSA-5654157;R-HSA-212706;R-HSA-212710;R-HSA-212713;R-HSA-199917;R-HSA-9034855;R-HSA-5654692;R-HSA-5654690;R-HSA-167674;R-HSA-199929;R-HSA-5654701;R-HSA-8847995;R-HSA-183036;R-HSA-5654697;R-HSA-177922;R-HSA-177923;R-HSA-167683;R-HSA-177926;R-HSA-167686;R-HSA-177927;R-HSA-177924;R-HSA-167684;R-HSA-177925;R-HSA-177930;R-HSA-9613210;R-HSA-183051;R-HSA-177934;R-HSA-177935;R-HSA-183055;R-HSA-177933;R-HSA-9613213;R-HSA-9032582;R-HSA-187661;R-HSA-177938;R-HSA-183058;R-HSA-9032601;R-HSA-177939;R-HSA-177936;R-HSA-177937;R-HSA-177942;R-HSA-177943;R-HSA-177941;R-HSA-183067;R-HSA-177944;R-HSA-177945;R-HSA-187678;R-HSA-183072;R-HSA-5357429;R-HSA-190245;R-HSA-5357432;R-HSA-5654399;R-HSA-5654397;R-HSA-183084;R-HSA-5654392;R-HSA-187698;R-HSA-9613219;R-HSA-190256;R-HSA-9031610;R-HSA-183089;R-HSA-167217;R-HSA-187697;R-HSA-190260;R-HSA-9031624;R-HSA-9612243;R-HSA-2404199;R-HSA-2404193;R-HSA-177479;R-HSA-2404195;R-HSA-9031616;R-HSA-1306969;R-HSA-2404200;R-HSA-1306972;R-HSA-177491;R-HSA-8875482;R-HSA-177501;R-HSA-187746;R-HSA-8875490;R-HSA-5686072;R-HSA-1306979;R-HSA-1433454;R-HSA-1250195;R-HSA-169891;R-HSA-5654514;R-HSA-5654515;R-HSA-169895;R-HSA-169901;R-HSA-5218815;R-HSA-5218814;R-HSA-205234;R-HSA-169904;R-HSA-5218812;R-HSA-169905;R-HSA-5218806;R-HSA-5654511;R-HSA-110011;R-HSA-5218804;R-HSA-9612073;R-HSA-1236398;R-HSA-1250220;R-HSA-1433514;R-HSA-1524182;R-HSA-9026894;R-HSA-190408;R-HSA-1524186;R-HSA-5654406;R-HSA-5654407;R-HSA-74707;R-HSA-5654404;R-HSA-5654402;R-HSA-74711;R-HSA-170964;R-HSA-74712;R-HSA-190427;R-HSA-74715;R-HSA-2428926;R-HSA-74716;R-HSA-170975;R-HSA-2428922;R-HSA-74718;R-HSA-9700171;R-HSA-170978;R-HSA-170979;R-HSA-170977;R-HSA-74726;R-HSA-74730;R-HSA-9619838;R-HSA-198640;R-HSA-5357477;R-HSA-74740;R-HSA-5357479;R-HSA-74743;R-HSA-74742"
R-HSA-5684996,"MAPK1/MAPK3 signaling",19,329,0.02104926423544466,0.997720216573161,0.997720216573161,31,82,0.0054666666666666665,9606,Homo sapiens,"104011;89087;17263;17362;17254;18183;3561;16040;2668;16828;33442;2676;17418;5778;17409;2904;30314;30754;15714;29073","","R-HSA-5674132;R-HSA-5672980;R-HSA-5674130;R-HSA-5672978;R-HSA-9635739;R-HSA-5674140;R-HSA-9635743;R-HSA-5675417;R-HSA-9657603;R-HSA-5672966;R-HSA-5672965;R-HSA-5674373;R-HSA-9657606;R-HSA-5672960;R-HSA-5672961;R-HSA-5672972;R-HSA-9657608;R-HSA-5672973;R-HSA-9658445;R-HSA-5672969;R-HSA-5672950;R-HSA-5672951;R-HSA-9653108;R-HSA-5658430;R-HSA-5672958;R-HSA-5674366;R-HSA-5672957;R-HSA-9657599;R-HSA-5675194;R-HSA-5675431;R-HSA-5675433"
R-HSA-73894,"DNA Repair",23,380,0.02431222008957134,0.997722660222686,0.997722660222686,133,342,0.0228,9606,Homo sapiens,"15351;17685;16020;17345;176131;17368;16026;17154;28671;33678;16708;28230;2676;88735;16865;16027;16467;17409;16335;38635;17688;17821;15901;17568","","R-HSA-6785126;R-HSA-5655892;R-HSA-5656148;R-HSA-9684118;R-HSA-5653840;R-HSA-5656158;R-HSA-5651805;R-HSA-6786155;R-HSA-6786166;R-HSA-5358912;R-HSA-6782069;R-HSA-5687360;R-HSA-5358919;R-HSA-5653838;R-HSA-110363;R-HSA-6786171;R-HSA-110364;R-HSA-6781818;R-HSA-110368;R-HSA-110371;R-HSA-5690996;R-HSA-5690997;R-HSA-5686642;R-HSA-5691006;R-HSA-5693564;R-HSA-5691000;R-HSA-5693561;R-HSA-5691001;R-HSA-6790487;R-HSA-5690213;R-HSA-5687653;R-HSA-6785361;R-HSA-5651809;R-HSA-5690990;R-HSA-5690991;R-HSA-5690988;R-HSA-5653780;R-HSA-5685011;R-HSA-6788385;R-HSA-5358619;R-HSA-5653786;R-HSA-5655835;R-HSA-5651992;R-HSA-6788392;R-HSA-5653766;R-HSA-6790454;R-HSA-6782004;R-HSA-5689861;R-HSA-5358597;R-HSA-5358599;R-HSA-6785342;R-HSA-5653770;R-HSA-5651723;R-HSA-6782211;R-HSA-5682992;R-HSA-6782208;R-HSA-5652005;R-HSA-6782227;R-HSA-6782224;R-HSA-6782234;R-HSA-5652009;R-HSA-5656105;R-HSA-5358545;R-HSA-109955;R-HSA-110215;R-HSA-5696465;R-HSA-110219;R-HSA-110218;R-HSA-5683930;R-HSA-110221;R-HSA-110227;R-HSA-5682629;R-HSA-110231;R-HSA-5685953;R-HSA-110232;R-HSA-6782204;R-HSA-5654989;R-HSA-5654986;R-HSA-5654985;R-HSA-6785732;R-HSA-6785986;R-HSA-110246;R-HSA-5683967;R-HSA-110248;R-HSA-5653756;R-HSA-5683964;R-HSA-110251;R-HSA-5653754;R-HSA-5649658;R-HSA-5689317;R-HSA-5684887;R-HSA-5684882;R-HSA-5696670;R-HSA-5682588;R-HSA-5655965;R-HSA-5682586;R-HSA-6781867;R-HSA-5444511;R-HSA-5693593;R-HSA-5693574;R-HSA-5683077;R-HSA-6782131;R-HSA-5686657;R-HSA-5696655;R-HSA-6782141;R-HSA-5693580;R-HSA-8857692;R-HSA-6782138;R-HSA-5358513;R-HSA-5652151;R-HSA-5358512;R-HSA-110307;R-HSA-110308;R-HSA-110311;R-HSA-5358519;R-HSA-5358518;R-HSA-6781824;R-HSA-5358525;R-HSA-110317;R-HSA-110316;R-HSA-110319;R-HSA-6781833;R-HSA-5655481;R-HSA-5682598;R-HSA-5693604;R-HSA-5685156;R-HSA-5444516;R-HSA-6781840;R-HSA-5682607;R-HSA-5682863;R-HSA-5682858;R-HSA-5655466;R-HSA-5358510"
R-HSA-73772,"RNA Polymerase I Promoter Escape",1,60,0.003838771593090211,0.9978251091257099,0.9978251091257099,2,2,1.3333333333333334E-4,9606,Homo sapiens,"88735","","R-HSA-73769;R-HSA-74986"
R-HSA-72187,"mRNA 3'-end processing",1,60,0.003838771593090211,0.9978251091257099,0.9978251091257099,2,3,2.0E-4,9606,Homo sapiens,"27781","","R-HSA-8849157;R-HSA-72180"
R-HSA-5339562,"Uptake and actions of bacterial toxins",1,60,0.003838771593090211,0.9978251091257099,0.9978251091257099,1,66,0.0044,9606,Homo sapiens,"17154","","R-HSA-5336421"
R-HSA-1236394,"Signaling by ERBB4",2,82,0.005246321177223289,0.997852010569288,0.997852010569288,13,52,0.0034666666666666665,9606,Homo sapiens,"104011;18183;15940","","R-HSA-9612243;R-HSA-1250353;R-HSA-1250357;R-HSA-1251992;R-HSA-1250370;R-HSA-1250315;R-HSA-1977958;R-HSA-1977959;R-HSA-1250383;R-HSA-1236398;R-HSA-1250380;R-HSA-1250348;R-HSA-1250220"
R-HSA-1221632,"Meiotic synapsis",1,61,0.003902751119641715,0.9980367547614487,0.9980367547614487,1,6,4.0E-4,9606,Homo sapiens,"17290","","R-HSA-912408"
R-HSA-8956320,"Nucleotide biosynthesis",1,61,0.003902751119641715,0.9980367547614487,0.9980367547614487,2,24,0.0016,9606,Homo sapiens,"16259","","R-HSA-73794;R-HSA-9678749"
R-HSA-71403,"Citric acid cycle (TCA cycle)",2,83,0.005310300703774792,0.9980400773165954,0.9980400773165954,2,23,0.0015333333333333334,9606,Homo sapiens,"17154;15929","","R-HSA-70967;R-HSA-9854463"
R-HSA-74752,"Signaling by Insulin receptor",3,102,0.006525911708253359,0.9980558068135739,0.9980558068135739,13,34,0.002266666666666667,9606,Homo sapiens,"17750;28320;17362","","R-HSA-109699;R-HSA-74726;R-HSA-74730;R-HSA-74707;R-HSA-74740;R-HSA-74711;R-HSA-74743;R-HSA-74742;R-HSA-74712;R-HSA-74715;R-HSA-110011;R-HSA-74716;R-HSA-74718"
R-HSA-166663,"Initial triggering of complement",4,120,0.007677543186180422,0.9981458802609494,0.9981458802609494,10,21,0.0014,9606,Homo sapiens,"64023;86612;28009;40356","","R-HSA-166721;R-HSA-166753;R-HSA-166726;R-HSA-174551;R-HSA-2855054;R-HSA-173754;R-HSA-8852509;R-HSA-166792;R-HSA-2855077;R-HSA-2855125"
R-HSA-983695,"Antigen activates B Cell Receptor (BCR) leading to generation of second messengers",3,103,0.006589891234804863,0.998213975933185,0.998213975933185,11,26,0.0017333333333333333,9606,Homo sapiens,"16440;17973;83490","","R-HSA-9606162;R-HSA-9606163;R-HSA-169683;R-HSA-169680;R-HSA-9606160;R-HSA-9606151;R-HSA-2045911;R-HSA-1168376;R-HSA-1112666;R-HSA-9606159;R-HSA-9691421"
R-HSA-2672351,"Stimuli-sensing channels",4,121,0.007741522712731925,0.9982881520685195,0.9982881520685195,6,33,0.0022,9606,Homo sapiens,"16828;17775;nan;71062","","R-HSA-8863494;R-HSA-2682349;R-HSA-2671885;R-HSA-9650165;R-HSA-3295579;R-HSA-2872497"
R-HSA-1660662,"Glycosphingolipid metabolism",5,138,0.008829174664107486,0.9983459118082842,0.9983459118082842,8,49,0.003266666666666667,9606,Homo sapiens,"17113;18132;16135;15956;28061","","R-HSA-1605736;R-HSA-1605624;R-HSA-1606312;R-HSA-1606602;R-HSA-9841189;R-HSA-1606288;R-HSA-2248891;R-HSA-9840795"
R-HSA-6811436,"COPI-independent Golgi-to-ER retrograde traffic",1,63,0.004030710172744722,0.9984002940937079,0.9984002940937079,2,7,4.6666666666666666E-4,9606,Homo sapiens,"26756","","R-HSA-8849350;R-HSA-8849353"
R-HSA-3214815,"HDACs deacetylate histones",1,63,0.004030710172744722,0.9984002940937079,0.9984002940937079,1,5,3.333333333333333E-4,9606,Homo sapiens,"88811","","R-HSA-3782655"
R-HSA-8939211,"ESR-mediated signaling",13,256,0.0163787587971849,0.9984150623129023,0.9984150623129023,38,114,0.0076,9606,Homo sapiens,"25858;17026;17263;17254;28116;27974;2676;1387;16469;88522;6801;86366;2869","","R-HSA-9624272;R-HSA-9008267;R-HSA-9023884;R-HSA-9633044;R-HSA-9008271;R-HSA-9008270;R-HSA-9009536;R-HSA-9011971;R-HSA-9634584;R-HSA-9008258;R-HSA-9009541;R-HSA-9632412;R-HSA-9012315;R-HSA-9008285;R-HSA-9021596;R-HSA-9021660;R-HSA-9012319;R-HSA-9625482;R-HSA-9038161;R-HSA-9038163;R-HSA-9625487;R-HSA-9027670;R-HSA-9021609;R-HSA-9011949;R-HSA-9021601;R-HSA-9021600;R-HSA-9023840;R-HSA-9625465;R-HSA-9038052;R-HSA-9023846;R-HSA-9008315;R-HSA-9009533;R-HSA-9011966;R-HSA-9011952;R-HSA-9023859;R-HSA-9023861;R-HSA-9023860;R-HSA-9009526"
R-HSA-194068,"Bile acid and bile salt metabolism",4,122,0.00780550223928343,0.9984197844817335,0.9984197844817335,22,99,0.0066,9606,Homo sapiens,"16113;16525;28834;15539","","R-HSA-9733973;R-HSA-192065;R-HSA-159431;R-HSA-9733969;R-HSA-191972;R-HSA-194187;R-HSA-5340251;R-HSA-194121;R-HSA-194153;R-HSA-191983;R-HSA-193362;R-HSA-194130;R-HSA-193491;R-HSA-192051;R-HSA-5340195;R-HSA-192341;R-HSA-9733964;R-HSA-192315;R-HSA-192123;R-HSA-8873850;R-HSA-193533;R-HSA-192061"
R-HSA-202733,"Cell surface interactions at the vascular wall",13,257,0.016442738323736404,0.9985056180468598,0.9985056180468598,11,65,0.004333333333333333,9606,Homo sapiens,"16330;9123;16411;5672;34421;16410;16113;17254;21803;15768;1879;28946","","R-HSA-114577;R-HSA-210304;R-HSA-202704;R-HSA-2870221;R-HSA-202724;R-HSA-375133;R-HSA-5635741;R-HSA-203130;R-HSA-204392;R-HSA-8870732;R-HSA-375131"
R-HSA-383280,"Nuclear Receptor transcription pathway",2,86,0.0055022392834293025,0.9985122022951624,0.9985122022951624,2,2,1.3333333333333334E-4,9606,Homo sapiens,"25682;28610;30754","","R-HSA-382096;R-HSA-376419"
R-HSA-6783783,"Interleukin-10 signaling",2,86,0.0055022392834293025,0.9985122022951624,0.9985122022951624,1,15,0.001,9606,Homo sapiens,"16176;16175","","R-HSA-6784160"
R-HSA-1236974,"ER-Phagosome pathway",3,106,0.006781829814459373,0.9986166949093905,0.9986166949093905,5,10,6.666666666666666E-4,9606,Homo sapiens,"33442;16437;16040","","R-HSA-8863895;R-HSA-8951595;R-HSA-1236935;R-HSA-8863858;R-HSA-8863914"
R-HSA-73887,"Death Receptor Signaling",7,172,0.011004478566858605,0.9986317287049079,0.9986317287049079,51,119,0.007933333333333334,9606,Homo sapiens,"73218;18132;2495;35619;18053;28716;1879","","R-HSA-193665;R-HSA-193668;R-HSA-141316;R-HSA-193669;R-HSA-193672;R-HSA-75146;R-HSA-193679;R-HSA-193677;R-HSA-9012761;R-HSA-193682;R-HSA-193686;R-HSA-204949;R-HSA-193684;R-HSA-193694;R-HSA-204958;R-HSA-209566;R-HSA-193695;R-HSA-193696;R-HSA-193702;R-HSA-193703;R-HSA-209573;R-HSA-193700;R-HSA-193706;R-HSA-5693055;R-HSA-193705;R-HSA-5626981;R-HSA-75187;R-HSA-5626982;R-HSA-204981;R-HSA-205115;R-HSA-5626988;R-HSA-205112;R-HSA-205117;R-HSA-5635741;R-HSA-205132;R-HSA-141139;R-HSA-5693108;R-HSA-193636;R-HSA-75238;R-HSA-193642;R-HSA-193643;R-HSA-193641;R-HSA-193646;R-HSA-205039;R-HSA-193647;R-HSA-193650;R-HSA-193655;R-HSA-193653;R-HSA-193656;R-HSA-8863101;R-HSA-209532"
R-HSA-1483257,"Phospholipid metabolism",17,314,0.020089571337172103,0.9987383088893246,0.9987383088893246,60,218,0.014533333333333334,9606,Homo sapiens,"16000;17553;17268;8776;15355;15354;18132;16870;172509;32398;15996;17754;32978;83493;34306;1427","","R-HSA-1483159;R-HSA-1482647;R-HSA-1482900;R-HSA-1482771;R-HSA-1482897;R-HSA-1482654;R-HSA-6809975;R-HSA-1483142;R-HSA-1482884;R-HSA-1482629;R-HSA-444433;R-HSA-1483190;R-HSA-1482932;R-HSA-372519;R-HSA-1483186;R-HSA-1675836;R-HSA-6809793;R-HSA-1675824;R-HSA-264622;R-HSA-6814797;R-HSA-1482685;R-HSA-8847912;R-HSA-188467;R-HSA-1676203;R-HSA-8952251;R-HSA-1482656;R-HSA-1483182;R-HSA-1482543;R-HSA-1482920;R-HSA-6809944;R-HSA-1483222;R-HSA-8871366;R-HSA-1675994;R-HSA-1676124;R-HSA-1483089;R-HSA-1482847;R-HSA-6814254;R-HSA-6814766;R-HSA-5696415;R-HSA-1676114;R-HSA-6813740;R-HSA-1675988;R-HSA-1483096;R-HSA-6814132;R-HSA-1482828;R-HSA-6814778;R-HSA-1482696;R-HSA-1482825;R-HSA-1676152;R-HSA-1482612;R-HSA-1483004;R-HSA-1482745;R-HSA-1675883;R-HSA-1483107;R-HSA-1482976;R-HSA-1482862;R-HSA-1482604;R-HSA-1483116;R-HSA-1676133;R-HSA-1482856"
R-HSA-5654738,"Signaling by FGFR2",2,88,0.005630198336532309,0.9987626442510897,0.9987626442510897,27,46,0.0030666666666666668,9606,Homo sapiens,"3347;17362","","R-HSA-5654614;R-HSA-5654615;R-HSA-5654612;R-HSA-5654677;R-HSA-5654608;R-HSA-5654622;R-HSA-190408;R-HSA-5654620;R-HSA-5654618;R-HSA-5654406;R-HSA-5654407;R-HSA-5654404;R-HSA-5654402;R-HSA-5654147;R-HSA-5654607;R-HSA-5654159;R-HSA-5654605;R-HSA-5654157;R-HSA-5654603;R-HSA-5654729;R-HSA-5654399;R-HSA-5654397;R-HSA-5654562;R-HSA-190260;R-HSA-8941618;R-HSA-5654701;R-HSA-5654697"
R-HSA-69202,"Cyclin E associated events during G1/S transition ",2,88,0.005630198336532309,0.9987626442510897,0.9987626442510897,4,20,0.0013333333333333333,9606,Homo sapiens,"33442;176466","","R-HSA-187552;R-HSA-187574;R-HSA-187575;R-HSA-187545"
R-HSA-1912408,"Pre-NOTCH Transcription and Translation",2,88,0.005630198336532309,0.9987626442510897,0.9987626442510897,4,28,0.0018666666666666666,9606,Homo sapiens,"1387;89963","","R-HSA-1912415;R-HSA-9017835;R-HSA-4395227;R-HSA-1912416"
R-HSA-983705,"Signaling by the B Cell Receptor (BCR)",8,189,0.012092130518234165,0.9987983339290004,0.9987983339290004,17,45,0.003,9606,Homo sapiens,"16440;17973;33442;35045;176466;18019;83490;28924","","R-HSA-9606162;R-HSA-9606163;R-HSA-9606160;R-HSA-2025882;R-HSA-1168633;R-HSA-2045911;R-HSA-1168376;R-HSA-1112666;R-HSA-9691421;R-HSA-1168638;R-HSA-1168640;R-HSA-169683;R-HSA-1168643;R-HSA-169680;R-HSA-1168642;R-HSA-9606151;R-HSA-9606159"
R-HSA-5678895,"Defective CFTR causes cystic fibrosis",1,66,0.004222648752399232,0.9988234317752124,0.9988234317752124,1,8,5.333333333333334E-4,9606,Homo sapiens,"33442","","R-HSA-8866858"
R-HSA-5693567,"HDR through Homologous Recombination (HRR) or Single Strand Annealing (SSA)",4,126,0.008061420345489444,0.9988545418042781,0.9988545418042781,11,47,0.0031333333333333335,9606,Homo sapiens,"33678;176131;17154;16865","","R-HSA-5684887;R-HSA-5685156;R-HSA-5686642;R-HSA-5684882;R-HSA-5685011;R-HSA-5686657;R-HSA-5685953;R-HSA-5693564;R-HSA-5693580;R-HSA-5693593;R-HSA-5693561"
R-HSA-9013148,"CDC42 GTPase cycle",6,159,0.01017274472168906,0.998860764205489,0.998860764205489,3,6,4.0E-4,9606,Homo sapiens,"50619;16283;15365;88458;28865;85470","","R-HSA-9013161;R-HSA-9013157;R-HSA-9013159"
R-HSA-190236,"Signaling by FGFR",3,109,0.006973768394113884,0.99893007776114,0.99893007776114,63,142,0.009466666666666667,9606,Homo sapiens,"16284;3347;17362","","R-HSA-5654614;R-HSA-5654615;R-HSA-5654612;R-HSA-5654608;R-HSA-5654622;R-HSA-5654620;R-HSA-5654618;R-HSA-5654596;R-HSA-5654597;R-HSA-5654594;R-HSA-5654592;R-HSA-5654222;R-HSA-5654607;R-HSA-5654605;R-HSA-5654603;R-HSA-5654600;R-HSA-5654729;R-HSA-5654514;R-HSA-5654515;R-HSA-190245;R-HSA-5654399;R-HSA-5654397;R-HSA-5654392;R-HSA-190256;R-HSA-190260;R-HSA-5654511;R-HSA-8941618;R-HSA-8941623;R-HSA-5654167;R-HSA-5654677;R-HSA-5654165;R-HSA-5654672;R-HSA-5654673;R-HSA-190408;R-HSA-5654169;R-HSA-5654406;R-HSA-5654407;R-HSA-5654151;R-HSA-5654404;R-HSA-5654148;R-HSA-5654149;R-HSA-5654402;R-HSA-5654147;R-HSA-5656064;R-HSA-190427;R-HSA-5654159;R-HSA-5654157;R-HSA-5654582;R-HSA-5654578;R-HSA-5654591;R-HSA-5654586;R-HSA-5654587;R-HSA-5654584;R-HSA-5654692;R-HSA-5654562;R-HSA-5654690;R-HSA-5654560;R-HSA-5654575;R-HSA-5654701;R-HSA-5654573;R-HSA-5654571;R-HSA-5654697;R-HSA-5654569"
R-HSA-180786,"Extension of Telomeres",1,67,0.004286628278950736,0.9989379693368501,0.9989379693368501,4,28,0.0018666666666666666,9606,Homo sapiens,"176131","","R-HSA-174439;R-HSA-9668902;R-HSA-174452;R-HSA-174447"
R-HSA-4085001,"Sialic acid metabolism",1,67,0.004286628278950736,0.9989379693368501,0.9989379693368501,1,21,0.0014,9606,Homo sapiens,"27480","","R-HSA-4085217"
R-HSA-9013149,"RAC1 GTPase cycle",8,191,0.012220089571337172,0.9989519513616791,0.9989519513616791,4,6,4.0E-4,9606,Homo sapiens,"50619;16827;40410;15365;88458;16349;28865;85470","","R-HSA-9013145;R-HSA-9013144;R-HSA-9691174;R-HSA-9013143"
R-HSA-376176,"Signaling by ROBO receptors",11,235,0.015035188739603326,0.9989616316539268,0.9989616316539268,12,60,0.004,9606,Homo sapiens,"17973;17196;38397;9349;28671;34114;33442;27389;35420;6128;89884;68440;32635","","R-HSA-9011289;R-HSA-428535;R-HSA-9010539;R-HSA-428885;R-HSA-9010541;R-HSA-428515;R-HSA-9014652;R-HSA-428531;R-HSA-9011313;R-HSA-428511;R-HSA-9014610;R-HSA-9011300"
R-HSA-69656,"Cyclin A:Cdk2-associated events at S phase entry",2,90,0.005758157389635317,0.9989713865369237,0.9989713865369237,4,19,0.0012666666666666666,9606,Homo sapiens,"33442;176466","","R-HSA-187552;R-HSA-187574;R-HSA-187575;R-HSA-187545"
R-HSA-1483206,"Glycerophospholipid biosynthesis",10,221,0.014139475367882277,0.998985872546751,0.998985872546751,39,133,0.008866666666666667,9606,Homo sapiens,"16000;17553;17268;15355;15354;16870;17754;32978;172509;1427","","R-HSA-1483222;R-HSA-1483159;R-HSA-1482647;R-HSA-1482900;R-HSA-1482771;R-HSA-1482897;R-HSA-1483089;R-HSA-1482654;R-HSA-1482847;R-HSA-5696415;R-HSA-1483096;R-HSA-1483142;R-HSA-1482884;R-HSA-1482629;R-HSA-444433;R-HSA-1482828;R-HSA-1482696;R-HSA-1482825;R-HSA-1483190;R-HSA-1482612;R-HSA-1482932;R-HSA-372519;R-HSA-1483186;R-HSA-264622;R-HSA-1483004;R-HSA-1482685;R-HSA-1482745;R-HSA-188467;R-HSA-8952251;R-HSA-1483107;R-HSA-1482656;R-HSA-1482976;R-HSA-1482862;R-HSA-1483182;R-HSA-1482543;R-HSA-1482604;R-HSA-1483116;R-HSA-1482856;R-HSA-1482920"
R-HSA-428157,"Sphingolipid metabolism",10,221,0.014139475367882277,0.998985872546751,0.998985872546751,16,80,0.005333333333333333,9606,Homo sapiens,"50392;17553;33216;17113;15487;16135;18132;15956;28061;67042","","R-HSA-1605624;R-HSA-429732;R-HSA-429730;R-HSA-429699;R-HSA-1606288;R-HSA-9840795;R-HSA-8959462;R-HSA-428681;R-HSA-1605736;R-HSA-1606312;R-HSA-1606602;R-HSA-5692261;R-HSA-9841189;R-HSA-429694;R-HSA-2248891;R-HSA-428185"
R-HSA-193704,"p75 NTR receptor-mediated signalling",3,110,0.007037747920665387,0.9990181707555769,0.9990181707555769,39,50,0.0033333333333333335,9606,Homo sapiens,"18132;18053;28716","","R-HSA-193665;R-HSA-193668;R-HSA-193669;R-HSA-193672;R-HSA-193679;R-HSA-193677;R-HSA-205132;R-HSA-9012761;R-HSA-193682;R-HSA-193686;R-HSA-204949;R-HSA-193684;R-HSA-193694;R-HSA-204958;R-HSA-209566;R-HSA-193695;R-HSA-193696;R-HSA-193702;R-HSA-193703;R-HSA-209573;R-HSA-193636;R-HSA-193700;R-HSA-193642;R-HSA-193706;R-HSA-193643;R-HSA-193641;R-HSA-193705;R-HSA-193646;R-HSA-205039;R-HSA-193647;R-HSA-193650;R-HSA-193655;R-HSA-204981;R-HSA-193653;R-HSA-205115;R-HSA-193656;R-HSA-205112;R-HSA-205117;R-HSA-209532"
R-HSA-9845323,"Regulation of endogenous retroelements by Piwi-interacting RNAs (piRNAs)",1,68,0.004350607805502239,0.9990413631077266,0.9990413631077266,2,2,1.3333333333333334E-4,9606,Homo sapiens,"17409","","R-HSA-9845308;R-HSA-9727450"
R-HSA-379724,"tRNA Aminoacylation",1,68,0.004350607805502239,0.9990413631077266,0.9990413631077266,1,42,0.0028,9606,Homo sapiens,"28623","","R-HSA-380002"
R-HSA-9664433,"Leishmania parasite growth and survival",8,193,0.012348048624440179,0.9990865530686672,0.9990865530686672,14,40,0.0026666666666666666,9606,Homo sapiens,"16440;25858;113;88528;3347;88522;28666;16335","","R-HSA-9660819;R-HSA-163617;R-HSA-392129;R-HSA-202407;R-HSA-9664278;R-HSA-9660824;R-HSA-9660829;R-HSA-9660828;R-HSA-169683;R-HSA-169680;R-HSA-266012;R-HSA-266046;R-HSA-111930;R-HSA-9664271"
R-HSA-9662851,"Anti-inflammatory response favouring Leishmania parasite infection",8,193,0.012348048624440179,0.9990865530686672,0.9990865530686672,14,40,0.0026666666666666666,9606,Homo sapiens,"16440;25858;113;88528;3347;88522;28666;16335","","R-HSA-9660819;R-HSA-163617;R-HSA-392129;R-HSA-202407;R-HSA-9664278;R-HSA-9660824;R-HSA-9660829;R-HSA-9660828;R-HSA-169683;R-HSA-169680;R-HSA-266012;R-HSA-266046;R-HSA-111930;R-HSA-9664271"
R-HSA-166786,"Creation of C4 and C2 activators",3,111,0.007101727447216891,0.9990991395155834,0.9990991395155834,6,8,5.333333333333334E-4,9606,Homo sapiens,"64023;28009;40356","","R-HSA-166721;R-HSA-166726;R-HSA-2855054;R-HSA-8852509;R-HSA-2855077;R-HSA-2855125"
R-HSA-9678108,"SARS-CoV-1 Infection",8,194,0.012412028150991683,0.9991474399369794,0.9991474399369794,7,159,0.0106,9606,Homo sapiens,"15903;18347;17196;17361;17154;36751;68440;95120;32635","","R-HSA-9729232;R-HSA-9686790;R-HSA-9687435;R-HSA-9683769;R-HSA-9727919;R-HSA-9683663;R-HSA-9686061"
R-HSA-418594,"G alpha (i) signalling events",25,426,0.0272552783109405,0.9991661274535533,0.9991661274535533,37,74,0.004933333333333333,9606,Homo sapiens,"16796;19065;3561;2700;113;32980;88528;34146;86369;88522;15940;16335;17306;16440;17992;25858;15355;18386;28666;27732;68329;422;32111;15854;17814","","R-HSA-392129;R-HSA-749454;R-HSA-111879;R-HSA-167429;R-HSA-8982019;R-HSA-392206;R-HSA-167433;R-HSA-8982020;R-HSA-112271;R-HSA-169683;R-HSA-392212;R-HSA-169680;R-HSA-751001;R-HSA-111955;R-HSA-111956;R-HSA-420883;R-HSA-8964242;R-HSA-749456;R-HSA-8964311;R-HSA-8964329;R-HSA-112037;R-HSA-8982637;R-HSA-170666;R-HSA-380073;R-HSA-170671;R-HSA-170674;R-HSA-170672;R-HSA-167408;R-HSA-8982012;R-HSA-170676;R-HSA-170677;R-HSA-8982640;R-HSA-167419;R-HSA-111930;R-HSA-170686;R-HSA-111870;R-HSA-170685"
R-HSA-9616222,"Transcriptional regulation of granulopoiesis",1,70,0.004478566858605247,0.9992189483982503,0.9992189483982503,2,27,0.0018,9606,Homo sapiens,"15367","","R-HSA-9634433;R-HSA-9617067"
R-HSA-69580,"p53-Dependent G1/S DNA damage checkpoint",1,70,0.004478566858605247,0.9992189483982503,0.9992189483982503,1,22,0.0014666666666666667,9606,Homo sapiens,"33442","","R-HSA-264458"
R-HSA-69563,"p53-Dependent G1 DNA Damage Response",1,70,0.004478566858605247,0.9992189483982503,0.9992189483982503,1,22,0.0014666666666666667,9606,Homo sapiens,"33442","","R-HSA-264458"
R-HSA-5658442,"Regulation of RAS by GAPs",1,71,0.00454254638515675,0.9992950014347721,0.9992950014347721,1,5,3.333333333333333E-4,9606,Homo sapiens,"33442","","R-HSA-5658430"
R-HSA-5693538,"Homology Directed Repair",4,132,0.008445297504798464,0.9992965111973826,0.9992965111973826,12,55,0.0036666666666666666,9606,Homo sapiens,"33678;176131;17154;16865","","R-HSA-5684887;R-HSA-5685156;R-HSA-5687653;R-HSA-5686642;R-HSA-5684882;R-HSA-5685011;R-HSA-5686657;R-HSA-5685953;R-HSA-5693564;R-HSA-5693580;R-HSA-5693593;R-HSA-5693561"
R-HSA-9694516,"SARS-CoV-2 Infection",20,365,0.023352527191298784,0.9993147294078129,0.9993147294078129,21,210,0.014,9606,Homo sapiens,"17981;64023;18347;17196;189726;17361;17154;95120;28946;9908;15903;32365;32354;1387;36751;17759;16556;32636;68440;15756;32635","","R-HSA-9694579;R-HSA-191786;R-HSA-9729500;R-HSA-9759709;R-HSA-9698265;R-HSA-9729279;R-HSA-9699007;R-HSA-9729849;R-HSA-9708889;R-HSA-9694718;R-HSA-9694364;R-HSA-9686790;R-HSA-9758529;R-HSA-9694661;R-HSA-168184;R-HSA-9756494;R-HSA-9768142;R-HSA-9697423;R-HSA-9729481;R-HSA-9730505;R-HSA-9698988"
R-HSA-6807505,"RNA polymerase II transcribes snRNA genes",2,95,0.006078055022392835,0.9993530841055929,0.9993530841055929,10,11,7.333333333333333E-4,9606,Homo sapiens,"174255;86366","","R-HSA-6814885;R-HSA-6814549;R-HSA-6814559;R-HSA-6810239;R-HSA-6810238;R-HSA-6814555;R-HSA-6810235;R-HSA-6814554;R-HSA-6810234;R-HSA-6810233"
R-HSA-69615,"G1/S DNA Damage Checkpoints",1,72,0.004606525911708253,0.9993636531783475,0.9993636531783475,2,26,0.0017333333333333333,9606,Homo sapiens,"33442","","R-HSA-69600;R-HSA-264458"
R-HSA-1630316,"Glycosaminoglycan metabolism",7,183,0.011708253358925143,0.9993751777914494,0.9993751777914494,38,88,0.005866666666666667,9606,Homo sapiens,"15366;28666;24786;18295;28061;28946","","R-HSA-2046239;R-HSA-2046175;R-HSA-2076383;R-HSA-2090079;R-HSA-2076508;R-HSA-2046298;R-HSA-2024084;R-HSA-2076371;R-HSA-2046222;R-HSA-2046285;R-HSA-2022860;R-HSA-2160884;R-HSA-2022856;R-HSA-2022919;R-HSA-1793217;R-HSA-2160892;R-HSA-2076419;R-HSA-2076611;R-HSA-2022851;R-HSA-1889981;R-HSA-2025724;R-HSA-9638064;R-HSA-1667005;R-HSA-2025723;R-HSA-2046265;R-HSA-1889978;R-HSA-1878002;R-HSA-2024108;R-HSA-2160915;R-HSA-174389;R-HSA-2076392;R-HSA-2022887;R-HSA-174392;R-HSA-2024100;R-HSA-1630306;R-HSA-2046180;R-HSA-1889955;R-HSA-1678694"
R-HSA-913709,"O-linked glycosylation of mucins",1,73,0.004670505438259757,0.9994256234966384,0.9994256234966384,16,16,0.0010666666666666667,9606,Homo sapiens,"4582","","R-HSA-5694487;R-HSA-977071;R-HSA-1964505;R-HSA-913675;R-HSA-1964501;R-HSA-914017;R-HSA-914018;R-HSA-914012;R-HSA-914008;R-HSA-914010;R-HSA-981497;R-HSA-914005;R-HSA-981814;R-HSA-914006;R-HSA-6786012;R-HSA-981809"
R-HSA-1793185,"Chondroitin sulfate/dermatan sulfate metabolism",1,73,0.004670505438259757,0.9994256234966384,0.9994256234966384,5,28,0.0018666666666666666,9606,Homo sapiens,"28946","","R-HSA-1889981;R-HSA-9638064;R-HSA-1889978;R-HSA-1878002;R-HSA-1889955"
R-HSA-1222499,"Latent infection - Other responses of Mtb to phagocytosis",1,73,0.004670505438259757,0.9994256234966384,0.9994256234966384,1,34,0.002266666666666667,9606,Homo sapiens,"16856","","R-HSA-1500817"
R-HSA-2500257,"Resolution of Sister Chromatid Cohesion",4,135,0.008637236084452975,0.9994498293617956,0.9994498293617956,5,13,8.666666666666666E-4,9606,Homo sapiens,"17981;27389;33033;86553","","R-HSA-2484822;R-HSA-1638803;R-HSA-2468287;R-HSA-1638821;R-HSA-9853385"
R-HSA-212165,"Epigenetic regulation of gene expression",11,245,0.015674984005118364,0.9994505663728401,0.9994505663728401,28,81,0.0054,9606,Homo sapiens,"15351;31575;2668;2700;9188;15366;17154;88735;17409;2691;16390","","R-HSA-9843990;R-HSA-9843927;R-HSA-9727450;R-HSA-433672;R-HSA-9844057;R-HSA-9843993;R-HSA-5250947;R-HSA-9828175;R-HSA-9821902;R-HSA-9818954;R-HSA-427366;R-HSA-5250930;R-HSA-9821235;R-HSA-5211239;R-HSA-5250938;R-HSA-9845308;R-HSA-9818937;R-HSA-9818682;R-HSA-9844006;R-HSA-9676257;R-HSA-9821475;R-HSA-9821410;R-HSA-9844015;R-HSA-9844716;R-HSA-9821486;R-HSA-427514;R-HSA-9821931;R-HSA-9676268"
R-HSA-6807070,"PTEN Regulation",6,169,0.010812539987204094,0.9994585867499665,0.9994585867499665,7,56,0.0037333333333333333,9606,Homo sapiens,"33442;17154;34496;34154;15963;68441","","R-HSA-8944104;R-HSA-8944457;R-HSA-6807077;R-HSA-8850992;R-HSA-8948800;R-HSA-8944099;R-HSA-8944454"
R-HSA-9692914,"SARS-CoV-1-host interactions",3,118,0.007549584133077415,0.9995087016335925,0.9995087016335925,2,48,0.0032,9606,Homo sapiens,"17196;68440;95120;32635","","R-HSA-9729232;R-HSA-9727919"
R-HSA-3781865,"Diseases of glycosylation",8,202,0.01292386436340371,0.9995118895396878,0.9995118895396878,23,77,0.0051333333333333335,9606,Homo sapiens,"17200;17973;4582;18347;28666;18295;85253;28946","","R-HSA-5610038;R-HSA-9035949;R-HSA-9035950;R-HSA-9036289;R-HSA-3656254;R-HSA-4724291;R-HSA-9036290;R-HSA-4420365;R-HSA-3656230;R-HSA-4793947;R-HSA-9036283;R-HSA-3656261;R-HSA-3560804;R-HSA-6785524;R-HSA-5096537;R-HSA-9036285;R-HSA-3560802;R-HSA-3656258;R-HSA-3656257;R-HSA-5096532;R-HSA-6785565;R-HSA-3656269;R-HSA-3656267"
R-HSA-166658,"Complement cascade",5,156,0.009980806142034549,0.9995900021424619,0.9995900021424619,15,72,0.0048,9606,Homo sapiens,"64023;86612;28009;40356;17458","","R-HSA-166817;R-HSA-8853252;R-HSA-166721;R-HSA-166753;R-HSA-166726;R-HSA-2855054;R-HSA-166792;R-HSA-8852874;R-HSA-2855077;R-HSA-173680;R-HSA-174551;R-HSA-173754;R-HSA-8852509;R-HSA-981621;R-HSA-2855125"
R-HSA-9013408,"RHOG GTPase cycle",1,78,0.0049904030710172746,0.9996559134605951,0.9996559134605951,1,6,4.0E-4,9606,Homo sapiens,"16349","","R-HSA-9014467"
R-HSA-75105,"Fatty acyl-CoA biosynthesis",1,78,0.0049904030710172746,0.9996559134605951,0.9996559134605951,1,25,0.0016666666666666668,9606,Homo sapiens,"15487","","R-HSA-548818"
R-HSA-5357801,"Programmed Cell Death",10,238,0.015227127319257837,0.9996695948527377,0.9996695948527377,30,193,0.012866666666666667,9606,Homo sapiens,"16176;16175;19232;33442;12387;18107;1879;32425;95120;28061","","R-HSA-211715;R-HSA-139906;R-HSA-114307;R-HSA-114306;R-HSA-9627350;R-HSA-114440;R-HSA-9627078;R-HSA-5675456;R-HSA-114392;R-HSA-5213462;R-HSA-202969;R-HSA-9688456;R-HSA-3465448;R-HSA-201628;R-HSA-3465429;R-HSA-449058;R-HSA-141156;R-HSA-350319;R-HSA-350318;R-HSA-3371359;R-HSA-9627106;R-HSA-9627107;R-HSA-114419;R-HSA-9627104;R-HSA-139952;R-HSA-114354;R-HSA-141367;R-HSA-114361;R-HSA-139899;R-HSA-5620975"
R-HSA-195258,"RHO GTPase Effectors",16,325,0.020793346129238645,0.9996888616478489,0.9996888616478489,45,113,0.007533333333333334,9606,Homo sapiens,"17981;16330;17973;16543;16422;16390;95120;30851;16827;27389;33033;15864;86553;17409;12387;17347","","R-HSA-5666070;R-HSA-5665751;R-HSA-5668629;R-HSA-2029466;R-HSA-5218827;R-HSA-5625745;R-HSA-5666129;R-HSA-5665809;R-HSA-5666001;R-HSA-75016;R-HSA-2029456;R-HSA-5625883;R-HSA-5625797;R-HSA-5625796;R-HSA-5665989;R-HSA-5218841;R-HSA-2197691;R-HSA-2197690;R-HSA-5625870;R-HSA-5665802;R-HSA-5626507;R-HSA-5625738;R-HSA-5625717;R-HSA-2197698;R-HSA-442592;R-HSA-5672304;R-HSA-5666160;R-HSA-5665982;R-HSA-5668735;R-HSA-5668605;R-HSA-5625849;R-HSA-5668731;R-HSA-5665659;R-HSA-5625848;R-HSA-5625784;R-HSA-5666169;R-HSA-5669158;R-HSA-5665767;R-HSA-9626848;R-HSA-5668718;R-HSA-5625774;R-HSA-5668714;R-HSA-203070;R-HSA-5666216;R-HSA-2029473"
R-HSA-109582,"Hemostasis",54,804,0.05143953934740883,0.999689391141953,0.999689391141953,131,342,0.0228,9606,Homo sapiens,"90000;28819;68434;16113;16552;16551;26756;34421;32805;88522;17409;16797;15741;85253;30865;16000;16440;71018;5672;16002;17254;2089;23774;68329;16040;28946;15996;30776;15714;88750;16330;9123;15366;16015;16411;17263;16410;17385;20912;21803;15600;3699;15768;1879;25858;18125;27999;35280;16828;16104;1606;30314;17754;18405","","R-HSA-158722;R-HSA-443910;R-HSA-158721;R-HSA-158982;R-HSA-392195;R-HSA-426240;R-HSA-443905;R-HSA-432129;R-HSA-443402;R-HSA-397835;R-HSA-392202;R-HSA-984606;R-HSA-432148;R-HSA-481044;R-HSA-418581;R-HSA-140823;R-HSA-418579;R-HSA-430096;R-HSA-418576;R-HSA-354066;R-HSA-354077;R-HSA-158747;R-HSA-158744;R-HSA-140825;R-HSA-443418;R-HSA-354073;R-HSA-158750;R-HSA-354087;R-HSA-158756;R-HSA-140842;R-HSA-443439;R-HSA-377644;R-HSA-140840;R-HSA-435244;R-HSA-377641;R-HSA-158766;R-HSA-377640;R-HSA-377643;R-HSA-140851;R-HSA-140599;R-HSA-453183;R-HSA-426043;R-HSA-139842;R-HSA-158784;R-HSA-397891;R-HSA-354124;R-HSA-139854;R-HSA-453200;R-HSA-375133;R-HSA-375131;R-HSA-354149;R-HSA-429415;R-HSA-204392;R-HSA-994148;R-HSA-428909;R-HSA-879459;R-HSA-354165;R-HSA-428918;R-HSA-428917;R-HSA-994169;R-HSA-437118;R-HSA-114552;R-HSA-203130;R-HSA-114558;R-HSA-114563;R-HSA-418436;R-HSA-210304;R-HSA-429441;R-HSA-396941;R-HSA-428941;R-HSA-114577;R-HSA-392852;R-HSA-434836;R-HSA-9822734;R-HSA-996755;R-HSA-418456;R-HSA-392870;R-HSA-158118;R-HSA-139941;R-HSA-5694462;R-HSA-114600;R-HSA-158893;R-HSA-392874;R-HSA-443831;R-HSA-158137;R-HSA-140736;R-HSA-396996;R-HSA-9724753;R-HSA-428750;R-HSA-5635741;R-HSA-392143;R-HSA-8948034;R-HSA-8870732;R-HSA-428749;R-HSA-9823065;R-HSA-140748;R-HSA-158925;R-HSA-372693;R-HSA-9822532;R-HSA-8869206;R-HSA-202704;R-HSA-482772;R-HSA-983259;R-HSA-482770;R-HSA-428752;R-HSA-372697;R-HSA-158942;R-HSA-392152;R-HSA-9724745;R-HSA-9822539;R-HSA-429529;R-HSA-158941;R-HSA-140769;R-HSA-372705;R-HSA-2870221;R-HSA-432096;R-HSA-202724;R-HSA-481007;R-HSA-432110;R-HSA-140777;R-HSA-140783;R-HSA-983266;R-HSA-114671;R-HSA-114670;R-HSA-481010;R-HSA-481009;R-HSA-430076;R-HSA-114683;R-HSA-392187;R-HSA-430073;R-HSA-432121"
R-HSA-109581,"Apoptosis",7,193,0.012348048624440179,0.9996987306457346,0.9996987306457346,24,142,0.009466666666666667,9606,Homo sapiens,"19232;33442;12387;18107;1879;95120;28061","","R-HSA-211715;R-HSA-139906;R-HSA-114307;R-HSA-114306;R-HSA-9627350;R-HSA-141156;R-HSA-114440;R-HSA-350319;R-HSA-350318;R-HSA-3371359;R-HSA-9627106;R-HSA-9627107;R-HSA-114419;R-HSA-9627104;R-HSA-139952;R-HSA-114354;R-HSA-9627078;R-HSA-141367;R-HSA-114361;R-HSA-114392;R-HSA-139899;R-HSA-202969;R-HSA-3465448;R-HSA-201628"
R-HSA-5653656,"Vesicle-mediated transport",56,829,0.053039027511196414,0.9997040119240462,0.9997040119240462,156,252,0.0168,9606,Homo sapiens,"27607;17202;17368;15344;16113;17285;16552;16551;72772;26756;27647;57589;2700;28136;88405;15940;17409;76308;2904;51209;4208;34306;68449;40410;17254;28822;95120;1547;35546;2676;32398;15996;15761;15882;6456;2495;2691;28115;16217;15600;15768;17750;17113;64023;66682;68505;28645;27999;31882;16509;27470;27592;27551;53014;27596;87247;87248;16347;176435","","R-HSA-8868230;R-HSA-1445143;R-HSA-6814831;R-HSA-8868236;R-HSA-1445149;R-HSA-8877451;R-HSA-6814833;R-HSA-8876191;R-HSA-2316347;R-HSA-2168889;R-HSA-8876190;R-HSA-8854173;R-HSA-8876188;R-HSA-2316349;R-HSA-8876454;R-HSA-2187264;R-HSA-6807877;R-HSA-2187266;R-HSA-1458485;R-HSA-6807875;R-HSA-8877475;R-HSA-8876193;R-HSA-6807872;R-HSA-8877998;R-HSA-8867756;R-HSA-2197770;R-HSA-8867754;R-HSA-190519;R-HSA-432688;R-HSA-2299677;R-HSA-8847544;R-HSA-6811431;R-HSA-8849350;R-HSA-6811429;R-HSA-6811428;R-HSA-6811427;R-HSA-432706;R-HSA-6811426;R-HSA-432707;R-HSA-8854209;R-HSA-6811425;R-HSA-8877760;R-HSA-8854222;R-HSA-432712;R-HSA-8849353;R-HSA-6811433;R-HSA-8866269;R-HSA-6807868;R-HSA-8866268;R-HSA-6807866;R-HSA-6807864;R-HSA-8868071;R-HSA-8866279;R-HSA-8866277;R-HSA-3221843;R-HSA-2316352;R-HSA-8863471;R-HSA-2507854;R-HSA-8854255;R-HSA-5694527;R-HSA-8856813;R-HSA-5694522;R-HSA-8866283;R-HSA-8868072;R-HSA-190829;R-HSA-8856808;R-HSA-6811415;R-HSA-6811414;R-HSA-8877813;R-HSA-6811412;R-HSA-2173778;R-HSA-6811411;R-HSA-2247511;R-HSA-2203479;R-HSA-1454689;R-HSA-6811423;R-HSA-8877311;R-HSA-2247514;R-HSA-6811422;R-HSA-2203480;R-HSA-2247512;R-HSA-8877308;R-HSA-2247513;R-HSA-6811418;R-HSA-1454699;R-HSA-6811417;R-HSA-5694423;R-HSA-5694418;R-HSA-8847875;R-HSA-2512800;R-HSA-5694417;R-HSA-8847887;R-HSA-8847883;R-HSA-5694425;R-HSA-8847880;R-HSA-8847638;R-HSA-8847637;R-HSA-8847635;R-HSA-8871196;R-HSA-8871194;R-HSA-2981040;R-HSA-8871193;R-HSA-5694409;R-HSA-8876837;R-HSA-6814671;R-HSA-6814670;R-HSA-8877612;R-HSA-8868651;R-HSA-2197645;R-HSA-8868648;R-HSA-2197646;R-HSA-5694439;R-HSA-8875318;R-HSA-6814678;R-HSA-8868661;R-HSA-8868660;R-HSA-196017;R-HSA-6814676;R-HSA-8868659;R-HSA-6814675;R-HSA-8868658;R-HSA-6814674;R-HSA-5694446;R-HSA-196026;R-HSA-8869438;R-HSA-5694445;R-HSA-6814684;R-HSA-434362;R-HSA-6814683;R-HSA-6814682;R-HSA-8854329;R-HSA-5694441;R-HSA-8875320;R-HSA-8876615;R-HSA-421831;R-HSA-203973;R-HSA-6809006;R-HSA-421836;R-HSA-5333658;R-HSA-8854604;R-HSA-6809003;R-HSA-2255342;R-HSA-421835;R-HSA-2255343;R-HSA-8876616;R-HSA-421833;R-HSA-8862280;R-HSA-6809015;R-HSA-6809014;R-HSA-8849748;R-HSA-6809011;R-HSA-6809010;R-HSA-190682;R-HSA-2187261;R-HSA-204008;R-HSA-429815"
R-HSA-9758941,"Gastrulation",6,177,0.011324376199616123,0.9997047859099782,0.9997047859099782,36,104,0.006933333333333333,9606,Homo sapiens,"33442;1387;89963;12387;16104;15367","","R-HSA-9756948;R-HSA-9759892;R-HSA-9761173;R-HSA-9825555;R-HSA-9761170;R-HSA-9835473;R-HSA-9834897;R-HSA-452353;R-HSA-9793887;R-HSA-9793375;R-HSA-9824222;R-HSA-9824472;R-HSA-9835266;R-HSA-9793921;R-HSA-9824268;R-HSA-9796300;R-HSA-9761166;R-HSA-9754191;R-HSA-9824266;R-HSA-9756724;R-HSA-9835252;R-HSA-9754480;R-HSA-9823729;R-HSA-9759920;R-HSA-9759859;R-HSA-452331;R-HSA-9793400;R-HSA-9825275;R-HSA-9758501;R-HSA-9793383;R-HSA-9793382;R-HSA-9761186;R-HSA-9824236;R-HSA-9823849;R-HSA-480378;R-HSA-9835496"
R-HSA-9711123,"Cellular response to chemical stress",14,301,0.01925783749200256,0.9997569731280346,0.9997569731280346,70,173,0.011533333333333333,9606,Homo sapiens,"17992;17351;10072;16474;28867;27637;28364;16827;27432;33442;1387;176466;17710;16856","","R-HSA-9761812;R-HSA-9761815;R-HSA-400143;R-HSA-8932355;R-HSA-163214;R-HSA-9759364;R-HSA-9760128;R-HSA-9761846;R-HSA-9762096;R-HSA-9761841;R-HSA-6799695;R-HSA-9761849;R-HSA-9761828;R-HSA-9759141;R-HSA-3323013;R-HSA-9761836;R-HSA-9762093;R-HSA-9755306;R-HSA-9762091;R-HSA-9796055;R-HSA-9796054;R-HSA-9796049;R-HSA-9796048;R-HSA-9760081;R-HSA-9796051;R-HSA-9759186;R-HSA-9760082;R-HSA-9796050;R-HSA-9796061;R-HSA-9796060;R-HSA-9709406;R-HSA-9796057;R-HSA-9796059;R-HSA-9796058;R-HSA-9796039;R-HSA-9796045;R-HSA-9796044;R-HSA-9796040;R-HSA-9796043;R-HSA-9796042;R-HSA-9796084;R-HSA-6807557;R-HSA-9796080;R-HSA-9796082;R-HSA-3343700;R-HSA-3341397;R-HSA-9760125;R-HSA-9760122;R-HSA-8932327;R-HSA-9796069;R-HSA-9759332;R-HSA-9708517;R-HSA-9796068;R-HSA-9796071;R-HSA-9760103;R-HSA-9796070;R-HSA-9796065;R-HSA-9796064;R-HSA-9760097;R-HSA-3323079;R-HSA-9760099;R-HSA-9796066;R-HSA-9796077;R-HSA-9708525;R-HSA-9796076;R-HSA-9796079;R-HSA-1222376;R-HSA-9796075;R-HSA-76031;R-HSA-9796074"
R-HSA-69275,"G2/M Transition",8,212,0.013563659628918746,0.9997602592140811,0.9997602592140811,24,78,0.0052,9606,Homo sapiens,"27373;181620;15366;33442;16586;27389;33033;176466;28924","","R-HSA-380455;R-HSA-3000335;R-HSA-380294;R-HSA-8854052;R-HSA-8854051;R-HSA-8852354;R-HSA-380303;R-HSA-170126;R-HSA-8853419;R-HSA-4088305;R-HSA-8854071;R-HSA-3000319;R-HSA-380311;R-HSA-380272;R-HSA-3002811;R-HSA-2574845;R-HSA-8853405;R-HSA-3000310;R-HSA-8854044;R-HSA-8854041;R-HSA-380283;R-HSA-3000339;R-HSA-2574840;R-HSA-8853496"
R-HSA-72163,"mRNA Splicing - Major Pathway",8,213,0.01362763915547025,0.9997768917450367,0.9997768917450367,10,10,6.666666666666666E-4,9606,Homo sapiens,"9410;28364;75062;28053;30838;32826;19229;32636","","R-HSA-9770132;R-HSA-9770119;R-HSA-9770129;R-HSA-9770145;R-HSA-9770131;R-HSA-9770141;R-HSA-9770236;R-HSA-9770847;R-HSA-9772351;R-HSA-9770142"
R-HSA-9006925,"Intracellular signaling by second messengers",19,372,0.02380038387715931,0.9997780351384371,0.9997780351384371,19,116,0.007733333333333333,9606,Homo sapiens,"17750;16440;104011;17362;17154;17254;34154;18183;68329;28320;113;3347;33442;87986;34496;16238;15963;6801;68441;83490","","R-HSA-8944104;R-HSA-8944457;R-HSA-6807077;R-HSA-8857925;R-HSA-167686;R-HSA-8948800;R-HSA-8944099;R-HSA-8944454;R-HSA-199443;R-HSA-169683;R-HSA-2316434;R-HSA-169680;R-HSA-111955;R-HSA-198640;R-HSA-111956;R-HSA-8850992;R-HSA-6811504;R-HSA-2317332;R-HSA-111930"
R-HSA-453274,"Mitotic G2-G2/M phases",8,214,0.013691618682021752,0.9997923996816406,0.9997923996816406,24,80,0.005333333333333333,9606,Homo sapiens,"27373;181620;15366;33442;16586;27389;33033;176466;28924","","R-HSA-380455;R-HSA-3000335;R-HSA-380294;R-HSA-8854052;R-HSA-8854051;R-HSA-8852354;R-HSA-380303;R-HSA-170126;R-HSA-8853419;R-HSA-4088305;R-HSA-8854071;R-HSA-3000319;R-HSA-380311;R-HSA-380272;R-HSA-3002811;R-HSA-2574845;R-HSA-8853405;R-HSA-3000310;R-HSA-8854044;R-HSA-8854041;R-HSA-380283;R-HSA-3000339;R-HSA-2574840;R-HSA-8853496"
R-HSA-8852276,"The role of GTSE1 in G2/M progression after G2 checkpoint",1,83,0.005310300703774792,0.9997939051467449,0.9997939051467449,1,10,6.666666666666666E-4,9606,Homo sapiens,"33442","","R-HSA-8852354"
R-HSA-162906,"HIV Infection",11,260,0.016634676903390915,0.9997943840478859,0.9997943840478859,58,160,0.010666666666666666,9606,Homo sapiens,"17981;33442;32365;32354;88735;28822;9150;17759;86366;7936;18107","","R-HSA-182279;R-HSA-180622;R-HSA-182286;R-HSA-167181;R-HSA-167191;R-HSA-167192;R-HSA-167196;R-HSA-167197;R-HSA-9613490;R-HSA-167459;R-HSA-167072;R-HSA-167076;R-HSA-167077;R-HSA-9613498;R-HSA-167083;R-HSA-167087;R-HSA-167084;R-HSA-167468;R-HSA-167085;R-HSA-167090;R-HSA-167474;R-HSA-165043;R-HSA-167478;R-HSA-165047;R-HSA-167477;R-HSA-167098;R-HSA-167481;R-HSA-167097;R-HSA-167484;R-HSA-167234;R-HSA-167235;R-HSA-167111;R-HSA-167115;R-HSA-167113;R-HSA-167118;R-HSA-167117;R-HSA-170706;R-HSA-170704;R-HSA-167121;R-HSA-167130;R-HSA-167128;R-HSA-167134;R-HSA-180573;R-HSA-167133;R-HSA-162914;R-HSA-167136;R-HSA-180710;R-HSA-167147;R-HSA-167150;R-HSA-167148;R-HSA-167282;R-HSA-167153;R-HSA-182263;R-HSA-167284;R-HSA-180603;R-HSA-167288;R-HSA-167292;R-HSA-180732"
R-HSA-2871809,"FCERI mediated Ca+2 mobilization",3,129,0.008253358925143953,0.9998128433440714,0.9998128433440714,6,11,7.333333333333333E-4,9606,Homo sapiens,"16440;3347;18019","","R-HSA-169683;R-HSA-2730888;R-HSA-169680;R-HSA-2730847;R-HSA-2730849;R-HSA-2730867"
R-HSA-2029485,"Role of phospholipids in phagocytosis",3,129,0.008253358925143953,0.9998128433440714,0.9998128433440714,6,12,8.0E-4,9606,Homo sapiens,"16440;3347;15354","","R-HSA-169683;R-HSA-2029471;R-HSA-169680;R-HSA-167686;R-HSA-2029272;R-HSA-2029268"
R-HSA-73854,"RNA Polymerase I Promoter Clearance",1,84,0.005374280230326296,0.999813989076749,0.999813989076749,3,10,6.666666666666666E-4,9606,Homo sapiens,"88735","","R-HSA-73769;R-HSA-74986;R-HSA-73758"
R-HSA-69306,"DNA Replication",5,168,0.010748560460652591,0.9998425503177588,0.9998425503177588,11,58,0.0038666666666666667,9606,Homo sapiens,"176131;33442;31967;176466;31835","","R-HSA-68946;R-HSA-68948;R-HSA-69015;R-HSA-69063;R-HSA-68825;R-HSA-68712;R-HSA-69016;R-HSA-69053;R-HSA-176942;R-HSA-69068;R-HSA-176956"
R-HSA-73864,"RNA Polymerase I Transcription",1,86,0.0055022392834293025,0.999848479128836,0.999848479128836,6,14,9.333333333333333E-4,9606,Homo sapiens,"88735","","R-HSA-74993;R-HSA-74992;R-HSA-74994;R-HSA-73769;R-HSA-74986;R-HSA-73758"
R-HSA-446203,"Asparagine N-linked glycosylation",23,433,0.027703134996801024,0.9998508610429392,0.9998508610429392,49,145,0.009666666666666667,9606,Homo sapiens,"17750;27607;66682;18347;15761;17254;16199;32063;25863;26756;16082;31882;28493;32796;27592;27551;27596;12387;76308;27480;85253;4208;28171","","R-HSA-5694423;R-HSA-5694418;R-HSA-8853379;R-HSA-5694417;R-HSA-6814831;R-HSA-5694425;R-HSA-964737;R-HSA-6814833;R-HSA-5694409;R-HSA-901036;R-HSA-6807877;R-HSA-901039;R-HSA-6807875;R-HSA-8850594;R-HSA-6807872;R-HSA-6787533;R-HSA-901024;R-HSA-9909159;R-HSA-5694439;R-HSA-6787540;R-HSA-5694446;R-HSA-5693807;R-HSA-6782685;R-HSA-5694445;R-HSA-5694441;R-HSA-203973;R-HSA-975814;R-HSA-6809006;R-HSA-6809003;R-HSA-532678;R-HSA-6809015;R-HSA-964830;R-HSA-6809014;R-HSA-6809011;R-HSA-6809010;R-HSA-964825;R-HSA-6807868;R-HSA-6807866;R-HSA-6807864;R-HSA-8867288;R-HSA-4085217;R-HSA-901074;R-HSA-5694527;R-HSA-204008;R-HSA-5694522;R-HSA-446185;R-HSA-446194;R-HSA-446202;R-HSA-446200"
R-HSA-9012999,"RHO GTPase cycle",25,460,0.02943058221369162,0.9998545820266619,0.9998545820266619,40,91,0.006066666666666666,9606,Homo sapiens,"8776;15487;15365;28833;28716;27647;26078;87753;15864;17409;19229;85470;32425;50619;16283;17973;19232;40410;28865;16509;16827;28087;32398;16349;88458","","R-HSA-9018766;R-HSA-9014467;R-HSA-8981637;R-HSA-9018758;R-HSA-9013145;R-HSA-9013144;R-HSA-9014296;R-HSA-9014424;R-HSA-9018778;R-HSA-9693125;R-HSA-9013023;R-HSA-9714691;R-HSA-9013022;R-HSA-9013009;R-HSA-9696266;R-HSA-9017488;R-HSA-8980691;R-HSA-9696271;R-HSA-9693198;R-HSA-9013143;R-HSA-9014295;R-HSA-9696268;R-HSA-9014294;R-HSA-9013161;R-HSA-9018794;R-HSA-9714481;R-HSA-9013024;R-HSA-9017507;R-HSA-9018787;R-HSA-9013157;R-HSA-9690493;R-HSA-9013159;R-HSA-9018808;R-HSA-9018746;R-HSA-9691174;R-HSA-9013438;R-HSA-9013109;R-HSA-9013111;R-HSA-9013110;R-HSA-9018806"
R-HSA-5683057,"MAPK family signaling cascades",19,380,0.02431222008957134,0.999859845689429,0.999859845689429,32,122,0.008133333333333333,9606,Homo sapiens,"104011;89087;17263;17362;17254;18183;3561;16040;2668;16828;33442;2676;17418;5778;17409;2904;30314;30754;15714;29073","","R-HSA-5674132;R-HSA-5672980;R-HSA-5674130;R-HSA-5672978;R-HSA-9635739;R-HSA-5674140;R-HSA-9635743;R-HSA-5675417;R-HSA-9657603;R-HSA-5672966;R-HSA-5672965;R-HSA-5674373;R-HSA-9657606;R-HSA-5672960;R-HSA-5672961;R-HSA-5672972;R-HSA-9657608;R-HSA-5672973;R-HSA-5687112;R-HSA-9658445;R-HSA-5672969;R-HSA-5672950;R-HSA-5672951;R-HSA-9653108;R-HSA-5658430;R-HSA-5672958;R-HSA-5674366;R-HSA-5672957;R-HSA-9657599;R-HSA-5675194;R-HSA-5675431;R-HSA-5675433"
R-HSA-1257604,"PIP3 activates AKT signaling",15,325,0.020793346129238645,0.9998673475347984,0.9998673475347984,13,88,0.005866666666666667,9606,Homo sapiens,"17750;104011;17362;17154;17254;34154;18183;28320;33442;87986;34496;16238;15963;6801;68441;83490","","R-HSA-8944104;R-HSA-8944457;R-HSA-6807077;R-HSA-8857925;R-HSA-8948800;R-HSA-8944099;R-HSA-8944454;R-HSA-199443;R-HSA-2316434;R-HSA-198640;R-HSA-8850992;R-HSA-6811504;R-HSA-2317332"
R-HSA-5173105,"O-linked glycosylation",3,133,0.008509277031349969,0.9998686818364689,0.9998686818364689,18,27,0.0018,9606,Homo sapiens,"17200;4582;86612","","R-HSA-5694487;R-HSA-977071;R-HSA-5173005;R-HSA-1964505;R-HSA-5173192;R-HSA-913675;R-HSA-1964501;R-HSA-914017;R-HSA-914018;R-HSA-914012;R-HSA-914008;R-HSA-914010;R-HSA-981497;R-HSA-914005;R-HSA-981814;R-HSA-914006;R-HSA-6786012;R-HSA-981809"
R-HSA-69481,"G2/M Checkpoints",4,153,0.009788867562380038,0.9998773421630496,0.9998773421630496,5,24,0.0016,9606,Homo sapiens,"33678;176131;33442;95120","","R-HSA-6799332;R-HSA-8852354;R-HSA-176101;R-HSA-75016;R-HSA-176264"
R-HSA-9842860,"Regulation of endogenous retroelements",2,113,0.007229686500319897,0.9998804343685427,0.9998804343685427,9,17,0.0011333333333333334,9606,Homo sapiens,"31575;17409","","R-HSA-9844006;R-HSA-9843990;R-HSA-9843927;R-HSA-9844015;R-HSA-9844716;R-HSA-9845308;R-HSA-9727450;R-HSA-9844057;R-HSA-9843993"
R-HSA-2559580,"Oxidative Stress Induced Senescence",2,113,0.007229686500319897,0.9998804343685427,0.9998804343685427,6,40,0.0026666666666666666,9606,Homo sapiens,"90000;29073","","R-HSA-450292;R-HSA-450325;R-HSA-3222546;R-HSA-3222533;R-HSA-3238999;R-HSA-450333"
R-HSA-1912422,"Pre-NOTCH Expression and Processing",2,113,0.007229686500319897,0.9998804343685427,0.9998804343685427,4,38,0.002533333333333333,9606,Homo sapiens,"1387;89963","","R-HSA-1912415;R-HSA-9017835;R-HSA-4395227;R-HSA-1912416"
R-HSA-68867,"Assembly of the pre-replicative complex",2,113,0.007229686500319897,0.9998804343685427,0.9998804343685427,2,23,0.0015333333333333334,9606,Homo sapiens,"33442;31835","","R-HSA-68825;R-HSA-68712"
R-HSA-9018677,"Biosynthesis of DHA-derived SPMs",1,89,0.0056941778630838135,0.9998886085173614,0.9998886085173614,2,58,0.0038666666666666667,9606,Homo sapiens,"1387;87998","","R-HSA-9020274;R-HSA-9024983"
R-HSA-3247509,"Chromatin modifying enzymes",10,254,0.016250799744081893,0.9998893595349216,0.9998893595349216,14,85,0.005666666666666667,9606,Homo sapiens,"2668;2700;30531;2676;1387;34496;88811;17409;23774;2691","","R-HSA-5637686;R-HSA-5159245;R-HSA-5244692;R-HSA-3318486;R-HSA-3321975;R-HSA-3782655;R-HSA-3697008;R-HSA-3321883;R-HSA-5661116;R-HSA-4754181;R-HSA-8865237;R-HSA-5661120;R-HSA-3321805;R-HSA-4724279"
R-HSA-4839726,"Chromatin organization",10,254,0.016250799744081893,0.9998893595349216,0.9998893595349216,14,85,0.005666666666666667,9606,Homo sapiens,"2668;2700;30531;2676;1387;34496;88811;17409;23774;2691","","R-HSA-5637686;R-HSA-5159245;R-HSA-5244692;R-HSA-3318486;R-HSA-3321975;R-HSA-3782655;R-HSA-3697008;R-HSA-3321883;R-HSA-5661116;R-HSA-4754181;R-HSA-8865237;R-HSA-5661120;R-HSA-3321805;R-HSA-4724279"
R-HSA-72203,"Processing of Capped Intron-Containing Pre-mRNA",13,299,0.01912987843889955,0.9998896884045797,0.9998896884045797,31,34,0.002266666666666667,9606,Homo sapiens,"17981;9410;30838;27781;28364;75062;28053;32365;32354;17759;32826;19229;32636","","R-HSA-9770132;R-HSA-8849157;R-HSA-9770129;R-HSA-159046;R-HSA-9770131;R-HSA-75079;R-HSA-9770141;R-HSA-159050;R-HSA-75081;R-HSA-75080;R-HSA-9770847;R-HSA-75083;R-HSA-9770142;R-HSA-75082;R-HSA-111439;R-HSA-9770119;R-HSA-77587;R-HSA-158481;R-HSA-158484;R-HSA-75097;R-HSA-75096;R-HSA-75098;R-HSA-77594;R-HSA-72231;R-HSA-72103;R-HSA-9770236;R-HSA-9772351;R-HSA-158441;R-HSA-158447;R-HSA-9770145;R-HSA-72180"
R-HSA-9635486,"Infection with Mycobacterium tuberculosis",3,135,0.008637236084452975,0.9998900708258529,0.9998900708258529,3,73,0.004866666666666667,9606,Homo sapiens,"17533;17154;16856","","R-HSA-9637699;R-HSA-9637605;R-HSA-1500817"
R-HSA-72172,"mRNA Splicing",8,224,0.014331413947536788,0.9998997501558239,0.9998997501558239,15,15,0.001,9606,Homo sapiens,"9410;28364;75062;28053;30838;32826;19229;32636","","R-HSA-9770132;R-HSA-9770129;R-HSA-9770131;R-HSA-75079;R-HSA-9770141;R-HSA-75081;R-HSA-9770236;R-HSA-75080;R-HSA-9770847;R-HSA-9772351;R-HSA-75083;R-HSA-9770142;R-HSA-75082;R-HSA-9770119;R-HSA-9770145"
R-HSA-381119,"Unfolded Protein Response (UPR)",4,156,0.009980806142034549,0.9999048607963226,0.9999048607963226,4,99,0.0066,9606,Homo sapiens,"28661;87614;174634;2904","","R-HSA-1791163;R-HSA-381111;R-HSA-517731;R-HSA-381128"
R-HSA-9658195,"Leishmania infection",13,302,0.019321817018554063,0.9999092645521662,0.9999092645521662,26,95,0.006333333333333333,9606,Homo sapiens,"16176;16440;25858;16175;17973;28666;16827;113;3347;88528;88522;17409;16335","","R-HSA-9660819;R-HSA-2029466;R-HSA-392129;R-HSA-9664278;R-HSA-1861595;R-HSA-9666458;R-HSA-9660824;R-HSA-9660829;R-HSA-9660828;R-HSA-169683;R-HSA-9673794;R-HSA-169680;R-HSA-9673797;R-HSA-266012;R-HSA-2197691;R-HSA-2197690;R-HSA-9664271;R-HSA-2197698;R-HSA-163617;R-HSA-449058;R-HSA-202407;R-HSA-442592;R-HSA-448703;R-HSA-266046;R-HSA-111930;R-HSA-2029473"
R-HSA-9824443,"Parasitic Infection Pathways",13,302,0.019321817018554063,0.9999092645521662,0.9999092645521662,26,95,0.006333333333333333,9606,Homo sapiens,"16176;16440;25858;16175;17973;28666;16827;113;3347;88528;88522;17409;16335","","R-HSA-9660819;R-HSA-2029466;R-HSA-392129;R-HSA-9664278;R-HSA-1861595;R-HSA-9666458;R-HSA-9660824;R-HSA-9660829;R-HSA-9660828;R-HSA-169683;R-HSA-9673794;R-HSA-169680;R-HSA-9673797;R-HSA-266012;R-HSA-2197691;R-HSA-2197690;R-HSA-9664271;R-HSA-2197698;R-HSA-163617;R-HSA-449058;R-HSA-202407;R-HSA-442592;R-HSA-448703;R-HSA-266046;R-HSA-111930;R-HSA-2029473"
R-HSA-2029480,"Fcgamma receptor (FCGR) dependent phagocytosis",6,193,0.012348048624440179,0.9999145699613285,0.9999145699613285,15,42,0.0028,9606,Homo sapiens,"16440;17973;3347;16543;15354;17409","","R-HSA-2029471;R-HSA-2197698;R-HSA-2029466;R-HSA-167686;R-HSA-442592;R-HSA-2029272;R-HSA-1861595;R-HSA-2029268;R-HSA-2029456;R-HSA-169683;R-HSA-169680;R-HSA-2197691;R-HSA-2029476;R-HSA-2197690;R-HSA-2029473"
R-HSA-157118,"Signaling by NOTCH",10,258,0.016506717850287907,0.9999162840496495,0.9999162840496495,67,154,0.010266666666666667,9606,Homo sapiens,"86507;16450;33442;18132;1387;88811;176466;89963;50613;18128","","R-HSA-9021451;R-HSA-9021450;R-HSA-1980061;R-HSA-9021325;R-HSA-9604629;R-HSA-2976551;R-HSA-4396371;R-HSA-1980047;R-HSA-1980044;R-HSA-9016861;R-HSA-2127285;R-HSA-4395227;R-HSA-4396379;R-HSA-2197562;R-HSA-4396382;R-HSA-2197564;R-HSA-9013652;R-HSA-2976563;R-HSA-9021480;R-HSA-9018538;R-HSA-9016751;R-HSA-9018542;R-HSA-9604664;R-HSA-2172172;R-HSA-9021478;R-HSA-9604642;R-HSA-1980078;R-HSA-9013693;R-HSA-1980074;R-HSA-9013567;R-HSA-1980067;R-HSA-1980065;R-HSA-9017398;R-HSA-157629;R-HSA-1912415;R-HSA-157632;R-HSA-9013069;R-HSA-9013711;R-HSA-157124;R-HSA-9013568;R-HSA-2976742;R-HSA-9604446;R-HSA-1852623;R-HSA-1912393;R-HSA-9604550;R-HSA-1912394;R-HSA-9021406;R-HSA-1912388;R-HSA-1912391;R-HSA-9604553;R-HSA-1912385;R-HSA-9016916;R-HSA-2976716;R-HSA-9017835;R-HSA-9604471;R-HSA-9604606;R-HSA-9021412;R-HSA-9604451;R-HSA-9014141;R-HSA-1980138;R-HSA-2197588;R-HSA-9013631;R-HSA-4396347;R-HSA-9014129;R-HSA-9013488;R-HSA-2976726;R-HSA-1912416"
R-HSA-983231,"Factors involved in megakaryocyte development and platelet production",6,194,0.012412028150991683,0.9999210281302066,0.9999210281302066,7,43,0.0028666666666666667,9606,Homo sapiens,"16552;16551;17409;15741;16104;26756","","R-HSA-984606;R-HSA-983259;R-HSA-994169;R-HSA-994148;R-HSA-996755;R-HSA-983266;R-HSA-879459"
R-HSA-8878171,"Transcriptional regulation by RUNX1",10,259,0.016570697376839413,0.9999219463109732,0.9999219463109732,37,132,0.0088,9606,Homo sapiens,"2700;33442;1387;28426;2691;30314;30852;15978;18019;16070","","R-HSA-8937097;R-HSA-8938251;R-HSA-8937037;R-HSA-8938382;R-HSA-8877391;R-HSA-8865546;R-HSA-8877192;R-HSA-8937050;R-HSA-8877396;R-HSA-8957265;R-HSA-8936979;R-HSA-8877338;R-HSA-8938965;R-HSA-9006422;R-HSA-8936616;R-HSA-8877414;R-HSA-8877348;R-HSA-8938987;R-HSA-8936621;R-HSA-8877345;R-HSA-8938913;R-HSA-8936481;R-HSA-8877421;R-HSA-8936995;R-HSA-8938981;R-HSA-8877879;R-HSA-8937016;R-HSA-8938938;R-HSA-8877493;R-HSA-8935740;R-HSA-8877490;R-HSA-8877884;R-HSA-8935731;R-HSA-8936628;R-HSA-8938228;R-HSA-8877369;R-HSA-8938231"
R-HSA-877300,"Interferon gamma signaling",5,177,0.011324376199616123,0.9999241346242957,0.9999241346242957,17,23,0.0015333333333333334,9606,Homo sapiens,"16828;16243;16269;15978;21557","","R-HSA-9689680;R-HSA-9732753;R-HSA-9734547;R-HSA-873924;R-HSA-873927;R-HSA-873926;R-HSA-1031716;R-HSA-873921;R-HSA-9732729;R-HSA-873922;R-HSA-877308;R-HSA-873919;R-HSA-9678561;R-HSA-873918;R-HSA-9732738;R-HSA-877269;R-HSA-909552"
R-HSA-1500620,"Meiosis",1,93,0.005950095969289827,0.9999260988455018,0.9999260988455018,1,16,0.0010666666666666667,9606,Homo sapiens,"17290","","R-HSA-912408"
R-HSA-2467813,"Separation of Sister Chromatids",6,195,0.012476007677543186,0.9999270070722449,0.9999270070722449,5,8,5.333333333333334E-4,9606,Homo sapiens,"17981;33442;27389;33033;31835;86553","","R-HSA-174144;R-HSA-2467809;R-HSA-2467811;R-HSA-174202;R-HSA-174121"
R-HSA-68877,"Mitotic Prometaphase",7,212,0.013563659628918746,0.999927560770699,0.999927560770699,12,25,0.0016666666666666668,9606,Homo sapiens,"17981;27373;181620;28478;16586;27389;33033;86553","","R-HSA-9648114;R-HSA-9647746;R-HSA-9648017;R-HSA-375302;R-HSA-2484822;R-HSA-380316;R-HSA-380508;R-HSA-1638803;R-HSA-9648089;R-HSA-2468287;R-HSA-1638821;R-HSA-9853385"
R-HSA-5633007,"Regulation of TP53 Activity",5,178,0.011388355726167627,0.9999300887401202,0.9999300887401202,9,97,0.006466666666666667,9606,Homo sapiens,"1547;33678;176131;91315;23774","","R-HSA-3222128;R-HSA-6805126;R-HSA-6805638;R-HSA-6799332;R-HSA-6805620;R-HSA-6805122;R-HSA-6805650;R-HSA-6805470;R-HSA-6805640"
R-HSA-69242,"S Phase",5,179,0.01145233525271913,0.9999355830942839,0.9999355830942839,14,55,0.0036666666666666666,9606,Homo sapiens,"176131;33442;31967;176466;31835","","R-HSA-187552;R-HSA-69063;R-HSA-176942;R-HSA-69068;R-HSA-75825;R-HSA-68946;R-HSA-187574;R-HSA-68948;R-HSA-187575;R-HSA-69015;R-HSA-69016;R-HSA-187545;R-HSA-69053;R-HSA-176956"
R-HSA-9664323,"FCGR3A-mediated IL10 synthesis",3,141,0.009021113243761996,0.9999356653330222,0.9999356653330222,6,20,0.0013333333333333333,9606,Homo sapiens,"16440;113;3347","","R-HSA-169683;R-HSA-169680;R-HSA-202407;R-HSA-9664278;R-HSA-111930;R-HSA-9664271"
R-HSA-68882,"Mitotic Anaphase",9,249,0.015930902111324377,0.9999480374823626,0.9999480374823626,9,32,0.0021333333333333334,9606,Homo sapiens,"17981;33442;27389;32354;17154;33033;16349;31835;86553","","R-HSA-174144;R-HSA-9667952;R-HSA-2467809;R-HSA-2467811;R-HSA-174202;R-HSA-9634219;R-HSA-9634169;R-HSA-174121;R-HSA-2995376"
R-HSA-9759194,"Nuclear events mediated by NFE2L2",3,144,0.009213051823416507,0.9999508463032,0.9999508463032,54,85,0.005666666666666667,9606,Homo sapiens,"33442;1387;176466","","R-HSA-9761812;R-HSA-9761815;R-HSA-9759364;R-HSA-9760128;R-HSA-9761846;R-HSA-9762096;R-HSA-9761841;R-HSA-9761849;R-HSA-9761828;R-HSA-9759141;R-HSA-9761836;R-HSA-9762093;R-HSA-9762091;R-HSA-9796055;R-HSA-9796054;R-HSA-9796049;R-HSA-9796048;R-HSA-9760081;R-HSA-9796051;R-HSA-9759186;R-HSA-9760082;R-HSA-9796050;R-HSA-9796061;R-HSA-9796060;R-HSA-9796057;R-HSA-9796059;R-HSA-9796058;R-HSA-9796039;R-HSA-9796045;R-HSA-9796044;R-HSA-9796040;R-HSA-9796043;R-HSA-9796042;R-HSA-9796084;R-HSA-9796080;R-HSA-9796082;R-HSA-9760125;R-HSA-9760122;R-HSA-9796069;R-HSA-9759332;R-HSA-9796068;R-HSA-9796071;R-HSA-9760103;R-HSA-9796070;R-HSA-9796065;R-HSA-9796064;R-HSA-9760097;R-HSA-9760099;R-HSA-9796066;R-HSA-9796077;R-HSA-9796076;R-HSA-9796079;R-HSA-9796075;R-HSA-9796074"
R-HSA-2555396,"Mitotic Metaphase and Anaphase",9,250,0.01599488163787588,0.9999516788143397,0.9999516788143397,9,33,0.0022,9606,Homo sapiens,"17981;33442;27389;32354;17154;33033;16349;31835;86553","","R-HSA-174144;R-HSA-9667952;R-HSA-2467809;R-HSA-2467811;R-HSA-174202;R-HSA-9634219;R-HSA-9634169;R-HSA-174121;R-HSA-2995376"
R-HSA-2454202,"Fc epsilon receptor (FCERI) signaling",8,235,0.015035188739603326,0.9999556553287345,0.9999556553287345,14,65,0.004333333333333333,9606,Homo sapiens,"16440;28320;3347;33442;176466;18019;29073;28924","","R-HSA-2730888;R-HSA-5607728;R-HSA-2730860;R-HSA-2730849;R-HSA-2730848;R-HSA-169683;R-HSA-169680;R-HSA-450292;R-HSA-450325;R-HSA-2730842;R-HSA-2730847;R-HSA-5607724;R-HSA-2730867;R-HSA-2730870"
R-HSA-9679191,"Potential therapeutics for SARS",4,168,0.010748560460652591,0.9999659022237508,0.9999659022237508,4,36,0.0024,9606,Homo sapiens,"17973;16243;16259;15966","","R-HSA-9678561;R-HSA-9684068;R-HSA-9691421;R-HSA-9678749"
R-HSA-69206,"G1/S Transition",3,150,0.009596928982725527,0.9999713757979956,0.9999713757979956,5,61,0.004066666666666666,9606,Homo sapiens,"33442;176466;41941","","R-HSA-187552;R-HSA-187574;R-HSA-187575;R-HSA-8961934;R-HSA-187545"
R-HSA-909733,"Interferon alpha/beta signaling",2,129,0.008253358925143953,0.9999738748482342,0.9999738748482342,1,25,0.0016666666666666668,9606,Homo sapiens,"16269;21557","","R-HSA-1015702"
R-HSA-983712,"Ion channel transport",6,209,0.013371721049264235,0.9999760536478445,0.9999760536478445,10,51,0.0034,9606,Homo sapiens,"16828;17775;15964;nan;71062;15966","","R-HSA-8863494;R-HSA-2682349;R-HSA-2671885;R-HSA-9650165;R-HSA-9684068;R-HSA-3295579;R-HSA-947591;R-HSA-2872497;R-HSA-939763;R-HSA-936897"
R-HSA-69002,"DNA Replication Pre-Initiation",2,131,0.00838131797824696,0.9999784224087738,0.9999784224087738,2,32,0.0021333333333333334,9606,Homo sapiens,"33442;31835","","R-HSA-68825;R-HSA-68712"
R-HSA-8939236,"RUNX1 regulates transcription of genes involved in differentiation of HSCs",1,105,0.0067178502879078695,0.9999784338042869,0.9999784338042869,1,15,0.001,9606,Homo sapiens,"33442","","R-HSA-8957265"
R-HSA-983169,"Class I MHC mediated antigen processing & presentation",19,412,0.02635956493921945,0.9999792921857765,0.9999792921857765,24,48,0.0032,9606,Homo sapiens,"28918;17533;30838;16410;37035;16474;28921;17261;16040;28924;16827;33442;32111;35420;16437;31835;176466;15996;16924","","R-HSA-983150;R-HSA-8951595;R-HSA-8951499;R-HSA-983147;R-HSA-983142;R-HSA-1236955;R-HSA-983140;R-HSA-1236958;R-HSA-8863914;R-HSA-1236956;R-HSA-983424;R-HSA-8863895;R-HSA-983422;R-HSA-1236935;R-HSA-8863858;R-HSA-1236967;R-HSA-983161;R-HSA-1236970;R-HSA-1236939;R-HSA-983157;R-HSA-983156;R-HSA-1236940;R-HSA-983152;R-HSA-1236941"
R-HSA-453279,"Mitotic G1 phase and G1/S transition",4,174,0.011132437619961612,0.9999796989147539,0.9999796989147539,21,101,0.006733333333333333,9606,Homo sapiens,"28279;33442;176466;41941","","R-HSA-187552;R-HSA-8964588;R-HSA-8964525;R-HSA-1227671;R-HSA-1363314;R-HSA-8961934;R-HSA-8978926;R-HSA-8964513;R-HSA-1362270;R-HSA-8964580;R-HSA-8964550;R-HSA-187574;R-HSA-1363328;R-HSA-187575;R-HSA-1363331;R-HSA-8964561;R-HSA-187545;R-HSA-1363311;R-HSA-1226095;R-HSA-1363274;R-HSA-8964567"
R-HSA-2168880,"Scavenging of heme from plasma",1,106,0.006781829814459373,0.9999805382566171,0.9999805382566171,1,12,8.0E-4,9606,Homo sapiens,"16113","","R-HSA-2168889"
R-HSA-5687128,"MAPK6/MAPK4 signaling",1,106,0.006781829814459373,0.9999805382566171,0.9999805382566171,1,40,0.0026666666666666666,9606,Homo sapiens,"33442","","R-HSA-5687112"
R-HSA-9610379,"HCMV Late Events",4,175,0.011196417146513116,0.9999813859995201,0.9999813859995201,2,19,0.0012666666666666666,9606,Homo sapiens,"17981;32365;32354;17759","","R-HSA-9636128;R-HSA-9629004"
R-HSA-2730905,"Role of LAT2/NTAL/LAB on calcium mobilization",1,107,0.006845809341010876,0.9999824374704128,0.9999824374704128,4,7,4.6666666666666666E-4,9606,Homo sapiens,"28320","","R-HSA-2730842;R-HSA-2730860;R-HSA-2730848;R-HSA-2730870"
R-HSA-422475,"Axon guidance",31,579,0.037044145873320534,0.9999826027739736,0.9999826027739736,108,295,0.019666666666666666,9606,Homo sapiens,"16330;17200;9349;15882;15783;16410;6456;20912;28671;2668;28197;27389;6128;87732;17409;2904;17973;17196;38397;28320;27470;2676;34114;3347;33442;35420;15854;88458;17418;89884;30314;68440;32635","","R-HSA-3928627;R-HSA-3928628;R-HSA-593690;R-HSA-3928623;R-HSA-3928602;R-HSA-418850;R-HSA-3928607;R-HSA-622382;R-HSA-3928604;R-HSA-3928595;R-HSA-392749;R-HSA-392748;R-HSA-392751;R-HSA-418858;R-HSA-418856;R-HSA-555065;R-HSA-3928584;R-HSA-392752;R-HSA-418865;R-HSA-399934;R-HSA-399935;R-HSA-3928578;R-HSA-399933;R-HSA-418874;R-HSA-399930;R-HSA-3928583;R-HSA-399931;R-HSA-399928;R-HSA-8854981;R-HSA-399941;R-HSA-376134;R-HSA-8855747;R-HSA-399939;R-HSA-399951;R-HSA-399946;R-HSA-399947;R-HSA-399944;R-HSA-8855508;R-HSA-428885;R-HSA-399952;R-HSA-8853734;R-HSA-375151;R-HSA-375144;R-HSA-8853737;R-HSA-3928651;R-HSA-3928648;R-HSA-3928654;R-HSA-8853745;R-HSA-3928642;R-HSA-8853755;R-HSA-8853753;R-HSA-3928645;R-HSA-443783;R-HSA-443780;R-HSA-443778;R-HSA-8853762;R-HSA-443779;R-HSA-374669;R-HSA-8853774;R-HSA-445071;R-HSA-8855564;R-HSA-445069;R-HSA-443784;R-HSA-374677;R-HSA-445079;R-HSA-445076;R-HSA-445077;R-HSA-374673;R-HSA-374672;R-HSA-374675;R-HSA-8853789;R-HSA-445084;R-HSA-374686;R-HSA-374681;R-HSA-374680;R-HSA-374683;R-HSA-8853793;R-HSA-4093336;R-HSA-8853792;R-HSA-445089;R-HSA-374696;R-HSA-8853800;R-HSA-443817;R-HSA-4093327;R-HSA-416698;R-HSA-8855617;R-HSA-9011289;R-HSA-373716;R-HSA-428511;R-HSA-9014610;R-HSA-9010539;R-HSA-9010541;R-HSA-428515;R-HSA-437230;R-HSA-8855915;R-HSA-373736;R-HSA-9011300;R-HSA-373739;R-HSA-428535;R-HSA-8854899;R-HSA-437234;R-HSA-9014652;R-HSA-428531;R-HSA-8854897;R-HSA-9011313;R-HSA-8854908;R-HSA-437243;R-HSA-8854905"
R-HSA-157579,"Telomere Maintenance",1,108,0.00690978886756238,0.9999841514504092,0.9999841514504092,4,34,0.002266666666666667,9606,Homo sapiens,"176131","","R-HSA-174439;R-HSA-9668902;R-HSA-174452;R-HSA-174447"
R-HSA-1430728,"Metabolism",315,3766,0.24094689699296226,0.9999842124540204,0.9999842124540204,764,2341,0.15606666666666666,9606,Homo sapiens,"24813;16196;8776;30817;17285;18132;16750;16199;16870;36002;17160;4170;172509;27647;21547;86507;2668;113;30021;47013;55328;16995;18139;21553;17973;65136;16521;18385;30805;15793;16881;18145;28867;17172;28623;32797;32796;16525;35704;28061;17026;17268;15882;15761;17263;15760;16057;28834;17380;29009;189724;17140;31697;25682;28279;6128;15887;5832;16973;4866;17821;16737;83493;17823;16856;18127;17154;41001;34154;28600;17151;27637;29016;15533;17710;15539;17712;17126;17368;70997;17482;19660;17363;18332;26756;32643;28493;17927;28499;34146;87998;28498;17802;955;17924;16716;18102;18344;17377;16285;17252;17254;46234;17490;27732;28946;28940;1387;34496;15996;16962;68440;15999;32635;17933;15960;16135;48765;3219;16939;35699;32980;28115;15843;8228;16259;17347;16814;15724;17596;17113;16384;17597;68465;38397;17351;17594;17474;28009;16709;28364;16708;16828;16827;34114;1606;32978;16704;16946;17685;16235;9349;16113;16112;16474;17562;50392;2700;15947;88765;88522;15940;17688;17568;27480;4208;16000;17697;64564;16244;24786;78277;2710;32398;35420;17336;15956;17579;16330;16450;27905;15366;15487;15486;9008;133686;36062;42504;28671;27584;15929;30768;15367;16335;67042;17310;16583;25858;17553;16581;16345;16344;183911;28689;27470;2611;422;28324;17439;5445;18408;16469;39567;31967;16347;30754;30753;37946;15811;21347;16796;15344;2198;18295;30860;33216;32365;30746;16797;15901;2869;17768;17405;34306;16440;17895;17775;17533;15355;15354;17650;2089;28666;33442;32354;46195;17898;16208;1427;16207;16891;17981;65101;16410;16530;17066;18397;17509;28871;17748;16414;16534;17864;17750;17992;17196;16422;4047;28645;27432;84532;15699;17759;36378;43580;15698;17754;30831","","R-HSA-209921;R-HSA-211968;R-HSA-1482771;R-HSA-71691;R-HSA-5340251;R-HSA-1655826;R-HSA-70666;R-HSA-211983;R-HSA-1655828;R-HSA-9638046;R-HSA-9840795;R-HSA-6806647;R-HSA-211991;R-HSA-1368065;R-HSA-211988;R-HSA-444433;R-HSA-200729;R-HSA-209944;R-HSA-8955030;R-HSA-9638064;R-HSA-212007;R-HSA-5691507;R-HSA-212005;R-HSA-141348;R-HSA-212004;R-HSA-6814797;R-HSA-209960;R-HSA-159790;R-HSA-188467;R-HSA-1655848;R-HSA-8853686;R-HSA-189488;R-HSA-1655850;R-HSA-400434;R-HSA-209973;R-HSA-71735;R-HSA-109624;R-HSA-1655843;R-HSA-2090079;R-HSA-140355;R-HSA-70723;R-HSA-73794;R-HSA-2408551;R-HSA-2408544;R-HSA-140359;R-HSA-2408546;R-HSA-3065959;R-HSA-1482847;R-HSA-6814766;R-HSA-8853710;R-HSA-6813740;R-HSA-8848585;R-HSA-2161775;R-HSA-6801462;R-HSA-390224;R-HSA-9013471;R-HSA-1482828;R-HSA-6814778;R-HSA-1655879;R-HSA-1482825;R-HSA-1989758;R-HSA-1989759;R-HSA-879724;R-HSA-1989756;R-HSA-1989757;R-HSA-1989754;R-HSA-1989755;R-HSA-164967;R-HSA-9705713;R-HSA-804969;R-HSA-2187332;R-HSA-1989752;R-HSA-109671;R-HSA-9705714;R-HSA-1989753;R-HSA-1989750;R-HSA-2408525;R-HSA-1989751;R-HSA-1989748;R-HSA-1989749;R-HSA-1989746;R-HSA-1989747;R-HSA-75887;R-HSA-143468;R-HSA-1989745;R-HSA-1605736;R-HSA-194674;R-HSA-2408532;R-HSA-5340195;R-HSA-70773;R-HSA-194678;R-HSA-2408529;R-HSA-2408540;R-HSA-1482862;R-HSA-1630306;R-HSA-2408543;R-HSA-2408537;R-HSA-1482856;R-HSA-390276;R-HSA-1482900;R-HSA-158849;R-HSA-9902096;R-HSA-1482897;R-HSA-390284;R-HSA-2046101;R-HSA-2046100;R-HSA-1989778;R-HSA-390281;R-HSA-1989779;R-HSA-9034756;R-HSA-2046098;R-HSA-1989776;R-HSA-508040;R-HSA-1989777;R-HSA-1989774;R-HSA-2046095;R-HSA-1989775;R-HSA-2046094;R-HSA-1989772;R-HSA-1482884;R-HSA-1989773;R-HSA-1989770;R-HSA-1989771;R-HSA-2046090;R-HSA-1989768;R-HSA-390291;R-HSA-2046088;R-HSA-2248891;R-HSA-1989767;R-HSA-1989764;R-HSA-196761;R-HSA-2046085;R-HSA-1989765;R-HSA-390302;R-HSA-1989762;R-HSA-2046083;R-HSA-6787321;R-HSA-1989760;R-HSA-428185;R-HSA-1989761;R-HSA-6788295;R-HSA-165026;R-HSA-8952873;R-HSA-5678327;R-HSA-8951850;R-HSA-2161794;R-HSA-1482932;R-HSA-2161795;R-HSA-217255;R-HSA-390304;R-HSA-9027628;R-HSA-6809793;R-HSA-5693681;R-HSA-71849;R-HSA-217258;R-HSA-5693691;R-HSA-213175;R-HSA-6809810;R-HSA-2161814;R-HSA-73912;R-HSA-6799581;R-HSA-1237160;R-HSA-70844;R-HSA-1482920;R-HSA-109759;R-HSA-2046175;R-HSA-73920;R-HSA-8936519;R-HSA-8857686;R-HSA-2160884;R-HSA-3323111;R-HSA-6786239;R-HSA-1793217;R-HSA-2160892;R-HSA-9717834;R-HSA-6799545;R-HSA-70881;R-HSA-2025724;R-HSA-3159253;R-HSA-2025723;R-HSA-3204311;R-HSA-1483004;R-HSA-3159259;R-HSA-70893;R-HSA-3204318;R-HSA-70899;R-HSA-6806674;R-HSA-70903;R-HSA-1482976;R-HSA-2317530;R-HSA-2046180;R-HSA-2046239;R-HSA-5693783;R-HSA-9011595;R-HSA-9865630;R-HSA-2993447;R-HSA-2161964;R-HSA-6809975;R-HSA-2046222;R-HSA-825631;R-HSA-508189;R-HSA-5653878;R-HSA-5164399;R-HSA-174374;R-HSA-2046265;R-HSA-5653886;R-HSA-9865663;R-HSA-9025957;R-HSA-9861563;R-HSA-169260;R-HSA-2160915;R-HSA-8952251;R-HSA-169270;R-HSA-2161940;R-HSA-70967;R-HSA-174389;R-HSA-482621;R-HSA-6806877;R-HSA-174392;R-HSA-482619;R-HSA-2161948;R-HSA-8862137;R-HSA-6809944;R-HSA-2066782;R-HSA-8871366;R-HSA-2066781;R-HSA-517444;R-HSA-174401;R-HSA-2046298;R-HSA-1483089;R-HSA-197963;R-HSA-5693724;R-HSA-8870346;R-HSA-109903;R-HSA-1483096;R-HSA-964958;R-HSA-560473;R-HSA-2046285;R-HSA-9026007;R-HSA-9024983;R-HSA-9026006;R-HSA-8954327;R-HSA-5696822;R-HSA-5693751;R-HSA-350567;R-HSA-71010;R-HSA-964970;R-HSA-1801587;R-HSA-9854463;R-HSA-964962;R-HSA-9861626;R-HSA-8959462;R-HSA-2161999;R-HSA-2855259;R-HSA-449911;R-HSA-9759206;R-HSA-8953339;R-HSA-9018874;R-HSA-75125;R-HSA-1483107;R-HSA-6807826;R-HSA-9759202;R-HSA-71031;R-HSA-9012721;R-HSA-5693742;R-HSA-1483116;R-HSA-9759209;R-HSA-2855252;R-HSA-1678694;R-HSA-6800870;R-HSA-1483159;R-HSA-176517;R-HSA-350604;R-HSA-880007;R-HSA-176521;R-HSA-163214;R-HSA-350600;R-HSA-560517;R-HSA-9661726;R-HSA-880002;R-HSA-8848663;R-HSA-1483142;R-HSA-8932633;R-HSA-508308;R-HSA-163217;R-HSA-202132;R-HSA-2424254;R-HSA-9661710;R-HSA-1483190;R-HSA-112033;R-HSA-977324;R-HSA-112034;R-HSA-1483186;R-HSA-264622;R-HSA-6788556;R-HSA-389550;R-HSA-193961;R-HSA-880033;R-HSA-193964;R-HSA-193965;R-HSA-5250531;R-HSA-9755937;R-HSA-422320;R-HSA-1483182;R-HSA-977333;R-HSA-880050;R-HSA-193981;R-HSA-1483222;R-HSA-74177;R-HSA-452036;R-HSA-74180;R-HSA-193995;R-HSA-193996;R-HSA-193997;R-HSA-2022860;R-HSA-6814132;R-HSA-6784436;R-HSA-6784434;R-HSA-2022856;R-HSA-2022851;R-HSA-176604;R-HSA-74207;R-HSA-9727349;R-HSA-194017;R-HSA-176609;R-HSA-74213;R-HSA-215526;R-HSA-194023;R-HSA-74215;R-HSA-191972;R-HSA-9727347;R-HSA-194025;R-HSA-389609;R-HSA-74220;R-HSA-191983;R-HSA-9661820;R-HSA-71155;R-HSA-389622;R-HSA-196086;R-HSA-176631;R-HSA-194036;R-HSA-9014641;R-HSA-2022887;R-HSA-9012597;R-HSA-77309;R-HSA-71164;R-HSA-9863531;R-HSA-74241;R-HSA-74242;R-HSA-71173;R-HSA-3301943;R-HSA-74247;R-HSA-74249;R-HSA-9025152;R-HSA-74248;R-HSA-9728664;R-HSA-74255;R-HSA-74258;R-HSA-5694018;R-HSA-71189;R-HSA-9028255;R-HSA-2022919;R-HSA-8954513;R-HSA-176664;R-HSA-164377;R-HSA-77338;R-HSA-193054;R-HSA-196126;R-HSA-77340;R-HSA-193052;R-HSA-8949399;R-HSA-199203;R-HSA-77345;R-HSA-199202;R-HSA-71200;R-HSA-5696119;R-HSA-1675836;R-HSA-193060;R-HSA-8943279;R-HSA-1675824;R-HSA-193064;R-HSA-2162187;R-HSA-193070;R-HSA-193068;R-HSA-71217;R-HSA-199219;R-HSA-389684;R-HSA-192051;R-HSA-2162194;R-HSA-193072;R-HSA-9865893;R-HSA-71218;R-HSA-193073;R-HSA-110141;R-HSA-5333615;R-HSA-192061;R-HSA-197186;R-HSA-76354;R-HSA-192065;R-HSA-6814254;R-HSA-193099;R-HSA-194121;R-HSA-193097;R-HSA-5693977;R-HSA-193101;R-HSA-194130;R-HSA-2395764;R-HSA-76373;R-HSA-8874705;R-HSA-5693967;R-HSA-8874718;R-HSA-71261;R-HSA-2395768;R-HSA-71260;R-HSA-5246478;R-HSA-76386;R-HSA-8869603;R-HSA-6807055;R-HSA-71275;R-HSA-163432;R-HSA-6807053;R-HSA-194153;R-HSA-76397;R-HSA-5661240;R-HSA-1675883;R-HSA-193143;R-HSA-71287;R-HSA-9856737;R-HSA-71286;R-HSA-399998;R-HSA-429694;R-HSA-192123;R-HSA-159358;R-HSA-399995;R-HSA-76416;R-HSA-197250;R-HSA-893583;R-HSA-8956427;R-HSA-6787811;R-HSA-429699;R-HSA-74372;R-HSA-3149494;R-HSA-1606288;R-HSA-112265;R-HSA-74376;R-HSA-194187;R-HSA-9018880;R-HSA-5693148;R-HSA-2024084;R-HSA-400012;R-HSA-76426;R-HSA-112266;R-HSA-2399913;R-HSA-428681;R-HSA-350869;R-HSA-893597;R-HSA-400023;R-HSA-893596;R-HSA-5652172;R-HSA-469659;R-HSA-5433074;R-HSA-1889981;R-HSA-8956458;R-HSA-429732;R-HSA-400037;R-HSA-429730;R-HSA-76453;R-HSA-1614524;R-HSA-893609;R-HSA-1889978;R-HSA-2993802;R-HSA-400046;R-HSA-381612;R-HSA-76456;R-HSA-2993799;R-HSA-2395784;R-HSA-6807242;R-HSA-2309773;R-HSA-1855154;R-HSA-8847912;R-HSA-350901;R-HSA-1606312;R-HSA-2024108;R-HSA-9841189;R-HSA-76466;R-HSA-429749;R-HSA-5652195;R-HSA-1247915;R-HSA-389821;R-HSA-2309787;R-HSA-400063;R-HSA-76472;R-HSA-2024100;R-HSA-76475;R-HSA-2993814;R-HSA-70333;R-HSA-9709098;R-HSA-1889955;R-HSA-2076383;R-HSA-139970;R-HSA-1449687;R-HSA-1675994;R-HSA-5696146;R-HSA-159431;R-HSA-389826;R-HSA-6786720;R-HSA-381644;R-HSA-6787757;R-HSA-3149563;R-HSA-2076371;R-HSA-1675988;R-HSA-169683;R-HSA-8938073;R-HSA-159443;R-HSA-169680;R-HSA-70355;R-HSA-3149539;R-HSA-8938076;R-HSA-1855177;R-HSA-200406;R-HSA-1855178;R-HSA-389842;R-HSA-70361;R-HSA-200410;R-HSA-1855174;R-HSA-400092;R-HSA-453337;R-HSA-109278;R-HSA-6797957;R-HSA-6797956;R-HSA-389862;R-HSA-190182;R-HSA-6797955;R-HSA-975594;R-HSA-400097;R-HSA-1614591;R-HSA-975593;R-HSA-1855222;R-HSA-109291;R-HSA-200424;R-HSA-8954468;R-HSA-1855218;R-HSA-2429643;R-HSA-6797961;R-HSA-8940134;R-HSA-1614583;R-HSA-1855213;R-HSA-975608;R-HSA-1855210;R-HSA-2076392;R-HSA-1855211;R-HSA-196350;R-HSA-3149518;R-HSA-3149519;R-HSA-2404133;R-HSA-9866132;R-HSA-2404134;R-HSA-975629;R-HSA-2404135;R-HSA-6799202;R-HSA-158468;R-HSA-2404131;R-HSA-3076905;R-HSA-2404140;R-HSA-400143;R-HSA-163595;R-HSA-3000103;R-HSA-5359451;R-HSA-2404142;R-HSA-2404137;R-HSA-9678749;R-HSA-381706;R-HSA-2404139;R-HSA-416530;R-HSA-2404144;R-HSA-70420;R-HSA-1614605;R-HSA-3000122;R-HSA-266012;R-HSA-8955794;R-HSA-2076419;R-HSA-3000112;R-HSA-975635;R-HSA-975633;R-HSA-9866164;R-HSA-372519;R-HSA-163617;R-HSA-9866162;R-HSA-1614654;R-HSA-3000074;R-HSA-164651;R-HSA-163625;R-HSA-6799179;R-HSA-203567;R-HSA-6799178;R-HSA-170796;R-HSA-203565;R-HSA-6799191;R-HSA-5692261;R-HSA-1482543;R-HSA-192315;R-HSA-6799197;R-HSA-266046;R-HSA-6799196;R-HSA-9036727;R-HSA-1614631;R-HSA-8851396;R-HSA-2076508;R-HSA-196417;R-HSA-1676124;R-HSA-109380;R-HSA-71495;R-HSA-174916;R-HSA-71496;R-HSA-209738;R-HSA-109387;R-HSA-1676114;R-HSA-8955844;R-HSA-73548;R-HSA-193362;R-HSA-5662471;R-HSA-174931;R-HSA-5662466;R-HSA-159574;R-HSA-8848338;R-HSA-192341;R-HSA-203611;R-HSA-191322;R-HSA-209754;R-HSA-5334794;R-HSA-203613;R-HSA-70494;R-HSA-353125;R-HSA-1676152;R-HSA-1482612;R-HSA-209760;R-HSA-3000137;R-HSA-8848355;R-HSA-209766;R-HSA-109415;R-HSA-209765;R-HSA-8942575;R-HSA-4167511;R-HSA-203625;R-HSA-4167509;R-HSA-8937442;R-HSA-175983;R-HSA-70510;R-HSA-209772;R-HSA-73585;R-HSA-175987;R-HSA-174963;R-HSA-6800149;R-HSA-71541;R-HSA-73589;R-HSA-174967;R-HSA-1482604;R-HSA-175993;R-HSA-1676133;R-HSA-73599;R-HSA-73598;R-HSA-8942344;R-HSA-1482647;R-HSA-209792;R-HSA-8963851;R-HSA-191366;R-HSA-6810594;R-HSA-109449;R-HSA-1482654;R-HSA-73608;R-HSA-9856794;R-HSA-203662;R-HSA-70542;R-HSA-141202;R-HSA-8963864;R-HSA-73616;R-HSA-141200;R-HSA-1482629;R-HSA-158609;R-HSA-191382;R-HSA-5693390;R-HSA-70555;R-HSA-209821;R-HSA-109470;R-HSA-211874;R-HSA-73632;R-HSA-1667005;R-HSA-71588;R-HSA-70569;R-HSA-8963872;R-HSA-211882;R-HSA-109480;R-HSA-211881;R-HSA-1482685;R-HSA-70577;R-HSA-1676203;R-HSA-209840;R-HSA-176054;R-HSA-1592238;R-HSA-1482656;R-HSA-209845;R-HSA-176059;R-HSA-9733973;R-HSA-8963913;R-HSA-211904;R-HSA-8963915;R-HSA-211910;R-HSA-200646;R-HSA-9733969;R-HSA-350147;R-HSA-199626;R-HSA-5696415;R-HSA-265166;R-HSA-350158;R-HSA-109514;R-HSA-211919;R-HSA-2423785;R-HSA-70606;R-HSA-209868;R-HSA-8848215;R-HSA-193491;R-HSA-1606602;R-HSA-6801328;R-HSA-211924;R-HSA-9733964;R-HSA-548818;R-HSA-211929;R-HSA-9866061;R-HSA-2076611;R-HSA-2161660;R-HSA-350168;R-HSA-5223313;R-HSA-1482696;R-HSA-1605624;R-HSA-901097;R-HSA-351201;R-HSA-3000263;R-HSA-351215;R-HSA-70634;R-HSA-211951;R-HSA-9906042;R-HSA-352232;R-HSA-71660;R-HSA-351208;R-HSA-211950;R-HSA-9866104;R-HSA-1878002;R-HSA-6783880;R-HSA-189421;R-HSA-1482745;R-HSA-211948;R-HSA-351210;R-HSA-350186;R-HSA-189425;R-HSA-211959;R-HSA-5693347;R-HSA-9906017;R-HSA-211962;R-HSA-9020274;R-HSA-211960;R-HSA-211966;R-HSA-8873850;R-HSA-70654;R-HSA-193533"
R-HSA-73886,"Chromosome Maintenance",2,135,0.008637236084452975,0.9999852905562487,0.9999852905562487,8,38,0.002533333333333333,9606,Homo sapiens,"176131;86553","","R-HSA-606349;R-HSA-174439;R-HSA-9668902;R-HSA-606287;R-HSA-174452;R-HSA-606289;R-HSA-174447;R-HSA-606326"
R-HSA-2029482,"Regulation of actin dynamics for phagocytic cup formation",3,158,0.010108765195137556,0.9999861450378337,0.9999861450378337,9,24,0.0016,9606,Homo sapiens,"17973;16543;17409","","R-HSA-2197698;R-HSA-2029466;R-HSA-442592;R-HSA-1861595;R-HSA-2197691;R-HSA-2029476;R-HSA-2197690;R-HSA-2029456;R-HSA-2029473"
R-HSA-983168,"Antigen processing: Ubiquitination & Proteasome degradation",12,315,0.02015355086372361,0.9999864460345385,0.9999864460345385,6,9,6.0E-4,9606,Homo sapiens,"28918;33442;32111;30838;37035;35420;28921;31835;176466;17261;16924;28924","","R-HSA-983150;R-HSA-983147;R-HSA-983157;R-HSA-983156;R-HSA-983140;R-HSA-983152"
R-HSA-9018678,"Biosynthesis of specialized proresolving mediators (SPMs)",3,159,0.01017274472168906,0.9999873508878637,0.9999873508878637,11,124,0.008266666666666667,9606,Homo sapiens,"28364;65136;87998;1387","","R-HSA-9018874;R-HSA-9027628;R-HSA-9028255;R-HSA-9025152;R-HSA-9018880;R-HSA-9020274;R-HSA-9025957;R-HSA-9026007;R-HSA-9024983;R-HSA-9026006;R-HSA-2161775"
R-HSA-2559583,"Cellular Senescence",5,199,0.0127319257837492,0.9999877511650836,0.9999877511650836,18,90,0.006,9606,Homo sapiens,"90000;16175;31835;15901;29073","","R-HSA-3790137;R-HSA-4568740;R-HSA-3222546;R-HSA-8979082;R-HSA-4568737;R-HSA-3238999;R-HSA-3790130;R-HSA-3797202;R-HSA-3788725;R-HSA-3788724;R-HSA-450292;R-HSA-450325;R-HSA-3222533;R-HSA-3797196;R-HSA-3788705;R-HSA-450333;R-HSA-3788708;R-HSA-3209165"
R-HSA-9816359,"Maternal to zygotic transition (MZT)",2,137,0.008765195137555982,0.9999878591199837,0.9999878591199837,3,46,0.0030666666666666668,9606,Homo sapiens,"30531;1387","","R-HSA-9822461;R-HSA-9816396;R-HSA-9818523"
R-HSA-9755511,"KEAP1-NFE2L2 pathway",4,181,0.011580294305822136,0.999988961028715,0.999988961028715,59,117,0.0078,9606,Homo sapiens,"33442;10072;1387;176466","","R-HSA-9761812;R-HSA-9761815;R-HSA-8932355;R-HSA-9759364;R-HSA-9760128;R-HSA-9761846;R-HSA-9762096;R-HSA-9761841;R-HSA-9761849;R-HSA-9761828;R-HSA-9759141;R-HSA-9761836;R-HSA-9762093;R-HSA-9755306;R-HSA-9762091;R-HSA-9796055;R-HSA-9796054;R-HSA-9796049;R-HSA-9796048;R-HSA-9760081;R-HSA-9796051;R-HSA-9759186;R-HSA-9760082;R-HSA-9796050;R-HSA-9796061;R-HSA-9796060;R-HSA-9796057;R-HSA-9796059;R-HSA-9796058;R-HSA-9796039;R-HSA-9796045;R-HSA-9796044;R-HSA-9796040;R-HSA-9796043;R-HSA-9796042;R-HSA-9796084;R-HSA-9796080;R-HSA-9796082;R-HSA-9760125;R-HSA-9760122;R-HSA-8932327;R-HSA-9796069;R-HSA-9759332;R-HSA-9708517;R-HSA-9796068;R-HSA-9796071;R-HSA-9760103;R-HSA-9796070;R-HSA-9796065;R-HSA-9796064;R-HSA-9760097;R-HSA-9760099;R-HSA-9796066;R-HSA-9796077;R-HSA-9708525;R-HSA-9796076;R-HSA-9796079;R-HSA-9796075;R-HSA-9796074"
R-HSA-977606,"Regulation of Complement cascade",2,139,0.008893154190658989,0.9999899812866664,0.9999899812866664,3,42,0.0028,9606,Homo sapiens,"86612;17458","","R-HSA-8853252;R-HSA-981621;R-HSA-8852874"
R-HSA-69620,"Cell Cycle Checkpoints",9,279,0.01785028790786948,0.9999944061060563,0.9999944061060563,12,56,0.0037333333333333333,9606,Homo sapiens,"17981;33678;176131;33442;27389;33033;31835;86553;95120","","R-HSA-69600;R-HSA-141409;R-HSA-6799332;R-HSA-8852354;R-HSA-141431;R-HSA-176101;R-HSA-75016;R-HSA-176264;R-HSA-141422;R-HSA-141423;R-HSA-141439;R-HSA-264458"
R-HSA-9824439,"Bacterial Infection Pathways",5,209,0.013371721049264235,0.9999947378792483,0.9999947378792483,9,152,0.010133333333333333,9606,Homo sapiens,"17533;17154;6456;12387;16856","","R-HSA-9637699;R-HSA-8876262;R-HSA-8876948;R-HSA-5336421;R-HSA-8876497;R-HSA-9637605;R-HSA-1500817;R-HSA-8876255;R-HSA-112333"
R-HSA-1474165,"Reproduction",2,146,0.009341010876519514,0.9999948939753263,0.9999948939753263,3,44,0.0029333333333333334,9606,Homo sapiens,"17026;17290","","R-HSA-2534359;R-HSA-2534388;R-HSA-912408"
R-HSA-9675108,"Nervous system development",32,615,0.03934740882917467,0.9999949377574471,0.9999949377574471,126,321,0.0214,9606,Homo sapiens,"16330;17200;9349;15882;15783;16410;6456;20912;28671;2668;28197;27389;6128;87732;17409;2904;17973;17196;38397;28320;27470;2676;34114;3347;33442;35420;15918;15854;88458;17418;89884;30314;68440;32635","","R-HSA-9621399;R-HSA-3928627;R-HSA-9621400;R-HSA-9621406;R-HSA-9621404;R-HSA-3928628;R-HSA-593690;R-HSA-3928623;R-HSA-3928602;R-HSA-418850;R-HSA-3928607;R-HSA-9614773;R-HSA-622382;R-HSA-3928604;R-HSA-9614778;R-HSA-3928595;R-HSA-392749;R-HSA-392748;R-HSA-392751;R-HSA-418858;R-HSA-418856;R-HSA-9621410;R-HSA-9621411;R-HSA-555065;R-HSA-3928584;R-HSA-392752;R-HSA-418865;R-HSA-399934;R-HSA-399935;R-HSA-3928578;R-HSA-399933;R-HSA-418874;R-HSA-399930;R-HSA-3928583;R-HSA-399931;R-HSA-399928;R-HSA-9619667;R-HSA-8854981;R-HSA-399941;R-HSA-376134;R-HSA-8855747;R-HSA-399939;R-HSA-399951;R-HSA-399946;R-HSA-399947;R-HSA-399944;R-HSA-9614787;R-HSA-9613760;R-HSA-8855508;R-HSA-428885;R-HSA-9614790;R-HSA-399952;R-HSA-9619657;R-HSA-8853734;R-HSA-9616116;R-HSA-375151;R-HSA-375144;R-HSA-8853737;R-HSA-3928651;R-HSA-3928648;R-HSA-3928654;R-HSA-8853745;R-HSA-3928642;R-HSA-8853755;R-HSA-8853753;R-HSA-3928645;R-HSA-443783;R-HSA-443780;R-HSA-9615638;R-HSA-443778;R-HSA-8853762;R-HSA-443779;R-HSA-374669;R-HSA-8853774;R-HSA-445071;R-HSA-8855564;R-HSA-445069;R-HSA-443784;R-HSA-374677;R-HSA-445079;R-HSA-445076;R-HSA-445077;R-HSA-374673;R-HSA-374672;R-HSA-374675;R-HSA-9615626;R-HSA-8853789;R-HSA-445084;R-HSA-374686;R-HSA-374681;R-HSA-374680;R-HSA-374683;R-HSA-8853793;R-HSA-4093336;R-HSA-8853792;R-HSA-445089;R-HSA-374696;R-HSA-8853800;R-HSA-443817;R-HSA-4093327;R-HSA-9618725;R-HSA-416698;R-HSA-8855617;R-HSA-9011289;R-HSA-373716;R-HSA-428511;R-HSA-9014610;R-HSA-9010539;R-HSA-9010541;R-HSA-428515;R-HSA-437230;R-HSA-8855915;R-HSA-9618559;R-HSA-373736;R-HSA-9011300;R-HSA-373739;R-HSA-428535;R-HSA-8854899;R-HSA-437234;R-HSA-9014652;R-HSA-428531;R-HSA-8854897;R-HSA-9011313;R-HSA-8854908;R-HSA-437243;R-HSA-8854905"
R-HSA-449147,"Signaling by Interleukins",35,658,0.04209852847088932,0.9999957135743005,0.9999957135743005,139,505,0.033666666666666664,9606,Homo sapiens,"90000;16176;16175;16196;16411;17164;16255;16199;3561;21803;26756;4170;176466;16556;5778;2904;19229;15768;4208;16440;16164;4582;19232;16168;18386;28924;27374;28320;32114;33442;87986;53014;15676;15978;29073","","R-HSA-6785895;R-HSA-452100;R-HSA-452097;R-HSA-8983425;R-HSA-8983424;R-HSA-450063;R-HSA-9750942;R-HSA-452108;R-HSA-8985988;R-HSA-447252;R-HSA-450325;R-HSA-450333;R-HSA-452122;R-HSA-913424;R-HSA-8963734;R-HSA-8950423;R-HSA-6786118;R-HSA-6783556;R-HSA-449058;R-HSA-508451;R-HSA-6786114;R-HSA-8952749;R-HSA-450337;R-HSA-6786124;R-HSA-450346;R-HSA-451895;R-HSA-9750946;R-HSA-9025969;R-HSA-8950448;R-HSA-445752;R-HSA-445753;R-HSA-507719;R-HSA-8950731;R-HSA-9750226;R-HSA-6786095;R-HSA-6786092;R-HSA-5684250;R-HSA-6783530;R-HSA-5684248;R-HSA-508247;R-HSA-8983003;R-HSA-450133;R-HSA-6786096;R-HSA-6786110;R-HSA-449115;R-HSA-8950504;R-HSA-451942;R-HSA-919404;R-HSA-6786050;R-HSA-508513;R-HSA-8983011;R-HSA-6786058;R-HSA-8950757;R-HSA-8952807;R-HSA-6786070;R-HSA-9006844;R-HSA-8950269;R-HSA-9008894;R-HSA-6785821;R-HSA-508282;R-HSA-6786072;R-HSA-8952823;R-HSA-6793958;R-HSA-912527;R-HSA-8983307;R-HSA-508292;R-HSA-8983309;R-HSA-6785762;R-HSA-446862;R-HSA-6789615;R-HSA-8983299;R-HSA-8983298;R-HSA-9006850;R-HSA-1295519;R-HSA-8983300;R-HSA-1295516;R-HSA-9006873;R-HSA-446868;R-HSA-447130;R-HSA-6788346;R-HSA-8983063;R-HSA-9006870;R-HSA-449958;R-HSA-8950057;R-HSA-209063;R-HSA-8985900;R-HSA-209061;R-HSA-1295540;R-HSA-446894;R-HSA-6789325;R-HSA-446634;R-HSA-9011748;R-HSA-9009700;R-HSA-8983335;R-HSA-8985914;R-HSA-446130;R-HSA-8950591;R-HSA-448703;R-HSA-5696490;R-HSA-449978;R-HSA-446648;R-HSA-8950583;R-HSA-8985929;R-HSA-8983371;R-HSA-8983374;R-HSA-6784160;R-HSA-6783670;R-HSA-8983384;R-HSA-913374;R-HSA-8950364;R-HSA-9006431;R-HSA-446684;R-HSA-8950354;R-HSA-8983378;R-HSA-446694;R-HSA-6790022;R-HSA-446692;R-HSA-8950634;R-HSA-168166;R-HSA-209125;R-HSA-6785165;R-HSA-8983394;R-HSA-446701;R-HSA-8981093;R-HSA-199917;R-HSA-1266684;R-HSA-453111;R-HSA-6790038;R-HSA-450292;R-HSA-6790036;R-HSA-6789524;R-HSA-453104;R-HSA-8950128;R-HSA-168184;R-HSA-199929;R-HSA-8985973;R-HSA-447226;R-HSA-452091;R-HSA-6790041"
R-HSA-913531,"Interferon Signaling",16,397,0.025399872040946896,0.9999967657003132,0.9999967657003132,34,119,0.007933333333333334,9606,Homo sapiens,"17981;16020;17973;16026;16243;21557;16828;32796;87614;32365;32354;17759;15532;16269;16027;15978","","R-HSA-9689680;R-HSA-9835411;R-HSA-9732753;R-HSA-9836435;R-HSA-9734547;R-HSA-873924;R-HSA-873927;R-HSA-873926;R-HSA-873921;R-HSA-873922;R-HSA-9732738;R-HSA-877269;R-HSA-1015702;R-HSA-1169395;R-HSA-1678843;R-HSA-9835189;R-HSA-1169394;R-HSA-1678842;R-HSA-9833973;R-HSA-1169398;R-HSA-1176059;R-HSA-1169403;R-HSA-1031716;R-HSA-1169402;R-HSA-1169405;R-HSA-9833723;R-HSA-9732729;R-HSA-1169406;R-HSA-877308;R-HSA-873919;R-HSA-9678561;R-HSA-873918;R-HSA-9835885;R-HSA-909552"
R-HSA-2871796,"FCERI mediated MAPK activation",1,124,0.007933461292386436,0.9999969377702373,0.9999969377702373,2,20,0.0013333333333333333,9606,Homo sapiens,"29073","","R-HSA-450292;R-HSA-450325"
R-HSA-3700989,"Transcriptional Regulation by TP53",22,486,0.03109404990403071,0.9999969967399289,0.9999969967399289,32,258,0.0172,9606,Homo sapiens,"17992;17685;176131;91315;9150;41941;23774;25722;95120;27637;1547;33678;1387;88735;91316;86366;68441;17710;7936;29073;1879;17405","","R-HSA-6797606;R-HSA-3222128;R-HSA-6799332;R-HSA-6803875;R-HSA-5632732;R-HSA-6797100;R-HSA-163214;R-HSA-6803946;R-HSA-6797993;R-HSA-5631941;R-HSA-6803892;R-HSA-6805620;R-HSA-6798004;R-HSA-6803890;R-HSA-6797616;R-HSA-6800816;R-HSA-6798268;R-HSA-6806394;R-HSA-6805126;R-HSA-6805638;R-HSA-6805122;R-HSA-6806412;R-HSA-6798282;R-HSA-6805640;R-HSA-5633441;R-HSA-6805650;R-HSA-380979;R-HSA-6797712;R-HSA-5632738;R-HSA-6803871;R-HSA-6805470;R-HSA-380927"
R-HSA-2871837,"FCERI mediated NF-kB activation",3,175,0.011196417146513116,0.999997082146025,0.999997082146025,2,19,0.0012666666666666666,9606,Homo sapiens,"33442;176466;28924","","R-HSA-5607728;R-HSA-5607724"
R-HSA-5688426,"Deubiquitination",9,289,0.018490083173384516,0.9999973937806771,0.9999973937806771,11,77,0.0051333333333333335,9606,Homo sapiens,"34975;37371;17126;33442;17847;15611;16556;15346;17409;21803","","R-HSA-5690870;R-HSA-688136;R-HSA-6781764;R-HSA-5689539;R-HSA-8869506;R-HSA-6781905;R-HSA-5665854;R-HSA-5665871;R-HSA-2179291;R-HSA-5689544;R-HSA-3640872"
R-HSA-9664407,"Parasite infection",2,157,0.010044785668586052,0.9999982378193011,0.9999982378193011,8,27,0.0018,9606,Homo sapiens,"17973;17409","","R-HSA-2197698;R-HSA-2029466;R-HSA-442592;R-HSA-1861595;R-HSA-9666458;R-HSA-2197691;R-HSA-2197690;R-HSA-2029473"
R-HSA-9664417,"Leishmania phagocytosis",2,157,0.010044785668586052,0.9999982378193011,0.9999982378193011,8,27,0.0018,9606,Homo sapiens,"17973;17409","","R-HSA-2197698;R-HSA-2029466;R-HSA-442592;R-HSA-1861595;R-HSA-9666458;R-HSA-2197691;R-HSA-2197690;R-HSA-2029473"
R-HSA-9664422,"FCGR3A-mediated phagocytosis",2,157,0.010044785668586052,0.9999982378193011,0.9999982378193011,8,27,0.0018,9606,Homo sapiens,"17973;17409","","R-HSA-2197698;R-HSA-2029466;R-HSA-442592;R-HSA-1861595;R-HSA-9666458;R-HSA-2197691;R-HSA-2197690;R-HSA-2029473"
R-HSA-5689880,"Ub-specific processing proteases",4,206,0.013179782469609725,0.9999987879669413,0.9999987879669413,3,40,0.0026666666666666666,9606,Homo sapiens,"34975;17126;33442;17847;15346","","R-HSA-6781764;R-HSA-5689539;R-HSA-3640872"
R-HSA-194315,"Signaling by Rho GTPases",37,708,0.04529750479846449,0.9999988009256129,0.9999988009256129,85,203,0.013533333333333333,9606,Homo sapiens,"16330;17981;8776;15487;15365;28833;28716;27647;16390;26078;27389;33033;87753;15864;17409;17347;19229;85470;32425;50619;16283;17973;19232;16543;40410;16422;28865;95120;30851;16509;16827;28087;32398;16349;88458;12387;86553","","R-HSA-5665751;R-HSA-2029466;R-HSA-9018766;R-HSA-5666129;R-HSA-5666001;R-HSA-75016;R-HSA-8981637;R-HSA-2029456;R-HSA-9018758;R-HSA-9013145;R-HSA-5625797;R-HSA-9013144;R-HSA-9014296;R-HSA-9014424;R-HSA-5625796;R-HSA-5665989;R-HSA-9018778;R-HSA-9013023;R-HSA-9714691;R-HSA-9013022;R-HSA-9013009;R-HSA-9696266;R-HSA-9017488;R-HSA-2197691;R-HSA-2197690;R-HSA-9696271;R-HSA-9693198;R-HSA-9013143;R-HSA-9014295;R-HSA-9696268;R-HSA-9014294;R-HSA-9013161;R-HSA-5625717;R-HSA-9018794;R-HSA-9714481;R-HSA-5672304;R-HSA-5666160;R-HSA-9013024;R-HSA-5668735;R-HSA-9017507;R-HSA-9018787;R-HSA-5668605;R-HSA-9013157;R-HSA-5625849;R-HSA-5668731;R-HSA-5665659;R-HSA-5625848;R-HSA-9013159;R-HSA-5666169;R-HSA-9018808;R-HSA-5665767;R-HSA-9691174;R-HSA-9013438;R-HSA-5668718;R-HSA-5668714;R-HSA-203070;R-HSA-9018806;R-HSA-2029473;R-HSA-5666070;R-HSA-5668629;R-HSA-5218827;R-HSA-5625745;R-HSA-5665809;R-HSA-9014467;R-HSA-5625883;R-HSA-9693125;R-HSA-5218841;R-HSA-8980691;R-HSA-5625870;R-HSA-5665802;R-HSA-5626507;R-HSA-5625738;R-HSA-2197698;R-HSA-442592;R-HSA-5665982;R-HSA-5625784;R-HSA-9690493;R-HSA-5669158;R-HSA-9626848;R-HSA-9018746;R-HSA-5625774;R-HSA-9013109;R-HSA-9013111;R-HSA-5666216;R-HSA-9013110"
R-HSA-556833,"Metabolism of lipids",101,1503,0.09616122840690979,0.9999989543491776,0.9999989543491776,286,981,0.0654,9606,Homo sapiens,"17685;17126;70997;15344;16796;8776;16113;18132;17363;16870;16474;172509;27647;50392;30860;86507;33216;28493;2700;34146;87998;16797;2869;34306;16000;16285;65136;16521;15355;15354;17252;17650;17490;28867;28666;2710;32398;28940;1387;34496;16525;15996;16962;17336;15956;1427;16207;17933;28061;16330;17026;17268;65101;15960;15487;15366;16135;15486;17263;17066;16057;28834;189724;25682;28871;27584;8228;15367;16973;17347;83493;67042;17823;16856;17113;17553;16581;16422;17351;4047;34154;28689;28364;16827;27432;28324;29016;5445;17759;18408;16469;15533;30754;17754;15539;32978","","R-HSA-1482771;R-HSA-9025152;R-HSA-5340251;R-HSA-1655826;R-HSA-1655828;R-HSA-9840795;R-HSA-1368065;R-HSA-9028255;R-HSA-444433;R-HSA-77338;R-HSA-209944;R-HSA-193054;R-HSA-196126;R-HSA-77340;R-HSA-193052;R-HSA-8949399;R-HSA-77345;R-HSA-5696119;R-HSA-1675836;R-HSA-193060;R-HSA-1675824;R-HSA-193064;R-HSA-6814797;R-HSA-193070;R-HSA-193068;R-HSA-188467;R-HSA-1655848;R-HSA-192051;R-HSA-193072;R-HSA-1655850;R-HSA-193073;R-HSA-1655843;R-HSA-192061;R-HSA-140355;R-HSA-192065;R-HSA-140359;R-HSA-1482847;R-HSA-6814254;R-HSA-6814766;R-HSA-193099;R-HSA-194121;R-HSA-6813740;R-HSA-193097;R-HSA-8848585;R-HSA-2161775;R-HSA-193101;R-HSA-194130;R-HSA-390224;R-HSA-1482828;R-HSA-6814778;R-HSA-1482825;R-HSA-1989758;R-HSA-1989759;R-HSA-879724;R-HSA-1989756;R-HSA-1989757;R-HSA-1989754;R-HSA-1989755;R-HSA-9705713;R-HSA-804969;R-HSA-1989752;R-HSA-9705714;R-HSA-1989753;R-HSA-1989750;R-HSA-6807055;R-HSA-1989751;R-HSA-1989748;R-HSA-163432;R-HSA-6807053;R-HSA-1989749;R-HSA-194153;R-HSA-1989746;R-HSA-1989747;R-HSA-75887;R-HSA-1989745;R-HSA-1605736;R-HSA-194674;R-HSA-1675883;R-HSA-5340195;R-HSA-194678;R-HSA-193143;R-HSA-429694;R-HSA-1482862;R-HSA-192123;R-HSA-1482856;R-HSA-390276;R-HSA-1482900;R-HSA-6787811;R-HSA-429699;R-HSA-1482897;R-HSA-1606288;R-HSA-390284;R-HSA-194187;R-HSA-9018880;R-HSA-2046101;R-HSA-2046100;R-HSA-1989778;R-HSA-390281;R-HSA-1989779;R-HSA-2046098;R-HSA-1989776;R-HSA-1989777;R-HSA-428681;R-HSA-1989774;R-HSA-2046095;R-HSA-1989775;R-HSA-2046094;R-HSA-1989772;R-HSA-1482884;R-HSA-1989773;R-HSA-1989770;R-HSA-1989771;R-HSA-2046090;R-HSA-1989768;R-HSA-390291;R-HSA-2046088;R-HSA-2248891;R-HSA-1989767;R-HSA-1989764;R-HSA-2046085;R-HSA-1989765;R-HSA-390302;R-HSA-1989762;R-HSA-2046083;R-HSA-469659;R-HSA-1989760;R-HSA-428185;R-HSA-1989761;R-HSA-165026;R-HSA-8952873;R-HSA-429732;R-HSA-8951850;R-HSA-2161794;R-HSA-1482932;R-HSA-2161795;R-HSA-429730;R-HSA-390304;R-HSA-9027628;R-HSA-6809793;R-HSA-6807242;R-HSA-2309773;R-HSA-8847912;R-HSA-1606312;R-HSA-9841189;R-HSA-6809810;R-HSA-2161814;R-HSA-2309787;R-HSA-73912;R-HSA-1482920;R-HSA-73920;R-HSA-1449687;R-HSA-1675994;R-HSA-159431;R-HSA-6786720;R-HSA-1675988;R-HSA-8857686;R-HSA-200406;R-HSA-200410;R-HSA-9717834;R-HSA-1483004;R-HSA-200424;R-HSA-1482976;R-HSA-2317530;R-HSA-196350;R-HSA-400143;R-HSA-163595;R-HSA-2161964;R-HSA-6809975;R-HSA-266012;R-HSA-372519;R-HSA-9025957;R-HSA-5692261;R-HSA-8952251;R-HSA-2161940;R-HSA-1482543;R-HSA-192315;R-HSA-266046;R-HSA-2161948;R-HSA-8862137;R-HSA-6809944;R-HSA-2066782;R-HSA-8871366;R-HSA-2066781;R-HSA-196417;R-HSA-1676124;R-HSA-1483089;R-HSA-209738;R-HSA-1676114;R-HSA-1483096;R-HSA-193362;R-HSA-560473;R-HSA-8848338;R-HSA-192341;R-HSA-191322;R-HSA-209754;R-HSA-5334794;R-HSA-9026007;R-HSA-9024983;R-HSA-9026006;R-HSA-5696822;R-HSA-5693751;R-HSA-1676152;R-HSA-1482612;R-HSA-71010;R-HSA-209760;R-HSA-8848355;R-HSA-209766;R-HSA-209765;R-HSA-1801587;R-HSA-8959462;R-HSA-2161999;R-HSA-9018874;R-HSA-1483107;R-HSA-71031;R-HSA-5693742;R-HSA-1482604;R-HSA-1483116;R-HSA-1676133;R-HSA-1483159;R-HSA-1482647;R-HSA-8963851;R-HSA-191366;R-HSA-6810594;R-HSA-1482654;R-HSA-560517;R-HSA-1483142;R-HSA-8963864;R-HSA-8932633;R-HSA-1482629;R-HSA-191382;R-HSA-5693390;R-HSA-1483190;R-HSA-1483186;R-HSA-8963872;R-HSA-264622;R-HSA-1482685;R-HSA-193961;R-HSA-193964;R-HSA-193965;R-HSA-1676203;R-HSA-5250531;R-HSA-9755937;R-HSA-1592238;R-HSA-1482656;R-HSA-209845;R-HSA-1483182;R-HSA-193981;R-HSA-1483222;R-HSA-74177;R-HSA-9733973;R-HSA-8963913;R-HSA-8963915;R-HSA-74180;R-HSA-9733969;R-HSA-350147;R-HSA-5696415;R-HSA-193995;R-HSA-350158;R-HSA-193996;R-HSA-193997;R-HSA-209868;R-HSA-8848215;R-HSA-193491;R-HSA-1606602;R-HSA-6814132;R-HSA-9733964;R-HSA-548818;R-HSA-2161660;R-HSA-350168;R-HSA-1482696;R-HSA-1605624;R-HSA-194017;R-HSA-194023;R-HSA-191972;R-HSA-194025;R-HSA-389609;R-HSA-191983;R-HSA-1482745;R-HSA-350186;R-HSA-389622;R-HSA-196086;R-HSA-194036;R-HSA-9020274;R-HSA-77309;R-HSA-8873850;R-HSA-193533"
R-HSA-9716542,"Signaling by Rho GTPases, Miro GTPases and RHOBTB3",38,724,0.046321177223288545,0.9999989647024109,0.9999989647024109,86,212,0.014133333333333333,9606,Homo sapiens,"16330;17981;8776;15487;15365;28833;28716;27647;16390;26078;27389;33033;87753;15864;17409;17347;19229;85470;51209;32425;50619;16283;17973;19232;16543;40410;16422;28865;95120;30851;16509;16827;28087;32398;16349;88458;12387;86553","","R-HSA-5665751;R-HSA-9706390;R-HSA-2029466;R-HSA-9018766;R-HSA-5666129;R-HSA-5666001;R-HSA-75016;R-HSA-8981637;R-HSA-2029456;R-HSA-9018758;R-HSA-9013145;R-HSA-5625797;R-HSA-9013144;R-HSA-9014296;R-HSA-9014424;R-HSA-5625796;R-HSA-5665989;R-HSA-9018778;R-HSA-9013023;R-HSA-9714691;R-HSA-9013022;R-HSA-9013009;R-HSA-9696266;R-HSA-9017488;R-HSA-2197691;R-HSA-2197690;R-HSA-9696271;R-HSA-9693198;R-HSA-9013143;R-HSA-9014295;R-HSA-9696268;R-HSA-9014294;R-HSA-9013161;R-HSA-5625717;R-HSA-9018794;R-HSA-9714481;R-HSA-5672304;R-HSA-5666160;R-HSA-9013024;R-HSA-5668735;R-HSA-9017507;R-HSA-9018787;R-HSA-5668605;R-HSA-9013157;R-HSA-5625849;R-HSA-5668731;R-HSA-5665659;R-HSA-5625848;R-HSA-9013159;R-HSA-5666169;R-HSA-9018808;R-HSA-5665767;R-HSA-9691174;R-HSA-9013438;R-HSA-5668718;R-HSA-5668714;R-HSA-203070;R-HSA-9018806;R-HSA-2029473;R-HSA-5666070;R-HSA-5668629;R-HSA-5218827;R-HSA-5625745;R-HSA-5665809;R-HSA-9014467;R-HSA-5625883;R-HSA-9693125;R-HSA-5218841;R-HSA-8980691;R-HSA-5625870;R-HSA-5665802;R-HSA-5626507;R-HSA-5625738;R-HSA-2197698;R-HSA-442592;R-HSA-5665982;R-HSA-5625784;R-HSA-9690493;R-HSA-5669158;R-HSA-9626848;R-HSA-9018746;R-HSA-5625774;R-HSA-9013109;R-HSA-9013111;R-HSA-5666216;R-HSA-9013110"
R-HSA-68886,"M Phase",16,416,0.026615483045425464,0.999999112731188,0.999999112731188,27,96,0.0064,9606,Homo sapiens,"17981;181620;16586;17154;45969;27373;33442;32365;32354;28478;27389;33033;16349;31835;17759;86553;76308","","R-HSA-174144;R-HSA-9648017;R-HSA-375302;R-HSA-2467809;R-HSA-5229194;R-HSA-2467811;R-HSA-2993898;R-HSA-1638803;R-HSA-9648089;R-HSA-2990880;R-HSA-2990882;R-HSA-9647746;R-HSA-380316;R-HSA-380508;R-HSA-2468287;R-HSA-2995376;R-HSA-9853385;R-HSA-2430533;R-HSA-9648114;R-HSA-9667952;R-HSA-9634169;R-HSA-174121;R-HSA-2484822;R-HSA-2172183;R-HSA-174202;R-HSA-9634219;R-HSA-1638821"
R-HSA-9609690,"HCMV Early Events",4,215,0.013755598208573257,0.9999994589617597,0.9999994589617597,2,12,8.0E-4,9606,Homo sapiens,"17981;32365;32354;17759","","R-HSA-9614369;R-HSA-9614367"
R-HSA-198933,"Immunoregulatory interactions between a Lymphoid and a non-Lymphoid cell",5,249,0.015930902111324377,0.999999834903008,0.999999834903008,8,44,0.0029333333333333334,9606,Homo sapiens,"10219;17285;15765;16643;15768","","R-HSA-8850326;R-HSA-5696356;R-HSA-8850356;R-HSA-5696357;R-HSA-199079;R-HSA-199062;R-HSA-5686625;R-HSA-198955"
R-HSA-9679506,"SARS-CoV Infections",24,572,0.03659628918746001,0.9999999202442313,0.9999999202442313,31,401,0.026733333333333335,9606,Homo sapiens,"17981;17361;189726;15903;32365;16259;16556;15966;64023;17973;18347;17196;17154;16243;95120;28946;9908;32354;1387;36751;17759;32636;68440;15756;32635","","R-HSA-9729232;R-HSA-9729500;R-HSA-9759709;R-HSA-9698265;R-HSA-9708889;R-HSA-9691421;R-HSA-9678749;R-HSA-9694364;R-HSA-9686790;R-HSA-9758529;R-HSA-9694661;R-HSA-9687435;R-HSA-9756494;R-HSA-9768142;R-HSA-9683663;R-HSA-9697423;R-HSA-9729481;R-HSA-9730505;R-HSA-9694579;R-HSA-191786;R-HSA-9683769;R-HSA-9729279;R-HSA-9699007;R-HSA-9729849;R-HSA-9694718;R-HSA-9678561;R-HSA-9684068;R-HSA-168184;R-HSA-9727919;R-HSA-9686061;R-HSA-9698988"
R-HSA-162582,"Signal Transduction",231,3054,0.19539347408829175,0.9999999418149735,0.9999999418149735,935,2572,0.17146666666666666,9606,Homo sapiens,"16196;8776;30817;15783;18132;17164;27647;86507;2668;113;17847;16995;19229;18019;15670;71018;17973;19232;30805;18386;71012;41941;28865;2676;86971;35704;18357;17026;17263;15882;17385;28833;28834;2691;28832;17261;28716;371;33070;25682;88700;6801;16973;83490;15768;32425;104011;73218;7476;17154;34154;36210;141;16509;88811;12387;16628;18128;90000;68434;16032;17126;70997;17362;3561;16390;17927;26078;34146;87753;15864;2904;70989;51209;18344;16284;16283;17252;17254;18101;17490;34372;27974;27732;68329;16040;95120;1387;87986;34496;17814;68441;27708;2495;28116;15729;15728;15727;32980;27389;33033;15963;17347;85470;17351;28364;16828;16827;3347;15854;15611;86553;1606;30314;17200;17201;17202;17203;181620;16113;16474;19065;2700;88528;16238;88522;15940;5778;85253;4208;16000;16002;27373;32398;35420;180306;89963;17336;15714;16330;16450;15366;15487;15365;3387;21803;42504;27584;86369;30768;15367;16335;86366;50613;1879;17306;25858;50619;16581;16586;28320;27470;422;16349;16469;30754;37371;16796;15344;18053;53460;85057;176466;31835;15346;17409;15901;2869;16440;89087;40410;15355;16322;17650;18183;178081;28666;1547;28661;30851;32111;33442;89649;84634;15918;17418;89884;17898;29073;17981;16410;18397;6456;28875;28871;53486;53487;35619;17750;17992;16543;16422;28087;27432;27551;88458;43580;17754","","R-HSA-178178;R-HSA-5654614;R-HSA-114688;R-HSA-3858491;R-HSA-5654615;R-HSA-5654612;R-HSA-8937613;R-HSA-9613460;R-HSA-1562641;R-HSA-5654608;R-HSA-141316;R-HSA-380930;R-HSA-3858482;R-HSA-5654622;R-HSA-3858480;R-HSA-5654620;R-HSA-5654618;R-HSA-178189;R-HSA-380949;R-HSA-5654596;R-HSA-5654597;R-HSA-5654594;R-HSA-9021596;R-HSA-5654592;R-HSA-9017488;R-HSA-5654607;R-HSA-8964241;R-HSA-8964242;R-HSA-2197562;R-HSA-5654605;R-HSA-2187325;R-HSA-2197564;R-HSA-5654603;R-HSA-8964246;R-HSA-5654600;R-HSA-9701556;R-HSA-9021609;R-HSA-8982703;R-HSA-2428930;R-HSA-8964271;R-HSA-178218;R-HSA-9021601;R-HSA-9021600;R-HSA-9701565;R-HSA-9017507;R-HSA-3772435;R-HSA-391211;R-HSA-9613476;R-HSA-380979;R-HSA-9013438;R-HSA-3772430;R-HSA-8964274;R-HSA-426043;R-HSA-5672980;R-HSA-5672978;R-HSA-4411402;R-HSA-5625883;R-HSA-5138433;R-HSA-198732;R-HSA-5672966;R-HSA-5672965;R-HSA-9021660;R-HSA-5138459;R-HSA-8964317;R-HSA-5672960;R-HSA-5672961;R-HSA-5672972;R-HSA-8980691;R-HSA-5672973;R-HSA-5625870;R-HSA-9603279;R-HSA-8964311;R-HSA-5672969;R-HSA-5654582;R-HSA-8964329;R-HSA-5634100;R-HSA-5615668;R-HSA-5634103;R-HSA-5654578;R-HSA-8964333;R-HSA-5654591;R-HSA-5654586;R-HSA-9038052;R-HSA-5654587;R-HSA-5634104;R-HSA-5654584;R-HSA-5654562;R-HSA-2197588;R-HSA-5654560;R-HSA-9013488;R-HSA-5654575;R-HSA-2187355;R-HSA-5654573;R-HSA-5654571;R-HSA-2187358;R-HSA-5654569;R-HSA-9021451;R-HSA-9021450;R-HSA-204949;R-HSA-4395227;R-HSA-2197691;R-HSA-2197690;R-HSA-204958;R-HSA-9693198;R-HSA-5654729;R-HSA-379044;R-HSA-9021480;R-HSA-379048;R-HSA-9021478;R-HSA-2316434;R-HSA-9691174;R-HSA-204981;R-HSA-444606;R-HSA-8941618;R-HSA-8863804;R-HSA-9017398;R-HSA-8941623;R-HSA-3299569;R-HSA-5654677;R-HSA-5654672;R-HSA-5654673;R-HSA-391375;R-HSA-9609310;R-HSA-5419165;R-HSA-8874079;R-HSA-9658445;R-HSA-9027670;R-HSA-2197698;R-HSA-8982637;R-HSA-442592;R-HSA-444654;R-HSA-5675194;R-HSA-205039;R-HSA-5654692;R-HSA-444661;R-HSA-5654690;R-HSA-2169046;R-HSA-8982641;R-HSA-8982640;R-HSA-2179291;R-HSA-2169050;R-HSA-5654701;R-HSA-2179293;R-HSA-8982645;R-HSA-5654697;R-HSA-2160931;R-HSA-2160932;R-HSA-9023884;R-HSA-426240;R-HSA-2160935;R-HSA-9009536;R-HSA-9009541;R-HSA-420123;R-HSA-9013652;R-HSA-5622134;R-HSA-5099886;R-HSA-5622129;R-HSA-3451153;R-HSA-4641134;R-HSA-4641129;R-HSA-9013693;R-HSA-205115;R-HSA-205112;R-HSA-444731;R-HSA-203070;R-HSA-205117;R-HSA-3451147;R-HSA-5140747;R-HSA-9013711;R-HSA-2130279;R-HSA-2130282;R-HSA-1306969;R-HSA-5140741;R-HSA-2130286;R-HSA-205132;R-HSA-1306972;R-HSA-373075;R-HSA-373086;R-HSA-9624014;R-HSA-8944104;R-HSA-9017835;R-HSA-444773;R-HSA-377186;R-HSA-8944099;R-HSA-5669158;R-HSA-1306979;R-HSA-8964604;R-HSA-8964605;R-HSA-8964599;R-HSA-420233;R-HSA-420243;R-HSA-4420052;R-HSA-4641260;R-HSA-4641256;R-HSA-5218815;R-HSA-5218814;R-HSA-205234;R-HSA-5218812;R-HSA-9013567;R-HSA-5218806;R-HSA-5218804;R-HSA-9619756;R-HSA-1524182;R-HSA-8857925;R-HSA-9013568;R-HSA-1524186;R-HSA-5675417;R-HSA-8851797;R-HSA-2134519;R-HSA-9038161;R-HSA-9038163;R-HSA-9023840;R-HSA-9619838;R-HSA-9023846;R-HSA-5675431;R-HSA-9009533;R-HSA-9013631;R-HSA-9023859;R-HSA-9023861;R-HSA-9023860;R-HSA-5675433;R-HSA-9009526;R-HSA-8848005;R-HSA-6785636;R-HSA-3322422;R-HSA-3322427;R-HSA-3322424;R-HSA-9632412;R-HSA-6785648;R-HSA-2134532;R-HSA-4420202;R-HSA-5218916;R-HSA-4420206;R-HSA-3965444;R-HSA-3965446;R-HSA-3965447;R-HSA-3965441;R-HSA-5218830;R-HSA-1251922;R-HSA-9624272;R-HSA-5218827;R-HSA-4086392;R-HSA-5218824;R-HSA-4086393;R-HSA-139854;R-HSA-5218819;R-HSA-5218818;R-HSA-5218847;R-HSA-5218841;R-HSA-4420121;R-HSA-5218836;R-HSA-375384;R-HSA-5218832;R-HSA-2038398;R-HSA-8944362;R-HSA-9011949;R-HSA-447074;R-HSA-9839358;R-HSA-5218854;R-HSA-5218851;R-HSA-4420143;R-HSA-4420140;R-HSA-2470483;R-HSA-9011966;R-HSA-9011952;R-HSA-209532;R-HSA-9036301;R-HSA-166538;R-HSA-4332235;R-HSA-1251992;R-HSA-166542;R-HSA-4332236;R-HSA-8964614;R-HSA-8964634;R-HSA-166544;R-HSA-9851407;R-HSA-9036307;R-HSA-209566;R-HSA-9036308;R-HSA-209573;R-HSA-139941;R-HSA-170666;R-HSA-381612;R-HSA-1458875;R-HSA-170671;R-HSA-9611839;R-HSA-170674;R-HSA-170672;R-HSA-170676;R-HSA-170677;R-HSA-182969;R-HSA-170686;R-HSA-170685;R-HSA-182986;R-HSA-182990;R-HSA-182994;R-HSA-182993;R-HSA-183002;R-HSA-9611851;R-HSA-398040;R-HSA-9611852;R-HSA-5626507;R-HSA-201443;R-HSA-195304;R-HSA-201453;R-HSA-5632679;R-HSA-201457;R-HSA-195318;R-HSA-416510;R-HSA-8847995;R-HSA-4518585;R-HSA-183036;R-HSA-418553;R-HSA-201475;R-HSA-391941;R-HSA-9706390;R-HSA-391943;R-HSA-8952716;R-HSA-391937;R-HSA-201476;R-HSA-5362518;R-HSA-418574;R-HSA-183051;R-HSA-2976551;R-HSA-5362522;R-HSA-5362525;R-HSA-183055;R-HSA-9032582;R-HSA-183058;R-HSA-199443;R-HSA-9032601;R-HSA-4608855;R-HSA-3238691;R-HSA-3238694;R-HSA-183067;R-HSA-9634702;R-HSA-5665608;R-HSA-2976563;R-HSA-8952726;R-HSA-183072;R-HSA-5362551;R-HSA-377644;R-HSA-377641;R-HSA-377640;R-HSA-5665659;R-HSA-183084;R-HSA-377643;R-HSA-183089;R-HSA-5362448;R-HSA-9612243;R-HSA-5323545;R-HSA-170835;R-HSA-5368580;R-HSA-5358340;R-HSA-170843;R-HSA-170846;R-HSA-4551451;R-HSA-170844;R-HSA-170850;R-HSA-9667569;R-HSA-398188;R-HSA-4551465;R-HSA-398184;R-HSA-5686072;R-HSA-170861;R-HSA-398185;R-HSA-170868;R-HSA-398193;R-HSA-9667563;R-HSA-4608825;R-HSA-1250195;R-HSA-5665751;R-HSA-9839378;R-HSA-392064;R-HSA-8858369;R-HSA-9839377;R-HSA-9839390;R-HSA-9011971;R-HSA-9634584;R-HSA-9736984;R-HSA-9839384;R-HSA-9839363;R-HSA-9839371;R-HSA-9839368;R-HSA-9714481;R-HSA-5694462;R-HSA-1504188;R-HSA-1504186;R-HSA-5665767;R-HSA-201648;R-HSA-6781905;R-HSA-9612073;R-HSA-9839405;R-HSA-9839402;R-HSA-1250220;R-HSA-9839401;R-HSA-392133;R-HSA-8944457;R-HSA-392129;R-HSA-201669;R-HSA-2976742;R-HSA-201677;R-HSA-8944454;R-HSA-177107;R-HSA-74707;R-HSA-5362564;R-HSA-201685;R-HSA-74711;R-HSA-170964;R-HSA-1504193;R-HSA-201691;R-HSA-74712;R-HSA-74715;R-HSA-3296233;R-HSA-74716;R-HSA-170975;R-HSA-74718;R-HSA-9700171;R-HSA-170978;R-HSA-2976716;R-HSA-170979;R-HSA-170977;R-HSA-3361751;R-HSA-9653108;R-HSA-74726;R-HSA-74730;R-HSA-201708;R-HSA-201712;R-HSA-9014141;R-HSA-74740;R-HSA-74743;R-HSA-74742;R-HSA-9014129;R-HSA-2976726;R-HSA-171011;R-HSA-3296304;R-HSA-9008267;R-HSA-9008271;R-HSA-3296309;R-HSA-9008270;R-HSA-3769393;R-HSA-3769392;R-HSA-3769394;R-HSA-392206;R-HSA-9008258;R-HSA-8981637;R-HSA-3769397;R-HSA-392212;R-HSA-9014424;R-HSA-9008285;R-HSA-2028555;R-HSA-420883;R-HSA-3769391;R-HSA-1250315;R-HSA-3769383;R-HSA-1250353;R-HSA-3769370;R-HSA-9018538;R-HSA-1250357;R-HSA-9018542;R-HSA-5626981;R-HSA-9008315;R-HSA-2028589;R-HSA-5626982;R-HSA-2317332;R-HSA-1250346;R-HSA-5626988;R-HSA-1250348;R-HSA-2128994;R-HSA-392263;R-HSA-5665809;R-HSA-9014467;R-HSA-5635102;R-HSA-2028626;R-HSA-5633051;R-HSA-1250370;R-HSA-9612483;R-HSA-1250383;R-HSA-5665802;R-HSA-201821;R-HSA-418904;R-HSA-1250380;R-HSA-9612493;R-HSA-8867047;R-HSA-392295;R-HSA-382054;R-HSA-8867044;R-HSA-9612534;R-HSA-193636;R-HSA-8867041;R-HSA-193642;R-HSA-382061;R-HSA-193643;R-HSA-392300;R-HSA-167019;R-HSA-193641;R-HSA-418925;R-HSA-193646;R-HSA-9657599;R-HSA-193647;R-HSA-382058;R-HSA-5626938;R-HSA-193650;R-HSA-5362721;R-HSA-9626848;R-HSA-3296326;R-HSA-193655;R-HSA-193653;R-HSA-193656;R-HSA-109699;R-HSA-193665;R-HSA-193668;R-HSA-193669;R-HSA-3601585;R-HSA-5666001;R-HSA-3364026;R-HSA-193672;R-HSA-9860125;R-HSA-1250463;R-HSA-193679;R-HSA-193677;R-HSA-193682;R-HSA-9014296;R-HSA-167056;R-HSA-5665989;R-HSA-193686;R-HSA-193684;R-HSA-9714691;R-HSA-9696266;R-HSA-2028679;R-HSA-9026579;R-HSA-9696271;R-HSA-193694;R-HSA-2395320;R-HSA-193695;R-HSA-3364014;R-HSA-9014295;R-HSA-9696268;R-HSA-9014294;R-HSA-2028673;R-HSA-193696;R-HSA-5610742;R-HSA-193702;R-HSA-193703;R-HSA-1250486;R-HSA-193700;R-HSA-193706;R-HSA-193705;R-HSA-380073;R-HSA-5610745;R-HSA-5610746;R-HSA-9667619;R-HSA-5610725;R-HSA-5610727;R-HSA-9034814;R-HSA-5633256;R-HSA-9618479;R-HSA-2395364;R-HSA-5674132;R-HSA-5674130;R-HSA-8948800;R-HSA-5674140;R-HSA-9012315;R-HSA-1852623;R-HSA-9012319;R-HSA-9860169;R-HSA-2395328;R-HSA-5665982;R-HSA-199917;R-HSA-9034855;R-HSA-9733216;R-HSA-3364042;R-HSA-199929;R-HSA-111870;R-HSA-111879;R-HSA-9018766;R-HSA-5666129;R-HSA-75016;R-HSA-3781941;R-HSA-8981892;R-HSA-3781943;R-HSA-9018758;R-HSA-187661;R-HSA-4396371;R-HSA-9018778;R-HSA-4396379;R-HSA-187678;R-HSA-4396382;R-HSA-9018794;R-HSA-8848804;R-HSA-5672304;R-HSA-5666160;R-HSA-9016751;R-HSA-5674366;R-HSA-9018787;R-HSA-2172172;R-HSA-5666169;R-HSA-187698;R-HSA-9018808;R-HSA-167217;R-HSA-187697;R-HSA-111930;R-HSA-9018806;R-HSA-5666070;R-HSA-177479;R-HSA-5610757;R-HSA-177491;R-HSA-111955;R-HSA-5610758;R-HSA-9604550;R-HSA-111956;R-HSA-1484099;R-HSA-5610754;R-HSA-419166;R-HSA-5610767;R-HSA-5610766;R-HSA-9604553;R-HSA-5610760;R-HSA-8875482;R-HSA-177501;R-HSA-187746;R-HSA-429415;R-HSA-8875490;R-HSA-9604606;R-HSA-8982012;R-HSA-4396347;R-HSA-5653974;R-HSA-9633044;R-HSA-5653968;R-HSA-429441;R-HSA-750988;R-HSA-75146;R-HSA-9657603;R-HSA-751001;R-HSA-5653957;R-HSA-9657606;R-HSA-2127285;R-HSA-750993;R-HSA-9657608;R-HSA-751019;R-HSA-112037;R-HSA-173483;R-HSA-751013;R-HSA-2186643;R-HSA-75187;R-HSA-751039;R-HSA-751027;R-HSA-2127257;R-HSA-110011;R-HSA-751024;R-HSA-744887;R-HSA-1236398;R-HSA-744886;R-HSA-751029;R-HSA-2328033;R-HSA-157124;R-HSA-9026894;R-HSA-173512;R-HSA-751040;R-HSA-9604446;R-HSA-5674373;R-HSA-9690439;R-HSA-9604471;R-HSA-8856930;R-HSA-75238;R-HSA-8848751;R-HSA-9690493;R-HSA-388596;R-HSA-8848758;R-HSA-9604451;R-HSA-167408;R-HSA-9018746;R-HSA-1181153;R-HSA-388605;R-HSA-167419;R-HSA-2176475;R-HSA-8863101;R-HSA-390649;R-HSA-5666216;R-HSA-443910;R-HSA-419334;R-HSA-167429;R-HSA-443905;R-HSA-167433;R-HSA-390673;R-HSA-390674;R-HSA-3640874;R-HSA-3640872;R-HSA-374298;R-HSA-1963581;R-HSA-1963582;R-HSA-9612980;R-HSA-1963578;R-HSA-3640862;R-HSA-5693055;R-HSA-3640861;R-HSA-3640858;R-HSA-1963563;R-HSA-3640844;R-HSA-198211;R-HSA-6807077;R-HSA-1912415;R-HSA-8951490;R-HSA-9613023;R-HSA-1912393;R-HSA-5656064;R-HSA-9612996;R-HSA-1912394;R-HSA-1963589;R-HSA-1912388;R-HSA-1912391;R-HSA-1912385;R-HSA-1963586;R-HSA-419426;R-HSA-190065;R-HSA-1977958;R-HSA-1977959;R-HSA-198266;R-HSA-1912416;R-HSA-8982025;R-HSA-8982026;R-HSA-1980061;R-HSA-9604629;R-HSA-8982017;R-HSA-2059926;R-HSA-444047;R-HSA-8982019;R-HSA-8982018;R-HSA-8875531;R-HSA-8982021;R-HSA-8982020;R-HSA-112271;R-HSA-9012761;R-HSA-1980047;R-HSA-1980044;R-HSA-9016861;R-HSA-198295;R-HSA-5654222;R-HSA-198315;R-HSA-9604664;R-HSA-5668605;R-HSA-9604642;R-HSA-1980078;R-HSA-6805205;R-HSA-1980074;R-HSA-8850992;R-HSA-1980067;R-HSA-1980065;R-HSA-5654167;R-HSA-5654165;R-HSA-5635741;R-HSA-5654169;R-HSA-3247840;R-HSA-169683;R-HSA-5654151;R-HSA-3247843;R-HSA-169680;R-HSA-5654148;R-HSA-5654149;R-HSA-3247844;R-HSA-200406;R-HSA-5654147;R-HSA-5654159;R-HSA-5654157;R-HSA-9016916;R-HSA-212706;R-HSA-5693108;R-HSA-212710;R-HSA-200421;R-HSA-2127562;R-HSA-212713;R-HSA-3247837;R-HSA-1980138;R-HSA-167674;R-HSA-388863;R-HSA-177922;R-HSA-177923;R-HSA-167683;R-HSA-177926;R-HSA-9021325;R-HSA-167686;R-HSA-177927;R-HSA-177924;R-HSA-167684;R-HSA-177925;R-HSA-177930;R-HSA-9613210;R-HSA-9635739;R-HSA-177934;R-HSA-5422942;R-HSA-9635743;R-HSA-177935;R-HSA-444171;R-HSA-5623643;R-HSA-177933;R-HSA-9613213;R-HSA-9013145;R-HSA-177938;R-HSA-9013144;R-HSA-177939;R-HSA-177936;R-HSA-177937;R-HSA-177942;R-HSA-177943;R-HSA-177941;R-HSA-354066;R-HSA-6811504;R-HSA-5334854;R-HSA-9625482;R-HSA-354077;R-HSA-444191;R-HSA-177944;R-HSA-177945;R-HSA-354073;R-HSA-9625487;R-HSA-5687112;R-HSA-9013143;R-HSA-9013161;R-HSA-5625717;R-HSA-354087;R-HSA-163617;R-HSA-5357429;R-HSA-190245;R-HSA-5357432;R-HSA-5668735;R-HSA-5654399;R-HSA-5672828;R-HSA-163625;R-HSA-5654397;R-HSA-9013157;R-HSA-444202;R-HSA-5668731;R-HSA-9013159;R-HSA-5654392;R-HSA-5672824;R-HSA-9613219;R-HSA-190256;R-HSA-165680;R-HSA-9031610;R-HSA-190260;R-HSA-5668718;R-HSA-5668714;R-HSA-165692;R-HSA-9031624;R-HSA-2404199;R-HSA-5668629;R-HSA-2404193;R-HSA-5635859;R-HSA-2404195;R-HSA-5635868;R-HSA-354124;R-HSA-9031616;R-HSA-2404200;R-HSA-141139;R-HSA-165718;R-HSA-9605063;R-HSA-9693125;R-HSA-9021406;R-HSA-2396029;R-HSA-5635854;R-HSA-354149;R-HSA-5658430;R-HSA-9021412;R-HSA-354165;R-HSA-388981;R-HSA-114544;R-HSA-114548;R-HSA-5334827;R-HSA-1433454;R-HSA-749448;R-HSA-2029466;R-HSA-749454;R-HSA-749453;R-HSA-749452;R-HSA-749446;R-HSA-2029456;R-HSA-5625797;R-HSA-5625796;R-HSA-4411351;R-HSA-9013023;R-HSA-9013022;R-HSA-9013009;R-HSA-749456;R-HSA-4411357;R-HSA-5672950;R-HSA-5672951;R-HSA-169891;R-HSA-4411367;R-HSA-5654514;R-HSA-5654515;R-HSA-169895;R-HSA-4411365;R-HSA-5672958;R-HSA-9013024;R-HSA-5672957;R-HSA-5625849;R-HSA-5625848;R-HSA-4411372;R-HSA-169901;R-HSA-169904;R-HSA-169905;R-HSA-4411383;R-HSA-5654511;R-HSA-157629;R-HSA-1433514;R-HSA-2029473;R-HSA-157632;R-HSA-9013069;R-HSA-5625745;R-HSA-190408;R-HSA-372693;R-HSA-5654406;R-HSA-9031512;R-HSA-5654407;R-HSA-5654404;R-HSA-5654402;R-HSA-190427;R-HSA-2428926;R-HSA-372697;R-HSA-5672843;R-HSA-2428922;R-HSA-5625738;R-HSA-372705;R-HSA-432096;R-HSA-432110;R-HSA-9625465;R-HSA-5625784;R-HSA-198640;R-HSA-5357477;R-HSA-5357479;R-HSA-380927;R-HSA-5625774;R-HSA-9013109;R-HSA-9013111;R-HSA-9013110"
R-HSA-168249,"Innate Immune System",80,1347,0.08618042226487524,0.9999999864057922,0.9999999864057922,162,744,0.0496,9606,Homo sapiens,"90000;70997;17368;17203;17361;17164;16113;16750;40304;17084;3165;26756;30860;15947;176466;15864;16556;17409;2904;18019;51209;4208;16440;16283;17973;4582;15354;2089;28867;17172;16040;16082;45826;29672;32114;33442;1387;86612;16643;30776;17458;15956;30852;29073;17189;16176;16411;17263;16135;15882;16410;2495;17380;25722;27584;16259;35619;18125;64023;177097;17394;16422;16543;17474;28009;40356;28924;28320;36217;16828;2611;16827;3347;27432;28324;53014;12387;30831;18405","","R-HSA-741386;R-HSA-9604499;R-HSA-688136;R-HSA-688137;R-HSA-8858500;R-HSA-167686;R-HSA-9750942;R-HSA-2395439;R-HSA-8852874;R-HSA-6807144;R-HSA-879362;R-HSA-6803063;R-HSA-9676160;R-HSA-450325;R-HSA-741395;R-HSA-450333;R-HSA-879377;R-HSA-5621366;R-HSA-5621363;R-HSA-450337;R-HSA-741411;R-HSA-450346;R-HSA-5621370;R-HSA-2395412;R-HSA-937022;R-HSA-9750946;R-HSA-5621347;R-HSA-5621356;R-HSA-5621353;R-HSA-5621355;R-HSA-879411;R-HSA-5621354;R-HSA-6789208;R-HSA-166721;R-HSA-166726;R-HSA-2730860;R-HSA-622415;R-HSA-9750226;R-HSA-2730849;R-HSA-2730848;R-HSA-9824732;R-HSA-5684250;R-HSA-6800426;R-HSA-5684248;R-HSA-1678920;R-HSA-1678923;R-HSA-688985;R-HSA-6800434;R-HSA-3244647;R-HSA-2730867;R-HSA-2730870;R-HSA-166753;R-HSA-5607728;R-HSA-5607731;R-HSA-937059;R-HSA-937343;R-HSA-210289;R-HSA-173680;R-HSA-2730842;R-HSA-2730847;R-HSA-937337;R-HSA-3244614;R-HSA-5607725;R-HSA-5607724;R-HSA-937079;R-HSA-1678944;R-HSA-6807581;R-HSA-981621;R-HSA-5607723;R-HSA-2424484;R-HSA-2424485;R-HSA-2029471;R-HSA-2424486;R-HSA-418436;R-HSA-2424487;R-HSA-8853252;R-HSA-6789092;R-HSA-2029466;R-HSA-2424480;R-HSA-2424482;R-HSA-166792;R-HSA-166286;R-HSA-3134883;R-HSA-2029456;R-HSA-166284;R-HSA-2855077;R-HSA-6799350;R-HSA-2559414;R-HSA-8870678;R-HSA-2396594;R-HSA-5229273;R-HSA-3134904;R-HSA-2197691;R-HSA-3134901;R-HSA-8852509;R-HSA-2197690;R-HSA-166041;R-HSA-6789114;R-HSA-2730888;R-HSA-5660663;R-HSA-5660660;R-HSA-166817;R-HSA-8869667;R-HSA-706479;R-HSA-2855054;R-HSA-5660666;R-HSA-933536;R-HSA-8948027;R-HSA-173754;R-HSA-166072;R-HSA-2029476;R-HSA-2395801;R-HSA-2029473;R-HSA-166082;R-HSA-1028815;R-HSA-1028812;R-HSA-2201316;R-HSA-2029272;R-HSA-1861595;R-HSA-166091;R-HSA-2029268;R-HSA-2201322;R-HSA-1247960;R-HSA-168909;R-HSA-169683;R-HSA-169680;R-HSA-174551;R-HSA-2262775;R-HSA-168405;R-HSA-166362;R-HSA-166363;R-HSA-2262777;R-HSA-1028820;R-HSA-1028819;R-HSA-6813626;R-HSA-168412;R-HSA-1028817;R-HSA-2197698;R-HSA-168166;R-HSA-435171;R-HSA-166119;R-HSA-442592;R-HSA-2201293;R-HSA-199917;R-HSA-6798743;R-HSA-450292;R-HSA-879358;R-HSA-5624486;R-HSA-6798739;R-HSA-708349;R-HSA-8862320;R-HSA-6798751;R-HSA-5624492;R-HSA-168184;R-HSA-6798749;R-HSA-199929;R-HSA-6798748;R-HSA-5624494;R-HSA-6798747;R-HSA-6798745;R-HSA-2855125;R-HSA-2172126"
R-HSA-72766,"Translation",8,339,0.021689059500959694,0.9999999889705674,0.9999999889705674,25,99,0.0066,9606,Homo sapiens,"28671;17196;38397;28972;34114;9349;6128;28623;68440;32635","","R-HSA-1799326;R-HSA-156808;R-HSA-156823;R-HSA-156826;R-HSA-157849;R-HSA-72671;R-HSA-72673;R-HSA-72672;R-HSA-72676;R-HSA-141671;R-HSA-380002;R-HSA-156907;R-HSA-72619;R-HSA-141673;R-HSA-72621;R-HSA-156915;R-HSA-156912;R-HSA-72691;R-HSA-72697;R-HSA-156923;R-HSA-1799330;R-HSA-141691;R-HSA-1799329;R-HSA-1799335;R-HSA-1799332"
R-HSA-2262752,"Cellular responses to stress",55,1034,0.06615483045425463,0.9999999900138664,0.9999999900138664,142,500,0.03333333333333333,9606,Homo sapiens,"90000;16231;9349;16113;16474;26756;32365;31835;176466;2904;15901;2869;4208;17650;28867;27732;28661;33442;32354;174634;1387;35420;68441;17898;68440;29073;32635;16330;17981;16175;17026;10072;17261;28671;87614;27584;6128;16973;17347;50613;16856;17992;9532;38397;17196;16422;17351;17154;28006;28600;27637;28364;16827;27432;34114;17759;17710","","R-HSA-3790137;R-HSA-8979082;R-HSA-5324632;R-HSA-400143;R-HSA-3790130;R-HSA-9759364;R-HSA-3371554;R-HSA-1234179;R-HSA-450325;R-HSA-1234177;R-HSA-9760128;R-HSA-1368065;R-HSA-1234183;R-HSA-9646468;R-HSA-450333;R-HSA-3222546;R-HSA-6799695;R-HSA-9725885;R-HSA-9759141;R-HSA-3222533;R-HSA-9690534;R-HSA-9755306;R-HSA-9796055;R-HSA-9796054;R-HSA-9796049;R-HSA-9796048;R-HSA-9796051;R-HSA-9759186;R-HSA-9796050;R-HSA-9796061;R-HSA-9796060;R-HSA-1235035;R-HSA-9796057;R-HSA-9796059;R-HSA-9796058;R-HSA-1235037;R-HSA-9705925;R-HSA-9796039;R-HSA-1368140;R-HSA-9796045;R-HSA-9796044;R-HSA-9633742;R-HSA-9796040;R-HSA-9796043;R-HSA-9796042;R-HSA-9796084;R-HSA-9633008;R-HSA-9653745;R-HSA-6807557;R-HSA-517731;R-HSA-9796080;R-HSA-3238999;R-HSA-9796082;R-HSA-3343700;R-HSA-3341397;R-HSA-9648888;R-HSA-1235070;R-HSA-8932327;R-HSA-9796069;R-HSA-9708517;R-HSA-9796068;R-HSA-9796071;R-HSA-9796070;R-HSA-9796065;R-HSA-9640167;R-HSA-9796064;R-HSA-9796066;R-HSA-9796077;R-HSA-9708525;R-HSA-9796076;R-HSA-9796079;R-HSA-9640168;R-HSA-9640175;R-HSA-9796075;R-HSA-9633005;R-HSA-9796074;R-HSA-9657619;R-HSA-9761812;R-HSA-9761815;R-HSA-9650710;R-HSA-9840415;R-HSA-8932355;R-HSA-163214;R-HSA-3788725;R-HSA-3788724;R-HSA-9645598;R-HSA-9640195;R-HSA-3788705;R-HSA-5252041;R-HSA-3788708;R-HSA-1791163;R-HSA-9761846;R-HSA-9762096;R-HSA-9761841;R-HSA-9640254;R-HSA-9761849;R-HSA-9761828;R-HSA-9650722;R-HSA-381111;R-HSA-3323013;R-HSA-9761836;R-HSA-9762093;R-HSA-5082356;R-HSA-9645608;R-HSA-9640237;R-HSA-9762091;R-HSA-5252079;R-HSA-9760081;R-HSA-9760082;R-HSA-9709406;R-HSA-5618073;R-HSA-381128;R-HSA-9707586;R-HSA-4568740;R-HSA-1234163;R-HSA-9639287;R-HSA-4568737;R-HSA-1234167;R-HSA-9639286;R-HSA-5618099;R-HSA-9760125;R-HSA-3797202;R-HSA-1234169;R-HSA-1234175;R-HSA-9760122;R-HSA-1234172;R-HSA-1234173;R-HSA-9759332;R-HSA-450292;R-HSA-9760103;R-HSA-3797196;R-HSA-5618080;R-HSA-9760097;R-HSA-3323079;R-HSA-9760099;R-HSA-5618093;R-HSA-3371467;R-HSA-1222376;R-HSA-1234159;R-HSA-3209165;R-HSA-9634669;R-HSA-76031"
R-HSA-8953897,"Cellular responses to stimuli",56,1052,0.0673064619321817,0.9999999923328035,0.9999999923328035,145,531,0.0354,9606,Homo sapiens,"90000;16231;9349;16113;16474;26756;32365;31835;176466;2904;15901;2869;4208;17650;28867;27732;28661;33442;32354;174634;1387;35420;68441;17898;68440;29073;32635;16330;17981;16175;17026;10072;17261;28671;87614;27584;6128;16973;17347;50613;16856;17750;17992;9532;38397;17196;16422;17351;17154;28006;28600;27637;28364;16827;27432;34114;17759;17710","","R-HSA-3790137;R-HSA-8979082;R-HSA-5324632;R-HSA-400143;R-HSA-3790130;R-HSA-9759364;R-HSA-3371554;R-HSA-1234179;R-HSA-450325;R-HSA-1234177;R-HSA-9760128;R-HSA-1368065;R-HSA-1234183;R-HSA-9646468;R-HSA-450333;R-HSA-3222546;R-HSA-6799695;R-HSA-9725885;R-HSA-9759141;R-HSA-3222533;R-HSA-9690534;R-HSA-9755306;R-HSA-9796055;R-HSA-9796054;R-HSA-9796049;R-HSA-9796048;R-HSA-9796051;R-HSA-9759186;R-HSA-9796050;R-HSA-9796061;R-HSA-9796060;R-HSA-1235035;R-HSA-9796057;R-HSA-9796059;R-HSA-9796058;R-HSA-1235037;R-HSA-9705925;R-HSA-9796039;R-HSA-1368140;R-HSA-9796045;R-HSA-9796044;R-HSA-9633742;R-HSA-9796040;R-HSA-9796043;R-HSA-9796042;R-HSA-9796084;R-HSA-9633008;R-HSA-9653745;R-HSA-6807557;R-HSA-517731;R-HSA-9796080;R-HSA-3238999;R-HSA-9796082;R-HSA-3343700;R-HSA-3341397;R-HSA-9648888;R-HSA-1235070;R-HSA-8932327;R-HSA-9796069;R-HSA-9708517;R-HSA-9796068;R-HSA-9796071;R-HSA-9796070;R-HSA-9796065;R-HSA-9640167;R-HSA-5661219;R-HSA-9796064;R-HSA-5661217;R-HSA-9796066;R-HSA-5661230;R-HSA-9796077;R-HSA-9708525;R-HSA-9796076;R-HSA-9796079;R-HSA-9640168;R-HSA-9640175;R-HSA-9796075;R-HSA-9633005;R-HSA-9796074;R-HSA-9657619;R-HSA-9761812;R-HSA-9761815;R-HSA-9650710;R-HSA-9840415;R-HSA-8932355;R-HSA-163214;R-HSA-3788725;R-HSA-3788724;R-HSA-9645598;R-HSA-9640195;R-HSA-3788705;R-HSA-5252041;R-HSA-3788708;R-HSA-1791163;R-HSA-9761846;R-HSA-9762096;R-HSA-9761841;R-HSA-9640254;R-HSA-9761849;R-HSA-9761828;R-HSA-9650722;R-HSA-381111;R-HSA-3323013;R-HSA-9761836;R-HSA-9762093;R-HSA-5082356;R-HSA-9645608;R-HSA-9640237;R-HSA-9762091;R-HSA-5252079;R-HSA-9760081;R-HSA-9760082;R-HSA-9709406;R-HSA-5618073;R-HSA-381128;R-HSA-9707586;R-HSA-4568740;R-HSA-1234163;R-HSA-9639287;R-HSA-4568737;R-HSA-1234167;R-HSA-9639286;R-HSA-5618099;R-HSA-9760125;R-HSA-3797202;R-HSA-1234169;R-HSA-1234175;R-HSA-9760122;R-HSA-1234172;R-HSA-1234173;R-HSA-9759332;R-HSA-450292;R-HSA-9760103;R-HSA-3797196;R-HSA-5618080;R-HSA-9760097;R-HSA-3323079;R-HSA-9760099;R-HSA-5618093;R-HSA-3371467;R-HSA-1222376;R-HSA-1234159;R-HSA-3209165;R-HSA-9634669;R-HSA-76031"
R-HSA-69278,"Cell Cycle, Mitotic",23,596,0.0381317978246961,0.9999999941087837,0.9999999941087837,111,357,0.0238,9606,Homo sapiens,"17981;176131;181620;15366;16586;17154;41941;45969;28924;27373;28279;33442;32365;28478;27389;32354;33033;16349;31835;17759;176466;31967;86553;76308","","R-HSA-9648017;R-HSA-375302;R-HSA-8852354;R-HSA-8961934;R-HSA-174088;R-HSA-2990880;R-HSA-2990882;R-HSA-9647746;R-HSA-8853405;R-HSA-174104;R-HSA-174105;R-HSA-188191;R-HSA-380455;R-HSA-3000335;R-HSA-174119;R-HSA-8964525;R-HSA-8964513;R-HSA-9686969;R-HSA-174120;R-HSA-174121;R-HSA-8853419;R-HSA-176942;R-HSA-75825;R-HSA-174132;R-HSA-2172183;R-HSA-9634219;R-HSA-174139;R-HSA-3000339;R-HSA-176956;R-HSA-174144;R-HSA-1362270;R-HSA-9648089;R-HSA-174159;R-HSA-8964550;R-HSA-174157;R-HSA-68946;R-HSA-68948;R-HSA-9686980;R-HSA-380508;R-HSA-174171;R-HSA-8964561;R-HSA-1363274;R-HSA-9853385;R-HSA-8964567;R-HSA-2430533;R-HSA-9648114;R-HSA-8964588;R-HSA-1363314;R-HSA-8978926;R-HSA-8964580;R-HSA-141423;R-HSA-174195;R-HSA-2484822;R-HSA-380272;R-HSA-174202;R-HSA-174203;R-HSA-1363311;R-HSA-1226095;R-HSA-380283;R-HSA-8853496;R-HSA-380294;R-HSA-174209;R-HSA-1227671;R-HSA-380303;R-HSA-1638803;R-HSA-170126;R-HSA-174227;R-HSA-380311;R-HSA-174224;R-HSA-1363328;R-HSA-3002811;R-HSA-69015;R-HSA-1363331;R-HSA-380316;R-HSA-69016;R-HSA-2468287;R-HSA-8854044;R-HSA-187545;R-HSA-174238;R-HSA-2995376;R-HSA-8854041;R-HSA-187552;R-HSA-8854052;R-HSA-8854051;R-HSA-174255;R-HSA-8854071;R-HSA-187574;R-HSA-187575;R-HSA-1638821;R-HSA-69053;R-HSA-2467809;R-HSA-5229194;R-HSA-2467811;R-HSA-69063;R-HSA-2993898;R-HSA-69068;R-HSA-4088305;R-HSA-179410;R-HSA-188371;R-HSA-3000319;R-HSA-2574845;R-HSA-3000310;R-HSA-179417;R-HSA-2574840;R-HSA-179421;R-HSA-9667952;R-HSA-174058;R-HSA-9634169;R-HSA-174057;R-HSA-174070;R-HSA-174079"
R-HSA-9609646,"HCMV Infection",4,270,0.01727447216890595,0.999999996470388,0.999999996470388,4,31,0.0020666666666666667,9606,Homo sapiens,"17981;32365;32354;17759","","R-HSA-9614369;R-HSA-9636128;R-HSA-9614367;R-HSA-9629004"
R-HSA-1280215,"Cytokine Signaling in Immune system",56,1099,0.07031349968010236,0.9999999994346055,0.9999999994346055,207,785,0.052333333333333336,9606,Homo sapiens,"90000;16196;17164;18132;16199;21949;3561;26756;4170;32365;15908;176466;16556;5778;2904;19229;4208;16440;16164;17973;4582;19232;16168;18386;16243;21557;27374;32114;32796;33442;32354;87986;15633;15676;29073;17981;16176;16175;16411;16255;21803;87614;15768;16020;16026;28924;28320;16828;1883;53014;17759;15532;16269;16027;15978","","R-HSA-452100;R-HSA-5693012;R-HSA-9732753;R-HSA-452097;R-HSA-450063;R-HSA-452108;R-HSA-9606784;R-HSA-9732738;R-HSA-452122;R-HSA-913424;R-HSA-8963734;R-HSA-8950423;R-HSA-6786118;R-HSA-9835189;R-HSA-6783556;R-HSA-449058;R-HSA-508451;R-HSA-6786114;R-HSA-6786124;R-HSA-1031716;R-HSA-5668454;R-HSA-8950448;R-HSA-9750226;R-HSA-6786095;R-HSA-6786092;R-HSA-5684250;R-HSA-6783530;R-HSA-5684248;R-HSA-976991;R-HSA-450133;R-HSA-6786096;R-HSA-6786110;R-HSA-449115;R-HSA-8950504;R-HSA-6786050;R-HSA-5676595;R-HSA-508513;R-HSA-5676592;R-HSA-5668414;R-HSA-9833723;R-HSA-6786058;R-HSA-6786070;R-HSA-9678561;R-HSA-9006844;R-HSA-9008894;R-HSA-1170539;R-HSA-5676589;R-HSA-6786072;R-HSA-6793958;R-HSA-912527;R-HSA-6785762;R-HSA-1295519;R-HSA-1295516;R-HSA-9680389;R-HSA-9680388;R-HSA-447130;R-HSA-6788346;R-HSA-8983063;R-HSA-209063;R-HSA-209061;R-HSA-1295540;R-HSA-6789325;R-HSA-9607224;R-HSA-9674808;R-HSA-446634;R-HSA-9011748;R-HSA-9009700;R-HSA-446130;R-HSA-448703;R-HSA-446648;R-HSA-5669012;R-HSA-9645137;R-HSA-5669013;R-HSA-9689680;R-HSA-6784160;R-HSA-6783670;R-HSA-9674816;R-HSA-8950364;R-HSA-9645126;R-HSA-5668481;R-HSA-877269;R-HSA-446684;R-HSA-8950354;R-HSA-9645134;R-HSA-5675656;R-HSA-446694;R-HSA-5668534;R-HSA-446692;R-HSA-168166;R-HSA-209125;R-HSA-6785165;R-HSA-446701;R-HSA-8981093;R-HSA-9732729;R-HSA-199917;R-HSA-877308;R-HSA-450292;R-HSA-168184;R-HSA-8856189;R-HSA-199929;R-HSA-447226;R-HSA-909552;R-HSA-5668520;R-HSA-6785895;R-HSA-9835411;R-HSA-9836435;R-HSA-9734547;R-HSA-8983425;R-HSA-8983424;R-HSA-9750942;R-HSA-8985988;R-HSA-447252;R-HSA-450325;R-HSA-450333;R-HSA-8952749;R-HSA-450337;R-HSA-450346;R-HSA-451895;R-HSA-9750946;R-HSA-9025969;R-HSA-445752;R-HSA-445753;R-HSA-507719;R-HSA-8950731;R-HSA-9606622;R-HSA-9680348;R-HSA-508247;R-HSA-8983003;R-HSA-451942;R-HSA-919404;R-HSA-9833973;R-HSA-5607731;R-HSA-8983011;R-HSA-8950757;R-HSA-8952807;R-HSA-9606624;R-HSA-8950269;R-HSA-5607725;R-HSA-6785821;R-HSA-508282;R-HSA-5607723;R-HSA-8952823;R-HSA-8983307;R-HSA-508292;R-HSA-8983309;R-HSA-446862;R-HSA-6789615;R-HSA-8983299;R-HSA-8983298;R-HSA-9006850;R-HSA-8983300;R-HSA-9006873;R-HSA-1370500;R-HSA-446868;R-HSA-1015702;R-HSA-9006870;R-HSA-449958;R-HSA-8950057;R-HSA-8985900;R-HSA-446894;R-HSA-8983335;R-HSA-873919;R-HSA-873918;R-HSA-8985914;R-HSA-8950591;R-HSA-1168809;R-HSA-5696490;R-HSA-1168813;R-HSA-449978;R-HSA-8950583;R-HSA-8985929;R-HSA-8983371;R-HSA-8983374;R-HSA-873924;R-HSA-873927;R-HSA-873926;R-HSA-873921;R-HSA-873922;R-HSA-8983384;R-HSA-913374;R-HSA-9006431;R-HSA-8983378;R-HSA-6790022;R-HSA-8950634;R-HSA-1169395;R-HSA-1678843;R-HSA-1169394;R-HSA-1678842;R-HSA-1169398;R-HSA-9698170;R-HSA-1176059;R-HSA-1169403;R-HSA-8983394;R-HSA-1169402;R-HSA-1169405;R-HSA-1169406;R-HSA-1266684;R-HSA-453111;R-HSA-6790038;R-HSA-6790036;R-HSA-6789524;R-HSA-453104;R-HSA-8950128;R-HSA-9835885;R-HSA-8985973;R-HSA-452091;R-HSA-6790041"
R-HSA-8953854,"Metabolism of RNA",35,839,0.05367882277671145,0.9999999999206388,0.9999999999206388,83,199,0.013266666666666666,9606,Homo sapiens,"17981;9188;181620;16235;189726;9349;30838;16057;28671;27781;75062;28053;17509;32365;17967;17846;6128;32826;19229;9410;17196;38397;27373;28661;28364;28320;34114;33442;27971;32354;174634;175989;88735;17759;32636;68440;30797;32635","","R-HSA-9770132;R-HSA-8849157;R-HSA-9770129;R-HSA-9770131;R-HSA-9770141;R-HSA-6787567;R-HSA-9770142;R-HSA-77069;R-HSA-6782443;R-HSA-77068;R-HSA-77073;R-HSA-77585;R-HSA-191763;R-HSA-9770119;R-HSA-77587;R-HSA-158481;R-HSA-77586;R-HSA-77077;R-HSA-77591;R-HSA-158484;R-HSA-77590;R-HSA-77078;R-HSA-77593;R-HSA-77081;R-HSA-77592;R-HSA-77083;R-HSA-77594;R-HSA-77085;R-HSA-6783483;R-HSA-6790906;R-HSA-927889;R-HSA-429860;R-HSA-927789;R-HSA-77090;R-HSA-450466;R-HSA-450595;R-HSA-72231;R-HSA-72103;R-HSA-191786;R-HSA-8868783;R-HSA-6784462;R-HSA-191784;R-HSA-9772351;R-HSA-191790;R-HSA-9770145;R-HSA-450488;R-HSA-159046;R-HSA-75079;R-HSA-159050;R-HSA-75081;R-HSA-75080;R-HSA-430028;R-HSA-9770847;R-HSA-75083;R-HSA-6782893;R-HSA-927813;R-HSA-75082;R-HSA-111437;R-HSA-111439;R-HSA-111438;R-HSA-6791223;R-HSA-6791222;R-HSA-927836;R-HSA-6791221;R-HSA-191825;R-HSA-191830;R-HSA-6791219;R-HSA-6791218;R-HSA-450387;R-HSA-927832;R-HSA-451152;R-HSA-75097;R-HSA-75096;R-HSA-6791228;R-HSA-75098;R-HSA-6791227;R-HSA-9770236;R-HSA-158441;R-HSA-158447;R-HSA-450422;R-HSA-72180;R-HSA-450431;R-HSA-5696813"
R-HSA-1280218,"Adaptive Immune System",40,933,0.05969289827255278,0.9999999999803729,0.9999999999803729,84,265,0.017666666666666667,9606,Homo sapiens,"28918;17285;15882;30838;16410;6456;37035;16474;16551;17261;26756;30860;10219;16437;31835;176466;16238;15765;16797;18019;83490;15768;16440;17533;17973;35045;28921;28822;16040;28924;16828;16827;32111;3347;33442;35420;87986;15996;16643;16924","","R-HSA-9606162;R-HSA-2130336;R-HSA-9606163;R-HSA-9606160;R-HSA-2025882;R-HSA-2130725;R-HSA-202245;R-HSA-392835;R-HSA-202248;R-HSA-9691421;R-HSA-983424;R-HSA-8863895;R-HSA-1168640;R-HSA-8850326;R-HSA-1168643;R-HSA-1168642;R-HSA-9606151;R-HSA-199062;R-HSA-2130486;R-HSA-2130619;R-HSA-9606159;R-HSA-2213248;R-HSA-8951595;R-HSA-199079;R-HSA-202407;R-HSA-198955;R-HSA-8863914;R-HSA-202291;R-HSA-5696356;R-HSA-8850356;R-HSA-5696357;R-HSA-202165;R-HSA-5686625;R-HSA-2317332;R-HSA-202168;R-HSA-390329;R-HSA-202174;R-HSA-202307;R-HSA-8951498;R-HSA-8951499;R-HSA-2045911;R-HSA-1236955;R-HSA-1112666;R-HSA-1236958;R-HSA-1236956;R-HSA-169683;R-HSA-169680;R-HSA-8855381;R-HSA-388817;R-HSA-1236935;R-HSA-2213236;R-HSA-1236939;R-HSA-388830;R-HSA-1236940;R-HSA-1236941;R-HSA-430183;R-HSA-983150;R-HSA-430180;R-HSA-983147;R-HSA-5607728;R-HSA-202214;R-HSA-1168633;R-HSA-430190;R-HSA-1168376;R-HSA-983142;R-HSA-983140;R-HSA-202216;R-HSA-202344;R-HSA-1168638;R-HSA-8852200;R-HSA-2130641;R-HSA-202354;R-HSA-983422;R-HSA-198640;R-HSA-8863858;R-HSA-1236967;R-HSA-983161;R-HSA-1236970;R-HSA-5607724;R-HSA-983157;R-HSA-202233;R-HSA-983156;R-HSA-389758;R-HSA-983152"
R-HSA-1640170,"Cell Cycle",26,735,0.04702495201535509,0.9999999999912508,0.9999999999912508,130,457,0.030466666666666666,9606,Homo sapiens,"17981;176131;181620;15366;33678;28279;32365;28478;27389;33033;31835;176466;76308;16586;17154;41941;45969;17290;95120;28924;27373;33442;32354;16349;17759;31967;86553","","R-HSA-9648017;R-HSA-375302;R-HSA-8852354;R-HSA-8961934;R-HSA-75016;R-HSA-174088;R-HSA-2990880;R-HSA-264458;R-HSA-2990882;R-HSA-9647746;R-HSA-912408;R-HSA-8853405;R-HSA-174104;R-HSA-174105;R-HSA-188191;R-HSA-380455;R-HSA-3000335;R-HSA-174119;R-HSA-8964525;R-HSA-8964513;R-HSA-9686969;R-HSA-174120;R-HSA-174121;R-HSA-8853419;R-HSA-176942;R-HSA-75825;R-HSA-174132;R-HSA-2172183;R-HSA-9634219;R-HSA-174139;R-HSA-3000339;R-HSA-176956;R-HSA-174144;R-HSA-606287;R-HSA-1362270;R-HSA-9648089;R-HSA-174159;R-HSA-8964550;R-HSA-174157;R-HSA-68946;R-HSA-68948;R-HSA-9686980;R-HSA-606289;R-HSA-380508;R-HSA-174171;R-HSA-8964561;R-HSA-1363274;R-HSA-9853385;R-HSA-8964567;R-HSA-2430533;R-HSA-9648114;R-HSA-141409;R-HSA-8964588;R-HSA-174439;R-HSA-1363314;R-HSA-8978926;R-HSA-141422;R-HSA-8964580;R-HSA-141423;R-HSA-174447;R-HSA-174195;R-HSA-2484822;R-HSA-380272;R-HSA-141431;R-HSA-174452;R-HSA-174202;R-HSA-174203;R-HSA-1363311;R-HSA-141439;R-HSA-1226095;R-HSA-380283;R-HSA-606326;R-HSA-8853496;R-HSA-380294;R-HSA-174209;R-HSA-6799332;R-HSA-606349;R-HSA-1227671;R-HSA-380303;R-HSA-1638803;R-HSA-176264;R-HSA-170126;R-HSA-174227;R-HSA-380311;R-HSA-174224;R-HSA-1363328;R-HSA-3002811;R-HSA-69015;R-HSA-1363331;R-HSA-380316;R-HSA-69016;R-HSA-2468287;R-HSA-8854044;R-HSA-187545;R-HSA-174238;R-HSA-2995376;R-HSA-8854041;R-HSA-187552;R-HSA-8854052;R-HSA-8854051;R-HSA-174255;R-HSA-8854071;R-HSA-187574;R-HSA-187575;R-HSA-9668902;R-HSA-1638821;R-HSA-69053;R-HSA-2467809;R-HSA-5229194;R-HSA-2467811;R-HSA-69063;R-HSA-2993898;R-HSA-69068;R-HSA-4088305;R-HSA-179410;R-HSA-188371;R-HSA-3000319;R-HSA-2574845;R-HSA-3000310;R-HSA-179417;R-HSA-2574840;R-HSA-179421;R-HSA-69600;R-HSA-9667952;R-HSA-176101;R-HSA-174058;R-HSA-9634169;R-HSA-174057;R-HSA-174070;R-HSA-174079"
R-HSA-1643685,"Disease",169,2644,0.1691618682021753,0.9999999999995952,0.9999999999995952,422,1932,0.1288,9606,Homo sapiens,"17200;17685;16196;16235;9349;16113;16750;16474;17562;16199;4170;86507;113;28972;88528;16238;88522;17688;18139;17964;85253;16119;21553;17973;4582;30805;16243;24786;3374;17172;78277;9908;32796;27410;28189;16525;36751;15676;89963;17336;15714;15956;16176;16450;16175;17026;189726;17263;15365;21803;28671;6128;6801;86366;15367;16973;16335;50613;83490;15768;17823;16856;17306;25858;104011;16581;17154;28320;2611;27471;422;28324;88811;17439;18408;16469;12387;16467;18128;30754;17126;17368;17361;15344;16796;17362;40304;18295;15903;32365;31835;176466;16556;17409;16958;2869;16440;17895;17533;18347;17775;16283;17890;15354;17252;17254;28822;9150;18183;28666;16040;95120;28946;33442;32354;28940;1387;87986;32636;18107;17898;68440;32635;15756;17933;17981;176131;6456;28875;33678;35699;28478;28115;17748;16414;16259;3699;7936;16814;15966;17596;17992;16384;64023;17196;16422;38397;17351;16388;16708;16828;16827;3347;34114;88735;15611;17759;17754;30314;16704","","R-HSA-182279;R-HSA-9824402;R-HSA-2466861;R-HSA-182286;R-HSA-9694364;R-HSA-5096537;R-HSA-1839112;R-HSA-1839114;R-HSA-9734274;R-HSA-5638209;R-HSA-5096532;R-HSA-5602383;R-HSA-1839110;R-HSA-5688397;R-HSA-9697423;R-HSA-1839107;R-HSA-9613490;R-HSA-9035949;R-HSA-9035950;R-HSA-9613498;R-HSA-2466828;R-HSA-5683325;R-HSA-9665699;R-HSA-9665697;R-HSA-9665701;R-HSA-9665700;R-HSA-9035966;R-HSA-9665705;R-HSA-9665704;R-HSA-9035954;R-HSA-2466846;R-HSA-9035956;R-HSA-9665709;R-HSA-9729232;R-HSA-2769007;R-HSA-2768993;R-HSA-5659674;R-HSA-8876255;R-HSA-9035987;R-HSA-9768142;R-HSA-9035988;R-HSA-9035990;R-HSA-162914;R-HSA-8876262;R-HSA-5602353;R-HSA-3322971;R-HSA-9729279;R-HSA-8936676;R-HSA-192627;R-HSA-9851109;R-HSA-9851104;R-HSA-9851112;R-HSA-5679145;R-HSA-9703440;R-HSA-9022465;R-HSA-5654748;R-HSA-5660890;R-HSA-9614367;R-HSA-9673757;R-HSA-9673756;R-HSA-9709571;R-HSA-2197691;R-HSA-9703438;R-HSA-2197690;R-HSA-9703439;R-HSA-9703434;R-HSA-167072;R-HSA-9664567;R-HSA-9734193;R-HSA-167076;R-HSA-167077;R-HSA-2691214;R-HSA-167083;R-HSA-8866858;R-HSA-167087;R-HSA-167084;R-HSA-167085;R-HSA-167090;R-HSA-165043;R-HSA-5659879;R-HSA-9614369;R-HSA-4827388;R-HSA-165047;R-HSA-5660910;R-HSA-167098;R-HSA-448703;R-HSA-6785245;R-HSA-167097;R-HSA-9686061;R-HSA-5655702;R-HSA-192704;R-HSA-167111;R-HSA-167115;R-HSA-9725023;R-HSA-167113;R-HSA-167118;R-HSA-167117;R-HSA-9673794;R-HSA-5387392;R-HSA-167121;R-HSA-5621888;R-HSA-9673797;R-HSA-167130;R-HSA-9850958;R-HSA-167128;R-HSA-167134;R-HSA-9664588;R-HSA-167133;R-HSA-167136;R-HSA-2197698;R-HSA-442592;R-HSA-1225978;R-HSA-167147;R-HSA-9660538;R-HSA-9660536;R-HSA-167150;R-HSA-167148;R-HSA-3296477;R-HSA-9725030;R-HSA-167153;R-HSA-9684068;R-HSA-168184;R-HSA-3296462;R-HSA-9660819;R-HSA-3323184;R-HSA-9830805;R-HSA-5600598;R-HSA-9660824;R-HSA-9660829;R-HSA-167181;R-HSA-9660828;R-HSA-167191;R-HSA-9687435;R-HSA-167192;R-HSA-167196;R-HSA-167197;R-HSA-2453818;R-HSA-9664950;R-HSA-5602672;R-HSA-3322135;R-HSA-9701810;R-HSA-191786;R-HSA-4396393;R-HSA-4396392;R-HSA-3322140;R-HSA-5625210;R-HSA-4396402;R-HSA-4396401;R-HSA-5336421;R-HSA-111930;R-HSA-3322125;R-HSA-2243938;R-HSA-167234;R-HSA-9712084;R-HSA-5659926;R-HSA-167235;R-HSA-9712085;R-HSA-9712086;R-HSA-9664976;R-HSA-9664983;R-HSA-5659922;R-HSA-9712083;R-HSA-9729500;R-HSA-192841;R-HSA-9664991;R-HSA-9823706;R-HSA-3560804;R-HSA-3560802;R-HSA-8876497;R-HSA-9694661;R-HSA-9712078;R-HSA-9712079;R-HSA-9729481;R-HSA-9730505;R-HSA-180573;R-HSA-3645780;R-HSA-9694718;R-HSA-9005561;R-HSA-167282;R-HSA-9036283;R-HSA-9830882;R-HSA-9036285;R-HSA-167284;R-HSA-5625123;R-HSA-180603;R-HSA-167288;R-HSA-5602606;R-HSA-3299657;R-HSA-167292;R-HSA-6802919;R-HSA-6802918;R-HSA-9665809;R-HSA-6802916;R-HSA-6802914;R-HSA-6802912;R-HSA-6802927;R-HSA-6802926;R-HSA-6802925;R-HSA-6802924;R-HSA-180622;R-HSA-6802922;R-HSA-9691421;R-HSA-6802921;R-HSA-5683672;R-HSA-6802935;R-HSA-6802934;R-HSA-6802933;R-HSA-6785524;R-HSA-8936731;R-HSA-6802932;R-HSA-168337;R-HSA-6802943;R-HSA-6802942;R-HSA-6802941;R-HSA-192925;R-HSA-9836857;R-HSA-9636128;R-HSA-6802911;R-HSA-880053;R-HSA-6802910;R-HSA-6802908;R-HSA-9687377;R-HSA-5624211;R-HSA-9708889;R-HSA-9629004;R-HSA-9694579;R-HSA-5678517;R-HSA-180710;R-HSA-1176059;R-HSA-9836899;R-HSA-2660816;R-HSA-9823593;R-HSA-180732;R-HSA-3656254;R-HSA-4724291;R-HSA-3656230;R-HSA-4793947;R-HSA-167459;R-HSA-449058;R-HSA-9699007;R-HSA-167468;R-HSA-167474;R-HSA-2219536;R-HSA-9829030;R-HSA-167478;R-HSA-167477;R-HSA-9837231;R-HSA-167481;R-HSA-167484;R-HSA-9698988;R-HSA-9698003;R-HSA-9698000;R-HSA-9698007;R-HSA-9698005;R-HSA-5577244;R-HSA-9698008;R-HSA-9698013;R-HSA-5580292;R-HSA-3325546;R-HSA-9683663;R-HSA-5610038;R-HSA-5601843;R-HSA-2737728;R-HSA-5601849;R-HSA-1247842;R-HSA-3656261;R-HSA-9678561;R-HSA-9035517;R-HSA-3656258;R-HSA-9637605;R-HSA-3656257;R-HSA-1247844;R-HSA-6785565;R-HSA-3656269;R-HSA-3656267;R-HSA-5577259;R-HSA-9698029;R-HSA-5602004;R-HSA-9844241;R-HSA-1500817;R-HSA-9036289;R-HSA-3656382;R-HSA-9036290;R-HSA-9844251;R-HSA-5655233;R-HSA-9005585;R-HSA-5655247;R-HSA-9701903;R-HSA-5655245;R-HSA-9665032;R-HSA-9673231;R-HSA-5655243;R-HSA-5655241;R-HSA-202407;R-HSA-5655268;R-HSA-5602966;R-HSA-9824849;R-HSA-9735775;R-HSA-112333;R-HSA-9734745;R-HSA-170706;R-HSA-169683;R-HSA-169680;R-HSA-170704;R-HSA-2471670;R-HSA-1028817;R-HSA-5601976;R-HSA-2077424;R-HSA-2077421;R-HSA-9735789;R-HSA-5637800;R-HSA-9656211;R-HSA-9656209;R-HSA-9656215;R-HSA-9656214;R-HSA-9656213;R-HSA-9656212;R-HSA-9666458;R-HSA-3318590;R-HSA-9678749;R-HSA-9698179;R-HSA-9665411;R-HSA-8876948;R-HSA-266012;R-HSA-3318571;R-HSA-9656207;R-HSA-5625674;R-HSA-9836468;R-HSA-163617;R-HSA-5658483;R-HSA-2730752;R-HSA-2400009;R-HSA-5358460;R-HSA-2400010;R-HSA-9036729;R-HSA-2900765;R-HSA-5602147;R-HSA-2900756;R-HSA-266046;R-HSA-9727919;R-HSA-6803234;R-HSA-6803233;R-HSA-9759709;R-HSA-9698265;R-HSA-5655323;R-HSA-5655320;R-HSA-4420365;R-HSA-5605147;R-HSA-6803240;R-HSA-2033488;R-HSA-5655301;R-HSA-5602063;R-HSA-2033474;R-HSA-3642203;R-HSA-9023461;R-HSA-9833446;R-HSA-5661474;R-HSA-9022462;R-HSA-5655343;R-HSA-6803230;R-HSA-5655341;R-HSA-3656523;R-HSA-6803227;R-HSA-5655339;R-HSA-5655336;R-HSA-2029466;R-HSA-2220964;R-HSA-9664278;R-HSA-2220967;R-HSA-2220966;R-HSA-2220971;R-HSA-2220976;R-HSA-2220979;R-HSA-2220978;R-HSA-2220981;R-HSA-9686790;R-HSA-2220982;R-HSA-5602242;R-HSA-2220985;R-HSA-9664271;R-HSA-5632970;R-HSA-168865;R-HSA-1839039;R-HSA-5627891;R-HSA-9683769;R-HSA-1839031;R-HSA-5679101;R-HSA-9729849;R-HSA-2220944;R-HSA-168880;R-HSA-2466710;R-HSA-9700131;R-HSA-2220957;R-HSA-2029473;R-HSA-9700181;R-HSA-392129;R-HSA-1839065;R-HSA-8853313;R-HSA-9700179;R-HSA-1861595;R-HSA-1839067;R-HSA-9637699;R-HSA-5628807;R-HSA-9758529;R-HSA-9756494;R-HSA-9666383;R-HSA-5602186;R-HSA-1839100;R-HSA-1839102;R-HSA-5603251;R-HSA-1839098;R-HSA-5682111;R-HSA-2466764;R-HSA-1839094;R-HSA-1839095;R-HSA-9698174;R-HSA-1839091;R-HSA-5578663;R-HSA-1839080;R-HSA-182263;R-HSA-3304394;R-HSA-1839078"
R-HSA-597592,"Post-translational protein modification",82,1655,0.10588611644273832,0.9999999999999971,0.9999999999999971,151,554,0.03693333333333333,9606,Homo sapiens,"17200;37371;16032;27607;17126;17361;16112;16199;25863;26756;16390;28493;32365;76942;17846;89613;48861;17847;176466;16556;15940;15346;17409;76308;2904;27480;2869;51209;4208;85253;28171;16119;18347;4582;17254;17650;24103;16040;16082;28946;78277;27374;34975;32796;33442;35940;32111;32354;1387;86612;35420;68441;32635;28918;17981;27905;15366;16015;18077;15761;30838;10072;37035;32063;17261;21803;30763;28230;17509;27584;15600;16973;17750;66682;28921;28689;28924;31882;16827;27592;27551;27596;15611;17759;12387","","R-HSA-8956040;R-HSA-688136;R-HSA-8853379;R-HSA-8956045;R-HSA-8869506;R-HSA-913675;R-HSA-6814831;R-HSA-159752;R-HSA-6793591;R-HSA-6793590;R-HSA-8955289;R-HSA-159761;R-HSA-6814833;R-HSA-8852127;R-HSA-5665871;R-HSA-6792572;R-HSA-8955285;R-HSA-3640872;R-HSA-6807877;R-HSA-6781764;R-HSA-6807875;R-HSA-159783;R-HSA-8852130;R-HSA-8850594;R-HSA-8852129;R-HSA-6807872;R-HSA-162857;R-HSA-9909159;R-HSA-3000348;R-HSA-159795;R-HSA-9755303;R-HSA-981814;R-HSA-4570493;R-HSA-5693807;R-HSA-159803;R-HSA-9755306;R-HSA-981809;R-HSA-5694487;R-HSA-8956106;R-HSA-5173005;R-HSA-159819;R-HSA-8956099;R-HSA-8956103;R-HSA-159826;R-HSA-914012;R-HSA-914008;R-HSA-9858752;R-HSA-914010;R-HSA-914005;R-HSA-914006;R-HSA-6807868;R-HSA-6807866;R-HSA-6807864;R-HSA-8867288;R-HSA-6804485;R-HSA-3000399;R-HSA-4341025;R-HSA-8956140;R-HSA-8952044;R-HSA-6788867;R-HSA-5665854;R-HSA-5694527;R-HSA-8952289;R-HSA-5694522;R-HSA-914017;R-HSA-914018;R-HSA-8952039;R-HSA-8932327;R-HSA-4615987;R-HSA-3000411;R-HSA-159868;R-HSA-5694423;R-HSA-5694418;R-HSA-5173192;R-HSA-4615872;R-HSA-5694417;R-HSA-8932355;R-HSA-5694425;R-HSA-964737;R-HSA-8956184;R-HSA-5228508;R-HSA-5689539;R-HSA-8942099;R-HSA-8942101;R-HSA-8938773;R-HSA-5689544;R-HSA-5694409;R-HSA-8956200;R-HSA-4615910;R-HSA-5690870;R-HSA-977071;R-HSA-901036;R-HSA-8952618;R-HSA-5228525;R-HSA-901039;R-HSA-8952620;R-HSA-5228523;R-HSA-4551649;R-HSA-6787533;R-HSA-3927959;R-HSA-901024;R-HSA-5694439;R-HSA-6787540;R-HSA-8952638;R-HSA-6781905;R-HSA-8952639;R-HSA-8938815;R-HSA-5694446;R-HSA-8952625;R-HSA-8952626;R-HSA-4551679;R-HSA-6782685;R-HSA-5694445;R-HSA-6786012;R-HSA-4655355;R-HSA-8952630;R-HSA-5694441;R-HSA-8952631;R-HSA-8870469;R-HSA-1964505;R-HSA-8870466;R-HSA-8938829;R-HSA-203973;R-HSA-8870465;R-HSA-1964501;R-HSA-975814;R-HSA-6809006;R-HSA-6807214;R-HSA-6809003;R-HSA-532678;R-HSA-5358494;R-HSA-6809015;R-HSA-964830;R-HSA-6809014;R-HSA-6809011;R-HSA-6809010;R-HSA-964825;R-HSA-4085217;R-HSA-901074;R-HSA-163810;R-HSA-8955241;R-HSA-8955245;R-HSA-204008;R-HSA-8940388;R-HSA-163820;R-HSA-446185;R-HSA-446194;R-HSA-981497;R-HSA-2179291;R-HSA-446202;R-HSA-446200"
R-HSA-1266738,"Developmental Biology",87,1732,0.1108125399872041,0.9999999999999984,0.9999999999999984,309,910,0.06066666666666667,9606,Homo sapiens,"90000;17200;17201;17685;17202;70997;17203;16675;16796;9349;16113;15783;86507;2668;17927;30746;31835;16634;15864;17409;15741;2904;15901;15428;4208;30745;30744;16682;16285;16680;16283;17973;16322;30531;2676;33442;1387;15918;34496;35420;17418;16325;91316;89963;17336;89884;50205;15956;68440;32635;16330;15882;16410;6456;6698;28116;2691;21803;20912;17261;28671;15728;28197;27389;33033;6128;87732;15367;15603;1879;17750;89582;38397;17196;17351;17154;16540;34154;28364;28320;27470;27432;3347;34114;88458;15854;16668;16104;12387;30314;15614","","R-HSA-9759892;R-HSA-6806629;R-HSA-3928627;R-HSA-3928628;R-HSA-9735302;R-HSA-9634433;R-HSA-3928623;R-HSA-8942224;R-HSA-9733772;R-HSA-9725621;R-HSA-3928602;R-HSA-6805573;R-HSA-418850;R-HSA-9759920;R-HSA-3928607;R-HSA-3928604;R-HSA-3928595;R-HSA-392749;R-HSA-392748;R-HSA-9844415;R-HSA-392751;R-HSA-418858;R-HSA-418856;R-HSA-555065;R-HSA-6806613;R-HSA-9735335;R-HSA-3928584;R-HSA-6806610;R-HSA-392752;R-HSA-418865;R-HSA-399934;R-HSA-399935;R-HSA-3928578;R-HSA-9617067;R-HSA-399933;R-HSA-418874;R-HSA-399930;R-HSA-3928583;R-HSA-6814298;R-HSA-399931;R-HSA-399928;R-HSA-9824981;R-HSA-9619667;R-HSA-399941;R-HSA-8855747;R-HSA-399939;R-HSA-9734353;R-HSA-6810159;R-HSA-399951;R-HSA-6810158;R-HSA-6814764;R-HSA-399946;R-HSA-9824472;R-HSA-6805546;R-HSA-399947;R-HSA-399944;R-HSA-9844440;R-HSA-399952;R-HSA-6810161;R-HSA-6809663;R-HSA-9796300;R-HSA-5617676;R-HSA-9619657;R-HSA-5617672;R-HSA-8853734;R-HSA-9835252;R-HSA-9616116;R-HSA-9822461;R-HSA-6814734;R-HSA-8853737;R-HSA-9690877;R-HSA-3928651;R-HSA-3928648;R-HSA-3928654;R-HSA-8853745;R-HSA-3928642;R-HSA-8853755;R-HSA-6810139;R-HSA-480378;R-HSA-8853753;R-HSA-3928645;R-HSA-5617877;R-HSA-5617874;R-HSA-445071;R-HSA-5617887;R-HSA-8855564;R-HSA-445069;R-HSA-1980047;R-HSA-445079;R-HSA-6810357;R-HSA-445076;R-HSA-445077;R-HSA-5617862;R-HSA-5617859;R-HSA-9824268;R-HSA-5693644;R-HSA-445084;R-HSA-5617867;R-HSA-9824266;R-HSA-9735179;R-HSA-5617866;R-HSA-9756724;R-HSA-9825847;R-HSA-9857585;R-HSA-445089;R-HSA-9825848;R-HSA-449200;R-HSA-9859104;R-HSA-5617896;R-HSA-9734697;R-HSA-9858646;R-HSA-9844822;R-HSA-9858647;R-HSA-9692241;R-HSA-9858645;R-HSA-8855617;R-HSA-9830480;R-HSA-9692250;R-HSA-9011289;R-HSA-6814387;R-HSA-9858636;R-HSA-9754191;R-HSA-9733705;R-HSA-9759859;R-HSA-452331;R-HSA-9618559;R-HSA-9011300;R-HSA-9735268;R-HSA-9011313;R-HSA-9735276;R-HSA-9823849;R-HSA-5617492;R-HSA-9761173;R-HSA-9832340;R-HSA-9621399;R-HSA-9761170;R-HSA-9834897;R-HSA-452353;R-HSA-1183003;R-HSA-9621400;R-HSA-9621406;R-HSA-9818523;R-HSA-9621404;R-HSA-593690;R-HSA-9793921;R-HSA-9824653;R-HSA-5617484;R-HSA-9761166;R-HSA-5617486;R-HSA-9832331;R-HSA-5617483;R-HSA-9734578;R-HSA-9614773;R-HSA-622382;R-HSA-9614778;R-HSA-376117;R-HSA-9621410;R-HSA-9855910;R-HSA-9621411;R-HSA-376119;R-HSA-9855908;R-HSA-9749920;R-HSA-9761186;R-HSA-9734572;R-HSA-376121;R-HSA-1183058;R-HSA-8854981;R-HSA-5617431;R-HSA-9825751;R-HSA-376134;R-HSA-9825747;R-HSA-9835473;R-HSA-5621010;R-HSA-9824222;R-HSA-211272;R-HSA-560472;R-HSA-560473;R-HSA-9614787;R-HSA-9734597;R-HSA-9613760;R-HSA-210769;R-HSA-8855508;R-HSA-428885;R-HSA-9614790;R-HSA-6809393;R-HSA-210773;R-HSA-211289;R-HSA-6810937;R-HSA-5621002;R-HSA-210780;R-HSA-375140;R-HSA-9825780;R-HSA-560491;R-HSA-9823729;R-HSA-560493;R-HSA-381283;R-HSA-211301;R-HSA-6810894;R-HSA-375151;R-HSA-5617471;R-HSA-375144;R-HSA-9825275;R-HSA-5617445;R-HSA-9692135;R-HSA-9830368;R-HSA-9830371;R-HSA-560510;R-HSA-381309;R-HSA-9824236;R-HSA-5617452;R-HSA-977271;R-HSA-9825772;R-HSA-560498;R-HSA-9735151;R-HSA-5617454;R-HSA-9835496;R-HSA-6814695;R-HSA-9756948;R-HSA-443783;R-HSA-443780;R-HSA-9690896;R-HSA-9615638;R-HSA-443778;R-HSA-8853762;R-HSA-443779;R-HSA-9825555;R-HSA-9735442;R-HSA-374669;R-HSA-8853774;R-HSA-560517;R-HSA-443784;R-HSA-374677;R-HSA-211346;R-HSA-9835266;R-HSA-374673;R-HSA-374672;R-HSA-211350;R-HSA-374675;R-HSA-9615626;R-HSA-8853789;R-HSA-374686;R-HSA-9735439;R-HSA-381337;R-HSA-374681;R-HSA-374680;R-HSA-374683;R-HSA-8853793;R-HSA-4093336;R-HSA-8853792;R-HSA-5617650;R-HSA-5617661;R-HSA-374696;R-HSA-9844536;R-HSA-8853800;R-HSA-443817;R-HSA-9758501;R-HSA-448951;R-HSA-4093327;R-HSA-9618725;R-HSA-448958;R-HSA-448957;R-HSA-416698;R-HSA-5617641;R-HSA-448955;R-HSA-9693009;R-HSA-9824598;R-HSA-448962;R-HSA-9824593;R-HSA-448963;R-HSA-9857375;R-HSA-9793887;R-HSA-9793375;R-HSA-373716;R-HSA-9844549;R-HSA-9824579;R-HSA-428511;R-HSA-9816396;R-HSA-9014610;R-HSA-9824586;R-HSA-9010539;R-HSA-9754480;R-HSA-9010541;R-HSA-428515;R-HSA-437230;R-HSA-9727359;R-HSA-210920;R-HSA-8855915;R-HSA-9793400;R-HSA-373736;R-HSA-9727354;R-HSA-373739;R-HSA-9844600;R-HSA-9727355;R-HSA-428535;R-HSA-9793383;R-HSA-9793382;R-HSA-6811539;R-HSA-9830754;R-HSA-8854899;R-HSA-437234;R-HSA-9014652;R-HSA-428531;R-HSA-8854897;R-HSA-9730412;R-HSA-9830765;R-HSA-8854908;R-HSA-9830762;R-HSA-437243;R-HSA-8854905"
R-HSA-9709957,"Sensory Perception",47,1262,0.08074216250799744,1.0,1.0,82,143,0.009533333333333333,9606,Homo sapiens,"16196;15366;19660;16113;17362;27500;28837;26756;88700;15843;30768;15940;17409;15367;45571;1879;17306;16440;8387;17992;25858;18346;15355;16168;17252;30805;17351;15573;28600;27732;28946;28484;32111;422;83501;15854;17814;16347;16962;30776;17336;17754;16628;46195;18107;17898;17579;35704","","R-HSA-2466085;R-HSA-2404133;R-HSA-2404134;R-HSA-975629;R-HSA-9662096;R-HSA-9737111;R-HSA-2404135;R-HSA-8956427;R-HSA-2464803;R-HSA-2404131;R-HSA-2404140;R-HSA-2404142;R-HSA-2464809;R-HSA-2399913;R-HSA-2404137;R-HSA-2404139;R-HSA-2464810;R-HSA-9663363;R-HSA-2584246;R-HSA-2464822;R-HSA-2404144;R-HSA-2465971;R-HSA-2424254;R-HSA-975635;R-HSA-975633;R-HSA-5164399;R-HSA-2465926;R-HSA-9712190;R-HSA-9717182;R-HSA-2395784;R-HSA-3229213;R-HSA-9728697;R-HSA-2465940;R-HSA-2465938;R-HSA-9663785;R-HSA-2466718;R-HSA-2466846;R-HSA-9717205;R-HSA-9717206;R-HSA-2453863;R-HSA-9712208;R-HSA-2581474;R-HSA-9717202;R-HSA-9712210;R-HSA-9728723;R-HSA-9717214;R-HSA-74059;R-HSA-9717215;R-HSA-2423785;R-HSA-9728729;R-HSA-74065;R-HSA-2395764;R-HSA-2453876;R-HSA-9712199;R-HSA-6786239;R-HSA-74843;R-HSA-2395768;R-HSA-1467466;R-HSA-9717193;R-HSA-9712201;R-HSA-5246478;R-HSA-9737035;R-HSA-2534087;R-HSA-2632521;R-HSA-9752950;R-HSA-9752951;R-HSA-9728752;R-HSA-975594;R-HSA-2187332;R-HSA-9659380;R-HSA-975593;R-HSA-2466764;R-HSA-9663736;R-HSA-2453833;R-HSA-2429643;R-HSA-2855259;R-HSA-975608;R-HSA-9728748;R-HSA-74872;R-HSA-2453855;R-HSA-2855252;R-HSA-9728747"
R-HSA-381753,"Olfactory Signaling Pathway",14,887,0.05674984005118362,1.0,1.0,7,13,8.666666666666666E-4,9606,Homo sapiens,"8387;18346;15366;30805;17362;28600;27500;28837;28484;422;30768;45571;30776;1879","","R-HSA-9752950;R-HSA-9712199;R-HSA-9752951;R-HSA-9712208;R-HSA-9712210;R-HSA-9712190;R-HSA-9712201"
R-HSA-9752946,"Expression and translocation of olfactory receptors",2,813,0.05201535508637236,1.0,1.0,2,4,2.666666666666667E-4,9606,Homo sapiens,"8387;1879","","R-HSA-9752950;R-HSA-9752951"
R-HSA-392499,"Metabolism of proteins",128,2347,0.15015994881637876,1.0,1.0,261,847,0.056466666666666665,9606,Homo sapiens,"17200;16196;16235;9349;16112;16199;25863;2668;28972;48861;76942;17846;89613;17847;15940;15946;76308;27480;85253;4208;6904;28171;16119;16000;4582;30805;16002;28623;16082;78277;27374;34975;32796;27410;35940;86612;35420;27905;15366;10072;18077;15761;15486;37035;17385;133686;17380;21803;17261;28716;28837;42504;28671;30763;27584;6128;5832;16973;16335;25858;28689;27592;27596;12387;15532;16104;70979;16032;37371;27607;17126;17361;26756;16390;28493;53460;32365;176466;16556;15346;17409;2904;51209;2869;18347;15355;16322;17254;17650;24103;16040;28946;28661;33442;32111;32354;1387;16325;68441;68440;32635;28918;17981;16015;71466;30838;32063;28875;28595;28230;17509;53486;53487;49575;15600;17750;17596;66682;17196;38397;28921;28645;28924;28364;31882;16827;27432;34114;27551;15611;17759","","R-HSA-8956040;R-HSA-688136;R-HSA-381446;R-HSA-5660757;R-HSA-8956045;R-HSA-8869506;R-HSA-5660752;R-HSA-5660753;R-HSA-8850560;R-HSA-6814831;R-HSA-159752;R-HSA-381461;R-HSA-159761;R-HSA-6814833;R-HSA-9023633;R-HSA-8852127;R-HSA-5665871;R-HSA-9023632;R-HSA-3640872;R-HSA-381466;R-HSA-159783;R-HSA-8852130;R-HSA-8850594;R-HSA-8852129;R-HSA-5684862;R-HSA-381487;R-HSA-162857;R-HSA-421416;R-HSA-3000348;R-HSA-159795;R-HSA-9023163;R-HSA-9755303;R-HSA-381500;R-HSA-159803;R-HSA-381503;R-HSA-381496;R-HSA-9755306;R-HSA-9023159;R-HSA-5694487;R-HSA-8956106;R-HSA-9023178;R-HSA-159819;R-HSA-9023171;R-HSA-381518;R-HSA-8956099;R-HSA-9023173;R-HSA-400459;R-HSA-8956103;R-HSA-159826;R-HSA-914012;R-HSA-5683714;R-HSA-914008;R-HSA-9023196;R-HSA-9858752;R-HSA-914010;R-HSA-914005;R-HSA-378975;R-HSA-914006;R-HSA-381543;R-HSA-6804485;R-HSA-3000399;R-HSA-8956140;R-HSA-381537;R-HSA-8952044;R-HSA-380002;R-HSA-5665854;R-HSA-5694527;R-HSA-418925;R-HSA-5694522;R-HSA-914017;R-HSA-381545;R-HSA-914018;R-HSA-8952039;R-HSA-400500;R-HSA-3000411;R-HSA-400496;R-HSA-400509;R-HSA-159868;R-HSA-1799326;R-HSA-4615872;R-HSA-156808;R-HSA-8932355;R-HSA-964737;R-HSA-9839110;R-HSA-156823;R-HSA-5689539;R-HSA-9838081;R-HSA-156826;R-HSA-157849;R-HSA-8942099;R-HSA-9838093;R-HSA-8942101;R-HSA-5689544;R-HSA-4615910;R-HSA-977071;R-HSA-422051;R-HSA-422048;R-HSA-6814418;R-HSA-5687520;R-HSA-1799330;R-HSA-1799329;R-HSA-6782685;R-HSA-1799335;R-HSA-9839146;R-HSA-4655355;R-HSA-1799332;R-HSA-8870469;R-HSA-8870466;R-HSA-203973;R-HSA-8870465;R-HSA-6807214;R-HSA-532678;R-HSA-964830;R-HSA-964825;R-HSA-8850527;R-HSA-422104;R-HSA-156907;R-HSA-204008;R-HSA-446185;R-HSA-156915;R-HSA-156912;R-HSA-5693092;R-HSA-446194;R-HSA-156923;R-HSA-2179291;R-HSA-446202;R-HSA-977136;R-HSA-446200;R-HSA-8853379;R-HSA-913675;R-HSA-9837978;R-HSA-6793591;R-HSA-6793590;R-HSA-8955289;R-HSA-264976;R-HSA-6792572;R-HSA-8955285;R-HSA-264997;R-HSA-6807877;R-HSA-9838004;R-HSA-6781764;R-HSA-6807875;R-HSA-6807872;R-HSA-9909159;R-HSA-390453;R-HSA-265010;R-HSA-981814;R-HSA-4570493;R-HSA-5693807;R-HSA-390459;R-HSA-981809;R-HSA-5173005;R-HSA-390470;R-HSA-389955;R-HSA-389964;R-HSA-9839064;R-HSA-976734;R-HSA-389974;R-HSA-383313;R-HSA-389969;R-HSA-389970;R-HSA-389980;R-HSA-6807868;R-HSA-6807866;R-HSA-389976;R-HSA-6807864;R-HSA-8867288;R-HSA-381799;R-HSA-381798;R-HSA-4341025;R-HSA-6788867;R-HSA-141671;R-HSA-8952289;R-HSA-141673;R-HSA-8932327;R-HSA-9817575;R-HSA-4615987;R-HSA-9839072;R-HSA-9839073;R-HSA-141691;R-HSA-5694423;R-HSA-5694418;R-HSA-5173192;R-HSA-5694417;R-HSA-5694425;R-HSA-8956184;R-HSA-5228508;R-HSA-8938773;R-HSA-5694409;R-HSA-8956200;R-HSA-5690870;R-HSA-901036;R-HSA-8952618;R-HSA-5228525;R-HSA-901039;R-HSA-8952620;R-HSA-5228523;R-HSA-4551649;R-HSA-72619;R-HSA-6787533;R-HSA-72621;R-HSA-3927959;R-HSA-901024;R-HSA-5658104;R-HSA-5694439;R-HSA-5661157;R-HSA-6787540;R-HSA-8952638;R-HSA-6781905;R-HSA-8952639;R-HSA-8938815;R-HSA-5694446;R-HSA-8952625;R-HSA-8952626;R-HSA-4551679;R-HSA-5694445;R-HSA-6786012;R-HSA-8952630;R-HSA-5694441;R-HSA-8952631;R-HSA-5661161;R-HSA-6814119;R-HSA-1964505;R-HSA-265153;R-HSA-8938829;R-HSA-1964501;R-HSA-975814;R-HSA-6809006;R-HSA-6814124;R-HSA-6809003;R-HSA-265160;R-HSA-6814121;R-HSA-6814120;R-HSA-5358494;R-HSA-6809015;R-HSA-6809014;R-HSA-6809011;R-HSA-6809010;R-HSA-5658496;R-HSA-5676940;R-HSA-265177;R-HSA-72671;R-HSA-4085217;R-HSA-901074;R-HSA-72673;R-HSA-163810;R-HSA-72672;R-HSA-8955241;R-HSA-381412;R-HSA-2022396;R-HSA-72676;R-HSA-8955245;R-HSA-8940388;R-HSA-163820;R-HSA-5676966;R-HSA-72691;R-HSA-5693346;R-HSA-981497;R-HSA-72697;R-HSA-2022368;R-HSA-381435"
R-HSA-74160,"Gene expression (Transcription)",88,1941,0.12418426103646833,1.0,1.0,333,1103,0.07353333333333334,9606,Homo sapiens,"17685;9188;16796;16390;44747;16070;86507;2668;2700;32365;28610;89613;31835;176466;15940;17409;2904;18019;2869;4208;17405;15351;17973;17254;17650;4784;28426;9150;41941;23774;95120;1547;30531;33442;32354;28940;1387;15676;91316;89963;68441;32636;30852;29073;16330;17981;176131;15366;91315;2691;21803;25722;31575;27781;33678;30763;25682;27584;86366;15367;16973;17347;50613;7936;15768;1879;17750;17992;50619;16422;90333;16388;17154;41001;27637;16827;88738;88735;88811;174255;16469;17759;16104;12387;30754;17710;30314;15978;30832","","R-HSA-8937097;R-HSA-9007759;R-HSA-8878220;R-HSA-8951428;R-HSA-9017988;R-HSA-433672;R-HSA-8877192;R-HSA-9623168;R-HSA-6805620;R-HSA-112149;R-HSA-9023132;R-HSA-8951966;R-HSA-112150;R-HSA-112153;R-HSA-6810239;R-HSA-6810238;R-HSA-112152;R-HSA-8951442;R-HSA-112155;R-HSA-8878237;R-HSA-8951443;R-HSA-6810235;R-HSA-2187325;R-HSA-6810234;R-HSA-112156;R-HSA-6810233;R-HSA-73758;R-HSA-8939688;R-HSA-8936616;R-HSA-9615536;R-HSA-9613494;R-HSA-8878243;R-HSA-8936621;R-HSA-9022625;R-HSA-73769;R-HSA-5211239;R-HSA-9613497;R-HSA-8939706;R-HSA-380979;R-HSA-9007283;R-HSA-8936628;R-HSA-9843927;R-HSA-3222128;R-HSA-109639;R-HSA-8869568;R-HSA-75850;R-HSA-9615554;R-HSA-75856;R-HSA-8869590;R-HSA-75861;R-HSA-9022175;R-HSA-75862;R-HSA-75864;R-HSA-9009362;R-HSA-75866;R-HSA-9821902;R-HSA-75869;R-HSA-8953556;R-HSA-8864999;R-HSA-75873;R-HSA-9022186;R-HSA-9623281;R-HSA-376419;R-HSA-9018594;R-HSA-9614562;R-HSA-75891;R-HSA-9021183;R-HSA-9821410;R-HSA-8938228;R-HSA-9007860;R-HSA-9821931;R-HSA-8938231;R-HSA-8865280;R-HSA-9021953;R-HSA-8940032;R-HSA-9021952;R-HSA-5632732;R-HSA-9021954;R-HSA-1980047;R-HSA-382096;R-HSA-8936979;R-HSA-111264;R-HSA-9622579;R-HSA-8878117;R-HSA-9006122;R-HSA-9821235;R-HSA-9620532;R-HSA-8936481;R-HSA-9845308;R-HSA-8936995;R-HSA-75949;R-HSA-9818682;R-HSA-8937016;R-HSA-9023549;R-HSA-8864307;R-HSA-5632738;R-HSA-9023538;R-HSA-9622572;R-HSA-2032800;R-HSA-6814885;R-HSA-8937037;R-HSA-9017921;R-HSA-975040;R-HSA-6797993;R-HSA-9007686;R-HSA-9625693;R-HSA-8952408;R-HSA-9020504;R-HSA-8937050;R-HSA-6798004;R-HSA-73946;R-HSA-9622604;R-HSA-9023592;R-HSA-6805126;R-HSA-6805638;R-HSA-8953452;R-HSA-6805122;R-HSA-9020513;R-HSA-9017441;R-HSA-9017954;R-HSA-74986;R-HSA-9017447;R-HSA-6805640;R-HSA-74993;R-HSA-74992;R-HSA-9625699;R-HSA-74994;R-HSA-9733216;R-HSA-6805650;R-HSA-9017983;R-HSA-112379;R-HSA-113402;R-HSA-112381;R-HSA-112383;R-HSA-113407;R-HSA-113409;R-HSA-112385;R-HSA-113411;R-HSA-113413;R-HSA-113412;R-HSA-8938382;R-HSA-113414;R-HSA-112392;R-HSA-83723;R-HSA-112395;R-HSA-3790130;R-HSA-77069;R-HSA-112396;R-HSA-77068;R-HSA-77071;R-HSA-77073;R-HSA-9022872;R-HSA-9021851;R-HSA-9006490;R-HSA-77586;R-HSA-9022365;R-HSA-113429;R-HSA-9769345;R-HSA-9769347;R-HSA-76054;R-HSA-113430;R-HSA-77592;R-HSA-9006992;R-HSA-76056;R-HSA-76060;R-HSA-6806394;R-HSA-9022359;R-HSA-9021847;R-HSA-9022870;R-HSA-76576;R-HSA-5250930;R-HSA-9006507;R-HSA-9005995;R-HSA-9005994;R-HSA-9006508;R-HSA-8938913;R-HSA-5250938;R-HSA-9615801;R-HSA-9005988;R-HSA-9006503;R-HSA-112430;R-HSA-113454;R-HSA-8938938;R-HSA-6814549;R-HSA-8877493;R-HSA-112437;R-HSA-9009085;R-HSA-8877490;R-HSA-6814559;R-HSA-6814555;R-HSA-6814554;R-HSA-6797606;R-HSA-8853956;R-HSA-9615829;R-HSA-9021888;R-HSA-8853965;R-HSA-6797100;R-HSA-111437;R-HSA-83788;R-HSA-83791;R-HSA-9727450;R-HSA-83790;R-HSA-83793;R-HSA-9022941;R-HSA-1484099;R-HSA-9021919;R-HSA-9022942;R-HSA-6797616;R-HSA-83803;R-HSA-83805;R-HSA-8938965;R-HSA-9022935;R-HSA-9022934;R-HSA-427366;R-HSA-8938987;R-HSA-9021935;R-HSA-9008110;R-HSA-9006050;R-HSA-8938981;R-HSA-350058;R-HSA-8865256;R-HSA-9006585;R-HSA-9021945;R-HSA-9022456;R-HSA-9021944;R-HSA-9676257;R-HSA-9021946;R-HSA-9021949;R-HSA-9021948;R-HSA-9006588;R-HSA-9021951;R-HSA-8865265;R-HSA-9021950;R-HSA-4396347;R-HSA-9844716;R-HSA-9022453;R-HSA-9623023;R-HSA-9676268;R-HSA-9843990;R-HSA-9022728;R-HSA-9617683;R-HSA-212352;R-HSA-6799332;R-HSA-8938251;R-HSA-9022734;R-HSA-212356;R-HSA-9008389;R-HSA-163214;R-HSA-9736984;R-HSA-8865546;R-HSA-6803946;R-HSA-5578712;R-HSA-8952069;R-HSA-9843993;R-HSA-5631941;R-HSA-8939801;R-HSA-8877338;R-HSA-4411357;R-HSA-212380;R-HSA-9626928;R-HSA-8877348;R-HSA-4411367;R-HSA-9022764;R-HSA-8877345;R-HSA-9818937;R-HSA-5578744;R-HSA-6798282;R-HSA-8986937;R-HSA-9844006;R-HSA-8877879;R-HSA-8986939;R-HSA-2186643;R-HSA-8935740;R-HSA-8986940;R-HSA-8986943;R-HSA-112055;R-HSA-9821475;R-HSA-112054;R-HSA-9008433;R-HSA-9844015;R-HSA-2127257;R-HSA-6805470;R-HSA-9022770;R-HSA-8877884;R-HSA-8935731;R-HSA-9821486;R-HSA-8877369;R-HSA-9626962;R-HSA-9008456;R-HSA-6803875;R-HSA-8877391;R-HSA-8877902;R-HSA-9617758;R-HSA-9769307;R-HSA-9844057;R-HSA-5250947;R-HSA-212432;R-HSA-8877396;R-HSA-6803892;R-HSA-9626945;R-HSA-6803890;R-HSA-6800816;R-HSA-8957265;R-HSA-8877918;R-HSA-9828175;R-HSA-6798268;R-HSA-9007447;R-HSA-8937814;R-HSA-9006422;R-HSA-9818954;R-HSA-9007465;R-HSA-8877414;R-HSA-9007464;R-HSA-9022315;R-HSA-9007467;R-HSA-9022314;R-HSA-9623415;R-HSA-8877421;R-HSA-6806412;R-HSA-9007462;R-HSA-8939900;R-HSA-5633441;R-HSA-72180;R-HSA-6797712;R-HSA-9644900;R-HSA-9023345;R-HSA-6803871;R-HSA-2176475;R-HSA-380927;R-HSA-9023346;R-HSA-427514;R-HSA-9023348;R-HSA-9023351"
R-HSA-73857,"RNA Polymerase II Transcription",76,1728,0.11055662188099807,1.0,1.0,278,941,0.06273333333333334,9606,Homo sapiens,"17685;16796;16390;16070;86507;2700;28610;89613;31835;176466;15940;2904;18019;2869;4208;17405;17973;17254;17650;28426;9150;41941;23774;95120;1547;30531;33442;28940;1387;15676;91316;89963;68441;32636;30852;29073;16330;176131;15366;91315;2691;21803;25722;27781;33678;30763;25682;27584;86366;15367;16973;17347;50613;7936;15768;1879;17750;17992;50619;16422;90333;16388;17154;41001;27637;16827;88735;88811;174255;16469;16104;12387;30754;17710;30314;15978;30832","","R-HSA-8937097;R-HSA-9007759;R-HSA-8878220;R-HSA-8951428;R-HSA-9017988;R-HSA-8877192;R-HSA-9623168;R-HSA-6805620;R-HSA-9023132;R-HSA-8951966;R-HSA-6810239;R-HSA-6810238;R-HSA-8951442;R-HSA-8878237;R-HSA-8951443;R-HSA-6810235;R-HSA-2187325;R-HSA-6810234;R-HSA-6810233;R-HSA-8939688;R-HSA-8936616;R-HSA-9615536;R-HSA-9613494;R-HSA-8878243;R-HSA-8936621;R-HSA-9022625;R-HSA-9613497;R-HSA-8939706;R-HSA-380979;R-HSA-9007283;R-HSA-8936628;R-HSA-3222128;R-HSA-109639;R-HSA-8869568;R-HSA-75850;R-HSA-9615554;R-HSA-75856;R-HSA-8869590;R-HSA-75861;R-HSA-9022175;R-HSA-75862;R-HSA-75864;R-HSA-9009362;R-HSA-75866;R-HSA-75869;R-HSA-8953556;R-HSA-8864999;R-HSA-75873;R-HSA-9022186;R-HSA-9623281;R-HSA-376419;R-HSA-9018594;R-HSA-9614562;R-HSA-75891;R-HSA-9021183;R-HSA-8938228;R-HSA-9007860;R-HSA-8938231;R-HSA-8865280;R-HSA-9021953;R-HSA-8940032;R-HSA-9021952;R-HSA-5632732;R-HSA-9021954;R-HSA-1980047;R-HSA-382096;R-HSA-8936979;R-HSA-111264;R-HSA-9622579;R-HSA-8878117;R-HSA-9006122;R-HSA-9620532;R-HSA-8936481;R-HSA-8936995;R-HSA-75949;R-HSA-8937016;R-HSA-9023549;R-HSA-8864307;R-HSA-5632738;R-HSA-9023538;R-HSA-9622572;R-HSA-2032800;R-HSA-6814885;R-HSA-8937037;R-HSA-9017921;R-HSA-975040;R-HSA-6797993;R-HSA-9007686;R-HSA-9625693;R-HSA-8952408;R-HSA-9020504;R-HSA-8937050;R-HSA-6798004;R-HSA-73946;R-HSA-9622604;R-HSA-9023592;R-HSA-6805126;R-HSA-6805638;R-HSA-8953452;R-HSA-6805122;R-HSA-9020513;R-HSA-9017441;R-HSA-9017954;R-HSA-9017447;R-HSA-6805640;R-HSA-9625699;R-HSA-9733216;R-HSA-6805650;R-HSA-9017983;R-HSA-112379;R-HSA-113402;R-HSA-112381;R-HSA-112383;R-HSA-113407;R-HSA-113409;R-HSA-112385;R-HSA-113411;R-HSA-113413;R-HSA-113412;R-HSA-8938382;R-HSA-113414;R-HSA-112392;R-HSA-112395;R-HSA-3790130;R-HSA-77069;R-HSA-112396;R-HSA-77068;R-HSA-77071;R-HSA-77073;R-HSA-9022872;R-HSA-9021851;R-HSA-9006490;R-HSA-77586;R-HSA-9022365;R-HSA-113429;R-HSA-9769345;R-HSA-9769347;R-HSA-113430;R-HSA-77592;R-HSA-9006992;R-HSA-6806394;R-HSA-9022359;R-HSA-9021847;R-HSA-9022870;R-HSA-76576;R-HSA-9006507;R-HSA-9005995;R-HSA-9005994;R-HSA-9006508;R-HSA-8938913;R-HSA-9615801;R-HSA-9005988;R-HSA-9006503;R-HSA-112430;R-HSA-8938938;R-HSA-6814549;R-HSA-8877493;R-HSA-112437;R-HSA-9009085;R-HSA-8877490;R-HSA-6814559;R-HSA-6814555;R-HSA-6814554;R-HSA-6797606;R-HSA-8853956;R-HSA-9615829;R-HSA-9021888;R-HSA-8853965;R-HSA-6797100;R-HSA-111437;R-HSA-9022941;R-HSA-1484099;R-HSA-9021919;R-HSA-9022942;R-HSA-6797616;R-HSA-8938965;R-HSA-9022935;R-HSA-9022934;R-HSA-8938987;R-HSA-9021935;R-HSA-9008110;R-HSA-9006050;R-HSA-8938981;R-HSA-350058;R-HSA-8865256;R-HSA-9006585;R-HSA-9021945;R-HSA-9022456;R-HSA-9021944;R-HSA-9021946;R-HSA-9021949;R-HSA-9021948;R-HSA-9006588;R-HSA-9021951;R-HSA-8865265;R-HSA-9021950;R-HSA-4396347;R-HSA-9022453;R-HSA-9623023;R-HSA-9022728;R-HSA-9617683;R-HSA-212352;R-HSA-6799332;R-HSA-8938251;R-HSA-9022734;R-HSA-212356;R-HSA-9008389;R-HSA-163214;R-HSA-9736984;R-HSA-8865546;R-HSA-6803946;R-HSA-8952069;R-HSA-5631941;R-HSA-8939801;R-HSA-8877338;R-HSA-4411357;R-HSA-212380;R-HSA-9626928;R-HSA-8877348;R-HSA-4411367;R-HSA-9022764;R-HSA-8877345;R-HSA-6798282;R-HSA-8986937;R-HSA-8877879;R-HSA-8986939;R-HSA-2186643;R-HSA-8935740;R-HSA-8986940;R-HSA-8986943;R-HSA-9008433;R-HSA-2127257;R-HSA-6805470;R-HSA-9022770;R-HSA-8877884;R-HSA-8935731;R-HSA-8877369;R-HSA-9626962;R-HSA-9008456;R-HSA-6803875;R-HSA-8877391;R-HSA-8877902;R-HSA-9617758;R-HSA-9769307;R-HSA-212432;R-HSA-8877396;R-HSA-6803892;R-HSA-9626945;R-HSA-6803890;R-HSA-6800816;R-HSA-8957265;R-HSA-8877918;R-HSA-6798268;R-HSA-9007447;R-HSA-8937814;R-HSA-9006422;R-HSA-9007465;R-HSA-8877414;R-HSA-9007464;R-HSA-9022315;R-HSA-9007467;R-HSA-9022314;R-HSA-9623415;R-HSA-8877421;R-HSA-6806412;R-HSA-9007462;R-HSA-8939900;R-HSA-5633441;R-HSA-72180;R-HSA-6797712;R-HSA-9644900;R-HSA-9023345;R-HSA-6803871;R-HSA-2176475;R-HSA-380927;R-HSA-9023346;R-HSA-9023348;R-HSA-9023351"
R-HSA-212436,"Generic Transcription Pathway",72,1586,0.10147152911068458,1.0,1.0,226,880,0.058666666666666666,9606,Homo sapiens,"17685;16796;16390;16070;86507;2700;28610;89613;31835;176466;15940;2904;18019;2869;4208;17405;17973;17254;17650;28426;9150;41941;23774;95120;1547;30531;33442;28940;1387;15676;91316;89963;68441;30852;29073;16330;176131;15366;91315;2691;21803;25722;33678;30763;25682;27584;86366;15367;16973;17347;50613;7936;15768;1879;17750;17992;16422;90333;16388;17154;41001;27637;16827;88735;88811;16469;16104;12387;30754;17710;30314;15978;30832","","R-HSA-8937097;R-HSA-9007759;R-HSA-8878220;R-HSA-8951428;R-HSA-9017988;R-HSA-8877192;R-HSA-9623168;R-HSA-6805620;R-HSA-9023132;R-HSA-8951966;R-HSA-8951442;R-HSA-8878237;R-HSA-8951443;R-HSA-2187325;R-HSA-8939688;R-HSA-8936616;R-HSA-9615536;R-HSA-8878243;R-HSA-8936621;R-HSA-9022625;R-HSA-8939706;R-HSA-380979;R-HSA-9007283;R-HSA-8936628;R-HSA-3222128;R-HSA-8869568;R-HSA-9615554;R-HSA-8869590;R-HSA-9022175;R-HSA-9009362;R-HSA-8953556;R-HSA-8864999;R-HSA-9022186;R-HSA-9623281;R-HSA-376419;R-HSA-9018594;R-HSA-9614562;R-HSA-9021183;R-HSA-8938228;R-HSA-9007860;R-HSA-8938231;R-HSA-8865280;R-HSA-9021953;R-HSA-8940032;R-HSA-9021952;R-HSA-5632732;R-HSA-9021954;R-HSA-1980047;R-HSA-382096;R-HSA-8936979;R-HSA-9622579;R-HSA-8878117;R-HSA-9006122;R-HSA-9620532;R-HSA-8936481;R-HSA-8936995;R-HSA-8937016;R-HSA-9023549;R-HSA-8864307;R-HSA-5632738;R-HSA-9023538;R-HSA-9622572;R-HSA-2032800;R-HSA-8937037;R-HSA-9017921;R-HSA-975040;R-HSA-6797993;R-HSA-9007686;R-HSA-9625693;R-HSA-8952408;R-HSA-9020504;R-HSA-8937050;R-HSA-6798004;R-HSA-9622604;R-HSA-9023592;R-HSA-6805126;R-HSA-6805638;R-HSA-8953452;R-HSA-6805122;R-HSA-9020513;R-HSA-9017441;R-HSA-9017954;R-HSA-9017447;R-HSA-6805640;R-HSA-9625699;R-HSA-9733216;R-HSA-6805650;R-HSA-9017983;R-HSA-8938382;R-HSA-3790130;R-HSA-9022872;R-HSA-9021851;R-HSA-9006490;R-HSA-9022365;R-HSA-9769345;R-HSA-9769347;R-HSA-9006992;R-HSA-6806394;R-HSA-9022359;R-HSA-9021847;R-HSA-9022870;R-HSA-9006507;R-HSA-9005995;R-HSA-9005994;R-HSA-9006508;R-HSA-8938913;R-HSA-9615801;R-HSA-9005988;R-HSA-9006503;R-HSA-8938938;R-HSA-8877493;R-HSA-9009085;R-HSA-8877490;R-HSA-6797606;R-HSA-8853956;R-HSA-9615829;R-HSA-9021888;R-HSA-8853965;R-HSA-6797100;R-HSA-9022941;R-HSA-1484099;R-HSA-9021919;R-HSA-9022942;R-HSA-6797616;R-HSA-8938965;R-HSA-9022935;R-HSA-9022934;R-HSA-8938987;R-HSA-9021935;R-HSA-9008110;R-HSA-9006050;R-HSA-8938981;R-HSA-350058;R-HSA-8865256;R-HSA-9006585;R-HSA-9021945;R-HSA-9022456;R-HSA-9021944;R-HSA-9021946;R-HSA-9021949;R-HSA-9021948;R-HSA-9006588;R-HSA-9021951;R-HSA-8865265;R-HSA-9021950;R-HSA-4396347;R-HSA-9022453;R-HSA-9623023;R-HSA-9022728;R-HSA-9617683;R-HSA-212352;R-HSA-6799332;R-HSA-8938251;R-HSA-9022734;R-HSA-212356;R-HSA-9008389;R-HSA-163214;R-HSA-9736984;R-HSA-8865546;R-HSA-6803946;R-HSA-8952069;R-HSA-5631941;R-HSA-8939801;R-HSA-8877338;R-HSA-4411357;R-HSA-212380;R-HSA-9626928;R-HSA-8877348;R-HSA-4411367;R-HSA-9022764;R-HSA-8877345;R-HSA-6798282;R-HSA-8986937;R-HSA-8877879;R-HSA-8986939;R-HSA-2186643;R-HSA-8935740;R-HSA-8986940;R-HSA-8986943;R-HSA-9008433;R-HSA-2127257;R-HSA-6805470;R-HSA-9022770;R-HSA-8877884;R-HSA-8935731;R-HSA-8877369;R-HSA-9626962;R-HSA-9008456;R-HSA-6803875;R-HSA-8877391;R-HSA-8877902;R-HSA-9617758;R-HSA-9769307;R-HSA-212432;R-HSA-8877396;R-HSA-6803892;R-HSA-9626945;R-HSA-6803890;R-HSA-6800816;R-HSA-8957265;R-HSA-8877918;R-HSA-6798268;R-HSA-9007447;R-HSA-8937814;R-HSA-9006422;R-HSA-9007465;R-HSA-8877414;R-HSA-9007464;R-HSA-9022315;R-HSA-9007467;R-HSA-9022314;R-HSA-9623415;R-HSA-8877421;R-HSA-6806412;R-HSA-9007462;R-HSA-8939900;R-HSA-5633441;R-HSA-6797712;R-HSA-9644900;R-HSA-9023345;R-HSA-6803871;R-HSA-2176475;R-HSA-380927;R-HSA-9023346;R-HSA-9023348;R-HSA-9023351"
R-HSA-168256,"Immune System",141,2664,0.17044145873320538,1.0,1.0,432,1723,0.11486666666666667,9606,Homo sapiens,"16196;17203;17164;16113;18132;17285;16750;16199;16474;21949;4170;15947;16238;5778;19229;18019;4208;4582;17973;19232;18386;16243;28867;17172;16082;21557;27374;29672;32796;86612;35420;15676;16643;30776;17458;15956;16924;16176;16175;17263;15882;37035;17380;21803;17261;25722;87614;27584;15765;83490;15768;18125;177097;17394;28320;36217;2611;1883;28324;12387;15532;18405;90000;17368;70997;17361;16551;40304;3561;17084;3165;26756;30860;10219;32365;15908;16437;31835;15864;176466;16556;16797;17409;2904;51209;16440;16164;17533;16283;16168;15354;28822;2089;16040;45826;32114;33442;32111;32354;1387;87986;15633;15996;30852;29073;28918;17189;17981;16411;16135;30838;16410;16255;6456;2495;16259;35619;16020;64023;16422;16543;16026;17474;28921;35045;28009;40356;28924;16828;16827;3347;27432;53014;17759;16269;16027;30831;15978","","R-HSA-741386;R-HSA-688136;R-HSA-688137;R-HSA-8863895;R-HSA-741395;R-HSA-913424;R-HSA-6786118;R-HSA-6786114;R-HSA-741411;R-HSA-6786124;R-HSA-8863914;R-HSA-937022;R-HSA-2317332;R-HSA-6789208;R-HSA-6786095;R-HSA-6786092;R-HSA-5684250;R-HSA-6800426;R-HSA-5684248;R-HSA-976991;R-HSA-6800434;R-HSA-6786096;R-HSA-6786110;R-HSA-430183;R-HSA-983150;R-HSA-430180;R-HSA-983147;R-HSA-6786050;R-HSA-430190;R-HSA-983142;R-HSA-983140;R-HSA-9833723;R-HSA-6786058;R-HSA-937059;R-HSA-6786070;R-HSA-983161;R-HSA-937079;R-HSA-983157;R-HSA-1170539;R-HSA-6807581;R-HSA-983156;R-HSA-983152;R-HSA-6786072;R-HSA-9606162;R-HSA-9606163;R-HSA-9606160;R-HSA-912527;R-HSA-1295519;R-HSA-2855077;R-HSA-1295516;R-HSA-9606151;R-HSA-2197691;R-HSA-8852509;R-HSA-2197690;R-HSA-166041;R-HSA-9606159;R-HSA-6788346;R-HSA-209063;R-HSA-2855054;R-HSA-209061;R-HSA-1295540;R-HSA-6789325;R-HSA-9607224;R-HSA-9674808;R-HSA-446634;R-HSA-448703;R-HSA-166072;R-HSA-390329;R-HSA-446648;R-HSA-166082;R-HSA-5669012;R-HSA-9645137;R-HSA-5669013;R-HSA-6784160;R-HSA-166091;R-HSA-9674816;R-HSA-9645126;R-HSA-446684;R-HSA-9645134;R-HSA-446694;R-HSA-446692;R-HSA-2197698;R-HSA-168166;R-HSA-166119;R-HSA-442592;R-HSA-209125;R-HSA-1168633;R-HSA-6785165;R-HSA-446701;R-HSA-199917;R-HSA-1168638;R-HSA-8863858;R-HSA-168184;R-HSA-199929;R-HSA-909552;R-HSA-2855125;R-HSA-2172126;R-HSA-9604499;R-HSA-9734547;R-HSA-9750942;R-HSA-2395439;R-HSA-8985988;R-HSA-8852874;R-HSA-1168640;R-HSA-1168643;R-HSA-9676160;R-HSA-1168642;R-HSA-198955;R-HSA-2395412;R-HSA-451895;R-HSA-9750946;R-HSA-5686625;R-HSA-9025969;R-HSA-445752;R-HSA-445753;R-HSA-9824732;R-HSA-9606622;R-HSA-9680348;R-HSA-508247;R-HSA-8983003;R-HSA-2213236;R-HSA-451942;R-HSA-9833973;R-HSA-5607728;R-HSA-5607731;R-HSA-8983011;R-HSA-937343;R-HSA-983422;R-HSA-210289;R-HSA-9606624;R-HSA-8950269;R-HSA-937337;R-HSA-5607725;R-HSA-5607724;R-HSA-508282;R-HSA-5607723;R-HSA-2130336;R-HSA-508292;R-HSA-2025882;R-HSA-446862;R-HSA-6789615;R-HSA-166286;R-HSA-3134883;R-HSA-9691421;R-HSA-166284;R-HSA-983424;R-HSA-1370500;R-HSA-2559414;R-HSA-446868;R-HSA-199062;R-HSA-2396594;R-HSA-3134904;R-HSA-3134901;R-HSA-449958;R-HSA-2213248;R-HSA-8950057;R-HSA-199079;R-HSA-8985900;R-HSA-446894;R-HSA-873919;R-HSA-8948027;R-HSA-873918;R-HSA-8985914;R-HSA-202165;R-HSA-1168809;R-HSA-202168;R-HSA-1168813;R-HSA-449978;R-HSA-202174;R-HSA-8985929;R-HSA-873924;R-HSA-873927;R-HSA-873926;R-HSA-873921;R-HSA-873922;R-HSA-174551;R-HSA-9006431;R-HSA-168405;R-HSA-166362;R-HSA-166363;R-HSA-168412;R-HSA-1678843;R-HSA-1678842;R-HSA-202214;R-HSA-1176059;R-HSA-202216;R-HSA-6798743;R-HSA-453111;R-HSA-6789524;R-HSA-6798739;R-HSA-453104;R-HSA-6798751;R-HSA-8950128;R-HSA-6798749;R-HSA-202233;R-HSA-6798748;R-HSA-9835885;R-HSA-6798747;R-HSA-8985973;R-HSA-452091;R-HSA-6798745;R-HSA-452100;R-HSA-5693012;R-HSA-9732753;R-HSA-202245;R-HSA-452097;R-HSA-450063;R-HSA-452108;R-HSA-202248;R-HSA-6807144;R-HSA-6803063;R-HSA-9606784;R-HSA-9732738;R-HSA-2130486;R-HSA-452122;R-HSA-8963734;R-HSA-8950423;R-HSA-9835189;R-HSA-6783556;R-HSA-5621366;R-HSA-449058;R-HSA-508451;R-HSA-5621363;R-HSA-1031716;R-HSA-5621370;R-HSA-5668454;R-HSA-202291;R-HSA-5621347;R-HSA-8950448;R-HSA-5621356;R-HSA-5621353;R-HSA-5621355;R-HSA-5621354;R-HSA-202307;R-HSA-8951498;R-HSA-8951499;R-HSA-9750226;R-HSA-1112666;R-HSA-6783530;R-HSA-1678920;R-HSA-1678923;R-HSA-450133;R-HSA-3244647;R-HSA-449115;R-HSA-8950504;R-HSA-5676595;R-HSA-508513;R-HSA-5676592;R-HSA-5668414;R-HSA-202344;R-HSA-8852200;R-HSA-202354;R-HSA-173680;R-HSA-9678561;R-HSA-9006844;R-HSA-3244614;R-HSA-9008894;R-HSA-1678944;R-HSA-981621;R-HSA-5676589;R-HSA-389758;R-HSA-2424484;R-HSA-6793958;R-HSA-2424485;R-HSA-2424486;R-HSA-418436;R-HSA-2424487;R-HSA-2424480;R-HSA-6785762;R-HSA-2424482;R-HSA-392835;R-HSA-9680389;R-HSA-5229273;R-HSA-9680388;R-HSA-2130619;R-HSA-447130;R-HSA-8983063;R-HSA-202407;R-HSA-9011748;R-HSA-9009700;R-HSA-933536;R-HSA-446130;R-HSA-173754;R-HSA-2395801;R-HSA-1028815;R-HSA-9689680;R-HSA-1028812;R-HSA-2201316;R-HSA-2029272;R-HSA-2029268;R-HSA-2201322;R-HSA-1247960;R-HSA-6783670;R-HSA-169683;R-HSA-169680;R-HSA-388817;R-HSA-8950364;R-HSA-2262775;R-HSA-5668481;R-HSA-877269;R-HSA-8950354;R-HSA-2262777;R-HSA-1028820;R-HSA-388830;R-HSA-1028819;R-HSA-5675656;R-HSA-1028817;R-HSA-5668534;R-HSA-2201293;R-HSA-8981093;R-HSA-9732729;R-HSA-877308;R-HSA-2130641;R-HSA-450292;R-HSA-879358;R-HSA-5624486;R-HSA-708349;R-HSA-8862320;R-HSA-5624492;R-HSA-8856189;R-HSA-5624494;R-HSA-447226;R-HSA-5668520;R-HSA-6785895;R-HSA-8858500;R-HSA-167686;R-HSA-9835411;R-HSA-9836435;R-HSA-2130725;R-HSA-8983425;R-HSA-8983424;R-HSA-879362;R-HSA-8850326;R-HSA-447252;R-HSA-450325;R-HSA-450333;R-HSA-879377;R-HSA-8952749;R-HSA-450337;R-HSA-450346;R-HSA-5696356;R-HSA-8850356;R-HSA-5696357;R-HSA-879411;R-HSA-507719;R-HSA-8950731;R-HSA-166721;R-HSA-166726;R-HSA-2730860;R-HSA-622415;R-HSA-2730849;R-HSA-2730848;R-HSA-688985;R-HSA-2730867;R-HSA-2730870;R-HSA-919404;R-HSA-166753;R-HSA-8950757;R-HSA-8952807;R-HSA-2730842;R-HSA-2730847;R-HSA-6785821;R-HSA-8952823;R-HSA-2029471;R-HSA-8983307;R-HSA-8853252;R-HSA-6789092;R-HSA-2029466;R-HSA-8983309;R-HSA-8983299;R-HSA-166792;R-HSA-8983298;R-HSA-9006850;R-HSA-8983300;R-HSA-2029456;R-HSA-9006873;R-HSA-6799350;R-HSA-8870678;R-HSA-1015702;R-HSA-6789114;R-HSA-9006870;R-HSA-2730888;R-HSA-5660663;R-HSA-5660660;R-HSA-166817;R-HSA-8951595;R-HSA-8869667;R-HSA-706479;R-HSA-5660666;R-HSA-8983335;R-HSA-8950591;R-HSA-2029476;R-HSA-5696490;R-HSA-2029473;R-HSA-8950583;R-HSA-8983371;R-HSA-8983374;R-HSA-1861595;R-HSA-2045911;R-HSA-1236955;R-HSA-1236958;R-HSA-1236956;R-HSA-168909;R-HSA-8983384;R-HSA-8855381;R-HSA-913374;R-HSA-1236935;R-HSA-1236939;R-HSA-8983378;R-HSA-6813626;R-HSA-1236940;R-HSA-1236941;R-HSA-6790022;R-HSA-8950634;R-HSA-1169395;R-HSA-1169394;R-HSA-435171;R-HSA-1169398;R-HSA-1168376;R-HSA-9698170;R-HSA-1169403;R-HSA-8983394;R-HSA-1169402;R-HSA-1169405;R-HSA-1169406;R-HSA-1266684;R-HSA-6790038;R-HSA-6790036;R-HSA-198640;R-HSA-1236967;R-HSA-1236970;R-HSA-6790041"
R-HSA-9824446,"Viral Infection Pathways",42,1158,0.07408829174664107,1.0,1.0,110,752,0.050133333333333335,9606,Homo sapiens,"17981;17685;17361;189726;16796;9349;21803;28671;86507;15903;28972;32365;6128;16259;16556;86366;7936;15966;64023;17973;18347;17196;38397;17154;16243;28822;9150;95120;28946;9908;32796;34114;33442;32354;1387;88735;36751;17759;17336;32636;18107;68440;15756;32635","","R-HSA-9830805;R-HSA-182279;R-HSA-182286;R-HSA-9678749;R-HSA-167181;R-HSA-9694364;R-HSA-167191;R-HSA-9687435;R-HSA-167192;R-HSA-9697423;R-HSA-167196;R-HSA-167197;R-HSA-9613490;R-HSA-167459;R-HSA-9836468;R-HSA-191786;R-HSA-9613498;R-HSA-9699007;R-HSA-167468;R-HSA-167474;R-HSA-9829030;R-HSA-167478;R-HSA-167477;R-HSA-9837231;R-HSA-167481;R-HSA-9727919;R-HSA-167484;R-HSA-9698988;R-HSA-167234;R-HSA-167235;R-HSA-9729232;R-HSA-9729500;R-HSA-9759709;R-HSA-9698265;R-HSA-192841;R-HSA-9694661;R-HSA-9768142;R-HSA-9683663;R-HSA-9729481;R-HSA-9730505;R-HSA-180573;R-HSA-162914;R-HSA-9729279;R-HSA-9694718;R-HSA-167282;R-HSA-9833446;R-HSA-192627;R-HSA-9678561;R-HSA-9830882;R-HSA-167284;R-HSA-180603;R-HSA-167288;R-HSA-167292;R-HSA-180622;R-HSA-9614367;R-HSA-9691421;R-HSA-168337;R-HSA-9686790;R-HSA-192925;R-HSA-167072;R-HSA-168865;R-HSA-167076;R-HSA-167077;R-HSA-167083;R-HSA-9683769;R-HSA-9729849;R-HSA-167087;R-HSA-167084;R-HSA-9836857;R-HSA-167085;R-HSA-167090;R-HSA-165043;R-HSA-168880;R-HSA-9614369;R-HSA-9636128;R-HSA-165047;R-HSA-167098;R-HSA-167097;R-HSA-9686061;R-HSA-192704;R-HSA-167111;R-HSA-167115;R-HSA-167113;R-HSA-167118;R-HSA-9708889;R-HSA-167117;R-HSA-170706;R-HSA-170704;R-HSA-167121;R-HSA-9758529;R-HSA-167130;R-HSA-167128;R-HSA-9756494;R-HSA-167134;R-HSA-9629004;R-HSA-1028817;R-HSA-167133;R-HSA-9694579;R-HSA-167136;R-HSA-180710;R-HSA-167147;R-HSA-1176059;R-HSA-167150;R-HSA-167148;R-HSA-167153;R-HSA-9836899;R-HSA-182263;R-HSA-9684068;R-HSA-168184;R-HSA-180732"
R-HSA-5663205,"Infectious disease",58,1527,0.09769673704414587,1.0,1.0,145,998,0.06653333333333333,9606,Homo sapiens,"17685;17361;16796;9349;86507;113;15903;28972;88528;32365;88522;16556;17409;16440;17533;17973;18347;16243;28822;9150;28666;95120;28946;9908;32796;33442;32354;1387;36751;17336;32636;18107;68440;15756;32635;17981;16176;16175;189726;6456;21803;28671;6128;16259;86366;16335;7936;15966;16856;25858;64023;38397;17196;17154;16827;3347;34114;88735;17759;12387","","R-HSA-9660819;R-HSA-9830805;R-HSA-182279;R-HSA-9666458;R-HSA-9660824;R-HSA-182286;R-HSA-9678749;R-HSA-9660829;R-HSA-167181;R-HSA-9694364;R-HSA-9660828;R-HSA-8876948;R-HSA-167191;R-HSA-9687435;R-HSA-266012;R-HSA-167192;R-HSA-9697423;R-HSA-167196;R-HSA-167197;R-HSA-9613490;R-HSA-167459;R-HSA-9836468;R-HSA-163617;R-HSA-449058;R-HSA-191786;R-HSA-9613498;R-HSA-9699007;R-HSA-167468;R-HSA-167474;R-HSA-9829030;R-HSA-167478;R-HSA-5336421;R-HSA-167477;R-HSA-9837231;R-HSA-266046;R-HSA-167481;R-HSA-111930;R-HSA-9727919;R-HSA-167484;R-HSA-9698988;R-HSA-167234;R-HSA-167235;R-HSA-9729232;R-HSA-9729500;R-HSA-9759709;R-HSA-9698265;R-HSA-192841;R-HSA-8876497;R-HSA-9694661;R-HSA-8876255;R-HSA-9768142;R-HSA-9683663;R-HSA-9729481;R-HSA-9730505;R-HSA-180573;R-HSA-162914;R-HSA-8876262;R-HSA-9729279;R-HSA-9694718;R-HSA-167282;R-HSA-9833446;R-HSA-192627;R-HSA-9678561;R-HSA-9830882;R-HSA-167284;R-HSA-9637605;R-HSA-180603;R-HSA-167288;R-HSA-167292;R-HSA-2029466;R-HSA-9664278;R-HSA-1500817;R-HSA-180622;R-HSA-9614367;R-HSA-9691421;R-HSA-168337;R-HSA-9686790;R-HSA-2197691;R-HSA-2197690;R-HSA-9664271;R-HSA-192925;R-HSA-167072;R-HSA-168865;R-HSA-202407;R-HSA-167076;R-HSA-167077;R-HSA-167083;R-HSA-9683769;R-HSA-9729849;R-HSA-167087;R-HSA-167084;R-HSA-9836857;R-HSA-167085;R-HSA-167090;R-HSA-165043;R-HSA-168880;R-HSA-9614369;R-HSA-9636128;R-HSA-165047;R-HSA-167098;R-HSA-448703;R-HSA-167097;R-HSA-9686061;R-HSA-2029473;R-HSA-192704;R-HSA-392129;R-HSA-167111;R-HSA-1861595;R-HSA-167115;R-HSA-167113;R-HSA-112333;R-HSA-167118;R-HSA-9708889;R-HSA-167117;R-HSA-170706;R-HSA-9637699;R-HSA-169683;R-HSA-9673794;R-HSA-169680;R-HSA-170704;R-HSA-167121;R-HSA-9758529;R-HSA-9673797;R-HSA-167130;R-HSA-167128;R-HSA-9756494;R-HSA-167134;R-HSA-9629004;R-HSA-1028817;R-HSA-167133;R-HSA-9694579;R-HSA-167136;R-HSA-2197698;R-HSA-180710;R-HSA-442592;R-HSA-167147;R-HSA-1176059;R-HSA-167150;R-HSA-167148;R-HSA-167153;R-HSA-9836899;R-HSA-182263;R-HSA-9684068;R-HSA-168184;R-HSA-180732"
