"color","coverage","label","name","Root","RootCol","RootName","selected","shared name"
"#f77467","0.0","Apoptosis","Apoptosis","R-HSA-5357801","#f77467","Programmed Cell Death","false","Apoptosis"
"#f77467","0.0","Intrinsic Pathway for Apoptosis","Intrinsic Pathway for Apoptosis","R-HSA-5357801","#f77467","Programmed Cell Death","false","Intrinsic Pathway for Apoptosis"
"#f77467","0.0","Regulation of Apoptosis","Regulation of Apoptosis","R-HSA-5357801","#f77467","Programmed Cell Death","false","Regulation of Apoptosis"
"#f77467","0.0","Caspase activation via extrinsic apoptotic signalling pathway","Caspase activation via extrinsic apoptotic signalling pathway","R-HSA-5357801","#f77467","Programmed Cell Death","false","Caspase activation via extrinsic apoptotic signalling pathway"
"#f77467","0.0","Apoptotic execution phase","Apoptotic execution phase","R-HSA-5357801","#f77467","Programmed Cell Death","false","Apoptotic execution phase"
"#ab89f4","0.0125","Hemostasis","Hemostasis","R-HSA-109582","#ab89f4","Hemostasis","false","Hemostasis"
"#ab89f4","0.0","Formation of Fibrin Clot (Clotting Cascade)","Formation of Fibrin Clot (Clotting Cascade)","R-HSA-109582","#ab89f4","Hemostasis","false","Formation of Fibrin Clot (Clotting Cascade)"
"#ab89f4","0.0","Cell surface interactions at the vascular wall","Cell surface interactions at the vascular wall","R-HSA-109582","#ab89f4","Hemostasis","false","Cell surface interactions at the vascular wall"
"#ab89f4","0.03125","Platelet homeostasis","Platelet homeostasis","R-HSA-109582","#ab89f4","Hemostasis","false","Platelet homeostasis"
"#ab89f4","0.0","Dissolution of Fibrin Clot","Dissolution of Fibrin Clot","R-HSA-109582","#ab89f4","Hemostasis","false","Dissolution of Fibrin Clot"
"#ab89f4","0.0","Platelet Adhesion to exposed collagen","Platelet Adhesion to exposed collagen","R-HSA-109582","#ab89f4","Hemostasis","false","Platelet Adhesion to exposed collagen"
"#ab89f4","0.03125","Platelet activation, signaling and aggregation","Platelet activation, signaling and aggregation","R-HSA-109582","#ab89f4","Hemostasis","false","Platelet activation, signaling and aggregation"
"#ab89f4","0.0","Factors involved in megakaryocyte development and platelet production","Factors involved in megakaryocyte development and platelet production","R-HSA-109582","#ab89f4","Hemostasis","false","Factors involved in megakaryocyte development and platelet production"
"#f77467",,,"R-HSA-111452","R-HSA-5357801","#f77467","Programmed Cell Death","false","R-HSA-111452"
"#f77467",,"BH3-only proteins associate with and inactivate anti-apoptotic BCL-2 members","BH3-only proteins associate with and inactivate anti-apoptotic BCL-2 members","R-HSA-5357801","#f77467","Programmed Cell Death","false","BH3-only proteins associate with and inactivate anti-apoptotic BCL-2 members"
"#f77467","0.0","Apoptotic factor-mediated response","Apoptotic factor-mediated response","R-HSA-5357801","#f77467","Programmed Cell Death","false","Apoptotic factor-mediated response"
"#f77467",,,"R-HSA-114294","R-HSA-5357801","#f77467","Programmed Cell Death","false","R-HSA-114294"
"#f77467","0.0","Activation of BH3-only proteins","Activation of BH3-only proteins","R-HSA-5357801","#f77467","Programmed Cell Death","false","Activation of BH3-only proteins"
"#f77467",,,"R-HSA-75108","R-HSA-5357801","#f77467","Programmed Cell Death","false","R-HSA-75108"
"#c77df4","0.0","PKB-mediated events","PKB-mediated events","R-HSA-162582","#c77df4","Signal Transduction","false","PKB-mediated events"
"#c77df4","0.0","PDE3B signalling","PDE3B signalling","R-HSA-162582","#c77df4","Signal Transduction","false","PDE3B signalling"
"#c77df4","0.0","PI3K Cascade","PI3K Cascade","R-HSA-162582","#c77df4","Signal Transduction","false","PI3K Cascade"
"#c77df4","0.0","Activation of AKT2","Activation of AKT2","R-HSA-162582","#c77df4","Signal Transduction","false","Activation of AKT2"
"#e36bf4","0.0","Translesion synthesis by Y family DNA polymerases bypasses lesions on DNA template","Translesion synthesis by Y family DNA polymerases bypasses lesions on DNA template","R-HSA-73894","#e36bf4","DNA Repair","false","Translesion synthesis by Y family DNA polymerases bypasses lesions on DNA template"
"#e36bf4","0.0","Translesion synthesis by REV1","Translesion synthesis by REV1","R-HSA-73894","#e36bf4","DNA Repair","false","Translesion synthesis by REV1"
"#e36bf4","0.0","Translesion Synthesis by POLH","Translesion Synthesis by POLH","R-HSA-73894","#e36bf4","DNA Repair","false","Translesion Synthesis by POLH"
"#e36bf4","0.0","Translesion synthesis by POLK","Translesion synthesis by POLK","R-HSA-73894","#e36bf4","DNA Repair","false","Translesion synthesis by POLK"
"#e36bf4","0.0","Translesion synthesis by POLI","Translesion synthesis by POLI","R-HSA-73894","#e36bf4","DNA Repair","false","Translesion synthesis by POLI"
"#e36bf4","0.0","Termination of translesion DNA synthesis","Termination of translesion DNA synthesis","R-HSA-73894","#e36bf4","DNA Repair","false","Termination of translesion DNA synthesis"
"#e36bf4","0.16666666666666666","Resolution of AP sites via the multiple-nucleotide patch replacement pathway","Resolution of AP sites via the multiple-nucleotide patch replacement pathway","R-HSA-73894","#e36bf4","DNA Repair","false","Resolution of AP sites via the multiple-nucleotide patch replacement pathway"
"#e36bf4","0.16666666666666666","POLB-Dependent Long Patch Base Excision Repair","POLB-Dependent Long Patch Base Excision Repair","R-HSA-73894","#e36bf4","DNA Repair","false","POLB-Dependent Long Patch Base Excision Repair"
"#e36bf4","0.0","PCNA-Dependent Long Patch Base Excision Repair","PCNA-Dependent Long Patch Base Excision Repair","R-HSA-73894","#e36bf4","DNA Repair","false","PCNA-Dependent Long Patch Base Excision Repair"
"#e36bf4","0.0","Resolution of AP sites via the single-nucleotide replacement pathway","Resolution of AP sites via the single-nucleotide replacement pathway","R-HSA-73894","#e36bf4","DNA Repair","false","Resolution of AP sites via the single-nucleotide replacement pathway"
"#e36bf4","0.0","Abasic sugar-phosphate removal via the single-nucleotide replacement pathway","Abasic sugar-phosphate removal via the single-nucleotide replacement pathway","R-HSA-73894","#e36bf4","DNA Repair","false","Abasic sugar-phosphate removal via the single-nucleotide replacement pathway"
"#f77467","0.0","Formation of apoptosome","Formation of apoptosome","R-HSA-5357801","#f77467","Programmed Cell Death","false","Formation of apoptosome"
"#f77467","0.0","Regulation of the apoptosome activity","Regulation of the apoptosome activity","R-HSA-5357801","#f77467","Programmed Cell Death","false","Regulation of the apoptosome activity"
"#f77467","0.0","Cytochrome c-mediated apoptotic response","Cytochrome c-mediated apoptotic response","R-HSA-5357801","#f77467","Programmed Cell Death","false","Cytochrome c-mediated apoptotic response"
"#f77467","0.0","Activation of caspases through apoptosome-mediated cleavage","Activation of caspases through apoptosome-mediated cleavage","R-HSA-5357801","#f77467","Programmed Cell Death","false","Activation of caspases through apoptosome-mediated cleavage"
"#f77467",,,"R-HSA-111465","R-HSA-5357801","#f77467","Programmed Cell Death","false","R-HSA-111465"
"#f77467",,,"R-HSA-264870","R-HSA-5357801","#f77467","Programmed Cell Death","false","R-HSA-264870"
"#f77467",,,"R-HSA-351906","R-HSA-5357801","#f77467","Programmed Cell Death","false","R-HSA-351906"
"#f77467",,,"R-HSA-352238","R-HSA-5357801","#f77467","Programmed Cell Death","false","R-HSA-352238"
"#f77467",,,"R-HSA-111469","R-HSA-5357801","#f77467","Programmed Cell Death","false","R-HSA-111469"
"#f77467",,,"R-HSA-111463","R-HSA-5357801","#f77467","Programmed Cell Death","false","R-HSA-111463"
"#f77467",,,"R-HSA-111464","R-HSA-5357801","#f77467","Programmed Cell Death","false","R-HSA-111464"
"#f77467",,"Release of apoptotic factors from the mitochondria","Release of apoptotic factors from the mitochondria","R-HSA-5357801","#f77467","Programmed Cell Death","false","Release of apoptotic factors from the mitochondria"
"#c77df4","0.05","Opioid Signalling","Opioid Signalling","R-HSA-162582","#c77df4","Signal Transduction","false","Opioid Signalling"
"#c77df4","0.05555555555555555","G-protein mediated events","G-protein mediated events","R-HSA-162582","#c77df4","Signal Transduction","false","G-protein mediated events"
"#c77df4","0.0","DARPP-32 events","DARPP-32 events","R-HSA-162582","#c77df4","Signal Transduction","false","DARPP-32 events"
"#c77df4","0.0","G-protein activation","G-protein activation","R-HSA-162582","#c77df4","Signal Transduction","false","G-protein activation"
"#c77df4","0.0","PKA-mediated phosphorylation of CREB","PKA-mediated phosphorylation of CREB","R-HSA-162582","#c77df4","Signal Transduction","false","PKA-mediated phosphorylation of CREB"
"#c77df4","0.0","PKA activation","PKA activation","R-HSA-162582","#c77df4","Signal Transduction","false","PKA activation"
"#c77df4","0.0","Calmodulin induced events","Calmodulin induced events","R-HSA-162582","#c77df4","Signal Transduction","false","Calmodulin induced events"
"#c77df4","0.0","CaMK IV-mediated phosphorylation of CREB","CaMK IV-mediated phosphorylation of CREB","R-HSA-162582","#c77df4","Signal Transduction","false","CaMK IV-mediated phosphorylation of CREB"
"#c77df4","0.0","Cam-PDE 1 activation","Cam-PDE 1 activation","R-HSA-162582","#c77df4","Signal Transduction","false","Cam-PDE 1 activation"
"#c77df4","0.0","Ca-dependent events","Ca-dependent events","R-HSA-162582","#c77df4","Signal Transduction","false","Ca-dependent events"
"#c77df4","0.0","phospho-PLA2 pathway","phospho-PLA2 pathway","R-HSA-162582","#c77df4","Signal Transduction","false","phospho-PLA2 pathway"
"#c77df4","0.0","CaM pathway","CaM pathway","R-HSA-162582","#c77df4","Signal Transduction","false","CaM pathway"
"#c77df4","0.058823529411764705","PLC beta mediated events","PLC beta mediated events","R-HSA-162582","#c77df4","Signal Transduction","false","PLC beta mediated events"
"#c77df4","0.0","Adenylate cyclase activating pathway","Adenylate cyclase activating pathway","R-HSA-162582","#c77df4","Signal Transduction","false","Adenylate cyclase activating pathway"
"#c77df4","0.0","Adenylate cyclase inhibitory pathway","Adenylate cyclase inhibitory pathway","R-HSA-162582","#c77df4","Signal Transduction","false","Adenylate cyclase inhibitory pathway"
"#36aca9",,"Transmission across Electrical Synapses","Transmission across Electrical Synapses","R-HSA-112316","#36aca9","Neuronal System","false","Transmission across Electrical Synapses"
"#36aca9",,"Electric Transmission Across Gap Junctions","Electric Transmission Across Gap Junctions","R-HSA-112316","#36aca9","Neuronal System","false","Electric Transmission Across Gap Junctions"
"#36aca9","0.19047619047619047","Neurotransmitter release cycle","Neurotransmitter release cycle","R-HSA-112316","#36aca9","Neuronal System","false","Neurotransmitter release cycle"
"#36aca9","0.0","Serotonin Neurotransmitter Release Cycle","Serotonin Neurotransmitter Release Cycle","R-HSA-112316","#36aca9","Neuronal System","false","Serotonin Neurotransmitter Release Cycle"
"#36aca9","0.0","Norepinephrine Neurotransmitter Release Cycle","Norepinephrine Neurotransmitter Release Cycle","R-HSA-112316","#36aca9","Neuronal System","false","Norepinephrine Neurotransmitter Release Cycle"
"#36aca9","0.0","Glutamate Neurotransmitter Release Cycle","Glutamate Neurotransmitter Release Cycle","R-HSA-112316","#36aca9","Neuronal System","false","Glutamate Neurotransmitter Release Cycle"
"#36aca9","0.0","Dopamine Neurotransmitter Release Cycle","Dopamine Neurotransmitter Release Cycle","R-HSA-112316","#36aca9","Neuronal System","false","Dopamine Neurotransmitter Release Cycle"
"#36aca9","0.2857142857142857","Acetylcholine Neurotransmitter Release Cycle","Acetylcholine Neurotransmitter Release Cycle","R-HSA-112316","#36aca9","Neuronal System","false","Acetylcholine Neurotransmitter Release Cycle"
"#36aca9","0.14285714285714285","GABA synthesis, release, reuptake and degradation","GABA synthesis, release, reuptake and degradation","R-HSA-112316","#36aca9","Neuronal System","false","GABA synthesis, release, reuptake and degradation"
"#36aca9","0.14285714285714285","Neurotransmitter clearance","Neurotransmitter clearance","R-HSA-112316","#36aca9","Neuronal System","false","Neurotransmitter clearance"
"#36aca9","0.14285714285714285","Dopamine clearance from the synaptic cleft","Dopamine clearance from the synaptic cleft","R-HSA-112316","#36aca9","Neuronal System","false","Dopamine clearance from the synaptic cleft"
"#36aca9","0.125","Serotonin clearance from the synaptic cleft","Serotonin clearance from the synaptic cleft","R-HSA-112316","#36aca9","Neuronal System","false","Serotonin clearance from the synaptic cleft"
"#36aca9","0.0","Neurotransmitter uptake and metabolism In glial cells","Neurotransmitter uptake and metabolism In glial cells","R-HSA-112316","#36aca9","Neuronal System","false","Neurotransmitter uptake and metabolism In glial cells"
"#36aca9","0.0","Astrocytic Glutamate-Glutamine Uptake And Metabolism","Astrocytic Glutamate-Glutamine Uptake And Metabolism","R-HSA-112316","#36aca9","Neuronal System","false","Astrocytic Glutamate-Glutamine Uptake And Metabolism"
"#36aca9","0.043478260869565216","Neurotransmitter receptors and postsynaptic signal transmission","Neurotransmitter receptors and postsynaptic signal transmission","R-HSA-112316","#36aca9","Neuronal System","false","Neurotransmitter receptors and postsynaptic signal transmission"
"#36aca9","0.0","Acetylcholine binding and downstream events","Acetylcholine binding and downstream events","R-HSA-112316","#36aca9","Neuronal System","false","Acetylcholine binding and downstream events"
"#36aca9","0.0","Glutamate binding, activation of AMPA receptors and synaptic plasticity","Glutamate binding, activation of AMPA receptors and synaptic plasticity","R-HSA-112316","#36aca9","Neuronal System","false","Glutamate binding, activation of AMPA receptors and synaptic plasticity"
"#36aca9","0.0","Activation of NMDA receptors and postsynaptic events","Activation of NMDA receptors and postsynaptic events","R-HSA-112316","#36aca9","Neuronal System","false","Activation of NMDA receptors and postsynaptic events"
"#36aca9","0.0","Activation of kainate receptors upon glutamate binding","Activation of kainate receptors upon glutamate binding","R-HSA-112316","#36aca9","Neuronal System","false","Activation of kainate receptors upon glutamate binding"
"#36aca9","0.0","GABA receptor activation","GABA receptor activation","R-HSA-112316","#36aca9","Neuronal System","false","GABA receptor activation"
"#36aca9","0.14864864864864866","Transmission across Chemical Synapses","Transmission across Chemical Synapses","R-HSA-112316","#36aca9","Neuronal System","false","Transmission across Chemical Synapses"
"#36aca9","0.0","Presynaptic depolarization and calcium channel opening","Presynaptic depolarization and calcium channel opening","R-HSA-112316","#36aca9","Neuronal System","false","Presynaptic depolarization and calcium channel opening"
"#36aca9","0.14864864864864866","Neuronal System","Neuronal System","R-HSA-112316","#36aca9","Neuronal System","false","Neuronal System"
"#36aca9","0.0","Potassium Channels","Potassium Channels","R-HSA-112316","#36aca9","Neuronal System","false","Potassium Channels"
"#36aca9","0.0","Protein-protein interactions at synapses","Protein-protein interactions at synapses","R-HSA-112316","#36aca9","Neuronal System","false","Protein-protein interactions at synapses"
"#c77df4","0.0","IRS-mediated signalling","IRS-mediated signalling","R-HSA-162582","#c77df4","Signal Transduction","false","IRS-mediated signalling"
"#c77df4","0.0","SOS-mediated signalling","SOS-mediated signalling","R-HSA-162582","#c77df4","Signal Transduction","false","SOS-mediated signalling"
"#c77df4","0.0","RAF-independent MAPK1/3 activation","RAF-independent MAPK1/3 activation","R-HSA-162582","#c77df4","Signal Transduction","false","RAF-independent MAPK1/3 activation"
"#c77df4","0.0","MAPK3 (ERK1) activation","MAPK3 (ERK1) activation","R-HSA-162582","#c77df4","Signal Transduction","false","MAPK3 (ERK1) activation"
"#c77df4","0.0","MAPK1 (ERK2) activation","MAPK1 (ERK2) activation","R-HSA-162582","#c77df4","Signal Transduction","false","MAPK1 (ERK2) activation"
"#f17b32","0.0","E2F mediated regulation of DNA replication","E2F mediated regulation of DNA replication","R-HSA-1640170","#f17b32","Cell Cycle","false","E2F mediated regulation of DNA replication"
"#f17b32","0.0","Inhibition of replication initiation of damaged DNA by RB1/E2F1","Inhibition of replication initiation of damaged DNA by RB1/E2F1","R-HSA-1640170","#f17b32","Cell Cycle","false","Inhibition of replication initiation of damaged DNA by RB1/E2F1"
"#f17b32",,"E2F-enabled inhibition of pre-replication complex formation","E2F-enabled inhibition of pre-replication complex formation","R-HSA-1640170","#f17b32","Cell Cycle","false","E2F-enabled inhibition of pre-replication complex formation"
"#f77467","0.0","Activation of BIM and translocation to mitochondria","Activation of BIM and translocation to mitochondria","R-HSA-5357801","#f77467","Programmed Cell Death","false","Activation of BIM and translocation to mitochondria"
"#f77467","0.0","Activation of BAD and translocation to mitochondria","Activation of BAD and translocation to mitochondria","R-HSA-5357801","#f77467","Programmed Cell Death","false","Activation of BAD and translocation to mitochondria"
"#f77467",,,"R-HSA-111448","R-HSA-5357801","#f77467","Programmed Cell Death","false","R-HSA-111448"
"#f77467","0.0","Activation of BMF and translocation to mitochondria","Activation of BMF and translocation to mitochondria","R-HSA-5357801","#f77467","Programmed Cell Death","false","Activation of BMF and translocation to mitochondria"
"#f77467",,,"R-HSA-139915","R-HSA-5357801","#f77467","Programmed Cell Death","false","R-HSA-139915"
"#c77df4","0.0","Effects of PIP2 hydrolysis","Effects of PIP2 hydrolysis","R-HSA-162582","#c77df4","Signal Transduction","false","Effects of PIP2 hydrolysis"
"#c77df4","0.0","Arachidonate production from DAG","Arachidonate production from DAG","R-HSA-162582","#c77df4","Signal Transduction","false","Arachidonate production from DAG"
"#37abb4","0.0","Downstream signaling events of B Cell Receptor (BCR)","Downstream signaling events of B Cell Receptor (BCR)","R-HSA-168256","#37abb4","Immune System","false","Downstream signaling events of B Cell Receptor (BCR)"
"#37abb4","0.0","Activation of NF-kappaB in B cells","Activation of NF-kappaB in B cells","R-HSA-168256","#37abb4","Immune System","false","Activation of NF-kappaB in B cells"
"#37abb4","0.0","Activation of RAS in B cells","Activation of RAS in B cells","R-HSA-168256","#37abb4","Immune System","false","Activation of RAS in B cells"
"#37abb4","0.0","Calcineurin activates NFAT","Calcineurin activates NFAT","R-HSA-168256","#37abb4","Immune System","false","Calcineurin activates NFAT"
"#37abb4","0.0","Antiviral mechanism by IFN-stimulated genes","Antiviral mechanism by IFN-stimulated genes","R-HSA-168256","#37abb4","Immune System","false","Antiviral mechanism by IFN-stimulated genes"
"#37abb4","0.0","ISG15 antiviral mechanism","ISG15 antiviral mechanism","R-HSA-168256","#37abb4","Immune System","false","ISG15 antiviral mechanism"
"#37abb4","0.0","OAS antiviral response","OAS antiviral response","R-HSA-168256","#37abb4","Immune System","false","OAS antiviral response"
"#37abb4","0.0","PKR-mediated signaling","PKR-mediated signaling","R-HSA-168256","#37abb4","Immune System","false","PKR-mediated signaling"
"#33b16a","0.0","Signaling by NODAL","Signaling by NODAL","R-HSA-1266738","#33b16a","Developmental Biology","false","Signaling by NODAL"
"#33b16a",,,"R-HSA-1433617","R-HSA-1266738","#33b16a","Developmental Biology","false","R-HSA-1433617"
"#8c94f4","0.0","Fertilization","Fertilization","R-HSA-1474165","#8c94f4","Reproduction","false","Fertilization"
"#8c94f4","0.3333333333333333","Sperm Motility And Taxes","Sperm Motility And Taxes","R-HSA-1474165","#8c94f4","Reproduction","false","Sperm Motility And Taxes"
"#8c94f4",,,"R-HSA-1300645","R-HSA-1474165","#8c94f4","Reproduction","false","R-HSA-1300645"
"#8c94f4",,"Interaction With Cumulus Cells And The Zona Pellucida","Interaction With Cumulus Cells And The Zona Pellucida","R-HSA-1474165","#8c94f4","Reproduction","false","Interaction With Cumulus Cells And The Zona Pellucida"
"#34b331","0.02857142857142857","Latent infection - Other responses of Mtb to phagocytosis","Latent infection - Other responses of Mtb to phagocytosis","R-HSA-1643685","#34b331","Disease","false","Latent infection - Other responses of Mtb to phagocytosis"
"#34b331","0.0","Tolerance of reactive oxygen produced by macrophages","Tolerance of reactive oxygen produced by macrophages","R-HSA-1643685","#34b331","Disease","false","Tolerance of reactive oxygen produced by macrophages"
"#34b331","0.0","Mtb iron assimilation by chelation","Mtb iron assimilation by chelation","R-HSA-1643685","#34b331","Disease","false","Mtb iron assimilation by chelation"
"#34b331","0.043478260869565216","Tolerance by Mtb to nitric oxide produced by macrophages","Tolerance by Mtb to nitric oxide produced by macrophages","R-HSA-1643685","#34b331","Disease","false","Tolerance by Mtb to nitric oxide produced by macrophages"
"#34b331","0.0","Cell redox homeostasis","Cell redox homeostasis","R-HSA-1643685","#34b331","Disease","false","Cell redox homeostasis"
"#37abb4","0.022727272727272728","ROS and RNS production in phagocytes","ROS and RNS production in phagocytes","R-HSA-168256","#37abb4","Immune System","false","ROS and RNS production in phagocytes"
"#37abb4","0.0","Events associated with phagocytolytic activity of PMN cells","Events associated with phagocytolytic activity of PMN cells","R-HSA-168256","#37abb4","Immune System","false","Events associated with phagocytolytic activity of PMN cells"
"#34b331","0.0","Signaling by FGFR in disease","Signaling by FGFR in disease","R-HSA-1643685","#34b331","Disease","false","Signaling by FGFR in disease"
"#34b331","0.0","Signaling by FGFR2 in disease","Signaling by FGFR2 in disease","R-HSA-1643685","#34b331","Disease","false","Signaling by FGFR2 in disease"
"#34b331","0.0","Signaling by FGFR4 in disease","Signaling by FGFR4 in disease","R-HSA-1643685","#34b331","Disease","false","Signaling by FGFR4 in disease"
"#34b331","0.0","Signaling by FGFR1 in disease","Signaling by FGFR1 in disease","R-HSA-1643685","#34b331","Disease","false","Signaling by FGFR1 in disease"
"#34b331","0.0","Signaling by FGFR3 in disease","Signaling by FGFR3 in disease","R-HSA-1643685","#34b331","Disease","false","Signaling by FGFR3 in disease"
"#c77df4","0.0","Signaling by ERBB2","Signaling by ERBB2","R-HSA-162582","#c77df4","Signal Transduction","false","Signaling by ERBB2"
"#c77df4","0.0","SHC1 events in ERBB2 signaling","SHC1 events in ERBB2 signaling","R-HSA-162582","#c77df4","Signal Transduction","false","SHC1 events in ERBB2 signaling"
"#c77df4","0.0","PLCG1 events in ERBB2 signaling","PLCG1 events in ERBB2 signaling","R-HSA-162582","#c77df4","Signal Transduction","false","PLCG1 events in ERBB2 signaling"
"#c77df4",,,"R-HSA-1306955","R-HSA-162582","#c77df4","Signal Transduction","false","R-HSA-1306955"
"#c77df4","0.0","GRB2 events in ERBB2 signaling","GRB2 events in ERBB2 signaling","R-HSA-162582","#c77df4","Signal Transduction","false","GRB2 events in ERBB2 signaling"
"#c77df4","0.0","PI3K events in ERBB2 signaling","PI3K events in ERBB2 signaling","R-HSA-162582","#c77df4","Signal Transduction","false","PI3K events in ERBB2 signaling"
"#c77df4",,"ERBB2 Regulates Cell Motility","ERBB2 Regulates Cell Motility","R-HSA-162582","#c77df4","Signal Transduction","false","ERBB2 Regulates Cell Motility"
"#c77df4","0.0","ERBB2 Activates PTK6 Signaling","ERBB2 Activates PTK6 Signaling","R-HSA-162582","#c77df4","Signal Transduction","false","ERBB2 Activates PTK6 Signaling"
"#c77df4","0.0","Downregulation of ERBB2 signaling","Downregulation of ERBB2 signaling","R-HSA-162582","#c77df4","Signal Transduction","false","Downregulation of ERBB2 signaling"
"#c77df4","0.0","Drug-mediated inhibition of ERBB2 signaling","Drug-mediated inhibition of ERBB2 signaling","R-HSA-162582","#c77df4","Signal Transduction","false","Drug-mediated inhibition of ERBB2 signaling"
"#34b331","0.0","Signaling by ERBB2 in Cancer","Signaling by ERBB2 in Cancer","R-HSA-1643685","#34b331","Disease","false","Signaling by ERBB2 in Cancer"
"#34b331","0.0","Constitutive Signaling by Overexpressed ERBB2","Constitutive Signaling by Overexpressed ERBB2","R-HSA-1643685","#34b331","Disease","false","Constitutive Signaling by Overexpressed ERBB2"
"#34b331","0.0","Signaling by ERBB2 KD Mutants","Signaling by ERBB2 KD Mutants","R-HSA-1643685","#34b331","Disease","false","Signaling by ERBB2 KD Mutants"
"#34b331","0.0","Drug resistance in ERBB2 KD mutants","Drug resistance in ERBB2 KD mutants","R-HSA-1643685","#34b331","Disease","false","Drug resistance in ERBB2 KD mutants"
"#34b331","0.0","Signaling by ERBB2 ECD mutants","Signaling by ERBB2 ECD mutants","R-HSA-1643685","#34b331","Disease","false","Signaling by ERBB2 ECD mutants"
"#34b331","0.0","Signaling by ERBB2 TMD/JMD mutants","Signaling by ERBB2 TMD/JMD mutants","R-HSA-1643685","#34b331","Disease","false","Signaling by ERBB2 TMD/JMD mutants"
"#34b331",,,"R-HSA-9665737","R-HSA-1643685","#34b331","Disease","false","R-HSA-9665737"
"#38aac0","0.0","Cellular response to hypoxia","Cellular response to hypoxia","R-HSA-8953897","#38aac0","Cellular responses to stimuli","false","Cellular response to hypoxia"
"#38aac0",,"Regulation of gene expression by Hypoxia-inducible Factor","Regulation of gene expression by Hypoxia-inducible Factor","R-HSA-8953897","#38aac0","Cellular responses to stimuli","false","Regulation of gene expression by Hypoxia-inducible Factor"
"#38aac0","0.0","Oxygen-dependent proline hydroxylation of Hypoxia-inducible Factor Alpha","Oxygen-dependent proline hydroxylation of Hypoxia-inducible Factor Alpha","R-HSA-8953897","#38aac0","Cellular responses to stimuli","false","Oxygen-dependent proline hydroxylation of Hypoxia-inducible Factor Alpha"
"#c77df4","0.0","Signaling by ERBB4","Signaling by ERBB4","R-HSA-162582","#c77df4","Signal Transduction","false","Signaling by ERBB4"
"#c77df4","0.0","PI3K events in ERBB4 signaling","PI3K events in ERBB4 signaling","R-HSA-162582","#c77df4","Signal Transduction","false","PI3K events in ERBB4 signaling"
"#c77df4","0.0","SHC1 events in ERBB4 signaling","SHC1 events in ERBB4 signaling","R-HSA-162582","#c77df4","Signal Transduction","false","SHC1 events in ERBB4 signaling"
"#c77df4","0.0","Nuclear signaling by ERBB4","Nuclear signaling by ERBB4","R-HSA-162582","#c77df4","Signal Transduction","false","Nuclear signaling by ERBB4"
"#c77df4",,,"R-HSA-1253288","R-HSA-162582","#c77df4","Signal Transduction","false","R-HSA-1253288"
"#37abb4","0.0","Antigen processing-Cross presentation","Antigen processing-Cross presentation","R-HSA-168256","#37abb4","Immune System","false","Antigen processing-Cross presentation"
"#37abb4","0.0","Cross-presentation of particulate exogenous antigens (phagosomes)","Cross-presentation of particulate exogenous antigens (phagosomes)","R-HSA-168256","#37abb4","Immune System","false","Cross-presentation of particulate exogenous antigens (phagosomes)"
"#37abb4","0.0","ER-Phagosome pathway","ER-Phagosome pathway","R-HSA-168256","#37abb4","Immune System","false","ER-Phagosome pathway"
"#37abb4","0.0","Endosomal/Vacuolar pathway","Endosomal/Vacuolar pathway","R-HSA-168256","#37abb4","Immune System","false","Endosomal/Vacuolar pathway"
"#37abb4","0.0","Cross-presentation of soluble exogenous antigens (endosomes)","Cross-presentation of soluble exogenous antigens (endosomes)","R-HSA-168256","#37abb4","Immune System","false","Cross-presentation of soluble exogenous antigens (endosomes)"
"#c77df4","0.13333333333333333","PIP3 activates AKT signaling","PIP3 activates AKT signaling","R-HSA-162582","#c77df4","Signal Transduction","false","PIP3 activates AKT signaling"
"#c77df4","0.0","AKT phosphorylates targets in the cytosol","AKT phosphorylates targets in the cytosol","R-HSA-162582","#c77df4","Signal Transduction","false","AKT phosphorylates targets in the cytosol"
"#c77df4","0.0","AKT phosphorylates targets in the nucleus","AKT phosphorylates targets in the nucleus","R-HSA-162582","#c77df4","Signal Transduction","false","AKT phosphorylates targets in the nucleus"
"#c77df4","0.0","Negative regulation of the PI3K/AKT network","Negative regulation of the PI3K/AKT network","R-HSA-162582","#c77df4","Signal Transduction","false","Negative regulation of the PI3K/AKT network"
"#c77df4","0.2857142857142857","PTEN Regulation","PTEN Regulation","R-HSA-162582","#c77df4","Signal Transduction","false","PTEN Regulation"
"#33b16a","0.11475409836065574","Developmental Biology","Developmental Biology","R-HSA-1266738","#33b16a","Developmental Biology","false","Developmental Biology"
"#33b16a","0.0","Regulation of beta-cell development","Regulation of beta-cell development","R-HSA-1266738","#33b16a","Developmental Biology","false","Regulation of beta-cell development"
"#33b16a",,,"R-HSA-452723","R-HSA-1266738","#33b16a","Developmental Biology","false","R-HSA-452723"
"#33b16a","0.0","Myogenesis","Myogenesis","R-HSA-1266738","#33b16a","Developmental Biology","false","Myogenesis"
"#33b16a",,"Activation of HOX genes during differentiation","Activation of HOX genes during differentiation","R-HSA-1266738","#33b16a","Developmental Biology","false","Activation of HOX genes during differentiation"
"#33b16a",,,"R-HSA-5682910","R-HSA-1266738","#33b16a","Developmental Biology","false","R-HSA-5682910"
"#33b16a","0.0","Keratinization","Keratinization","R-HSA-1266738","#33b16a","Developmental Biology","false","Keratinization"
"#33b16a",,"Transcriptional regulation of granulopoiesis","Transcriptional regulation of granulopoiesis","R-HSA-1266738","#33b16a","Developmental Biology","false","Transcriptional regulation of granulopoiesis"
"#33b16a","0.0","Nervous system development","Nervous system development","R-HSA-1266738","#33b16a","Developmental Biology","false","Nervous system development"
"#33b16a",,"Transcriptional regulation of testis differentiation","Transcriptional regulation of testis differentiation","R-HSA-1266738","#33b16a","Developmental Biology","false","Transcriptional regulation of testis differentiation"
"#33b16a","0.0","MITF-M-regulated melanocyte development","MITF-M-regulated melanocyte development","R-HSA-1266738","#33b16a","Developmental Biology","false","MITF-M-regulated melanocyte development"
"#33b16a",,,"R-HSA-9733709","R-HSA-1266738","#33b16a","Developmental Biology","false","R-HSA-9733709"
"#33b16a","0.5","Developmental Cell Lineages","Developmental Cell Lineages","R-HSA-1266738","#33b16a","Developmental Biology","false","Developmental Cell Lineages"
"#33b16a",,"Gastrulation","Gastrulation","R-HSA-1266738","#33b16a","Developmental Biology","false","Gastrulation"
"#33b16a","0.0","Maternal to zygotic transition (MZT)","Maternal to zygotic transition (MZT)","R-HSA-1266738","#33b16a","Developmental Biology","false","Maternal to zygotic transition (MZT)"
"#33b16a",,"Kidney development","Kidney development","R-HSA-1266738","#33b16a","Developmental Biology","false","Kidney development"
"#33b16a","0.4166666666666667","Adipogenesis","Adipogenesis","R-HSA-1266738","#33b16a","Developmental Biology","false","Adipogenesis"
"#37abb4","0.02857142857142857","Cytokine Signaling in Immune system","Cytokine Signaling in Immune system","R-HSA-168256","#37abb4","Immune System","false","Cytokine Signaling in Immune system"
"#37abb4","0.0","Prolactin receptor signaling","Prolactin receptor signaling","R-HSA-168256","#37abb4","Immune System","false","Prolactin receptor signaling"
"#37abb4","0.0","Signaling by Interleukins","Signaling by Interleukins","R-HSA-168256","#37abb4","Immune System","false","Signaling by Interleukins"
"#37abb4","0.0","TNFR2 non-canonical NF-kB pathway","TNFR2 non-canonical NF-kB pathway","R-HSA-168256","#37abb4","Immune System","false","TNFR2 non-canonical NF-kB pathway"
"#37abb4","0.0","Interferon Signaling","Interferon Signaling","R-HSA-168256","#37abb4","Immune System","false","Interferon Signaling"
"#37abb4","0.0","FLT3 Signaling","FLT3 Signaling","R-HSA-168256","#37abb4","Immune System","false","FLT3 Signaling"
"#37abb4","0.0","Signaling by CSF3 (G-CSF)","Signaling by CSF3 (G-CSF)","R-HSA-168256","#37abb4","Immune System","false","Signaling by CSF3 (G-CSF)"
"#37abb4","0.125","Signaling by CSF1 (M-CSF) in myeloid cells","Signaling by CSF1 (M-CSF) in myeloid cells","R-HSA-168256","#37abb4","Immune System","false","Signaling by CSF1 (M-CSF) in myeloid cells"
"#37abb4","0.0","Growth hormone receptor signaling","Growth hormone receptor signaling","R-HSA-168256","#37abb4","Immune System","false","Growth hormone receptor signaling"
"#37abb4","0.02","Adaptive Immune System","Adaptive Immune System","R-HSA-168256","#37abb4","Immune System","false","Adaptive Immune System"
"#37abb4","0.0","Immunoregulatory interactions between a Lymphoid and a non-Lymphoid cell","Immunoregulatory interactions between a Lymphoid and a non-Lymphoid cell","R-HSA-168256","#37abb4","Immune System","false","Immunoregulatory interactions between a Lymphoid and a non-Lymphoid cell"
"#37abb4","0.0","TCR signaling","TCR signaling","R-HSA-168256","#37abb4","Immune System","false","TCR signaling"
"#37abb4","0.125","MHC class II antigen presentation","MHC class II antigen presentation","R-HSA-168256","#37abb4","Immune System","false","MHC class II antigen presentation"
"#37abb4","0.0","Costimulation by the CD28 family","Costimulation by the CD28 family","R-HSA-168256","#37abb4","Immune System","false","Costimulation by the CD28 family"
"#37abb4","0.0","Rap1 signalling","Rap1 signalling","R-HSA-168256","#37abb4","Immune System","false","Rap1 signalling"
"#37abb4",,"Butyrophilin (BTN) family interactions","Butyrophilin (BTN) family interactions","R-HSA-168256","#37abb4","Immune System","false","Butyrophilin (BTN) family interactions"
"#37abb4","0.041666666666666664","Class I MHC mediated antigen processing & presentation","Class I MHC mediated antigen processing & presentation","R-HSA-168256","#37abb4","Immune System","false","Class I MHC mediated antigen processing & presentation"
"#37abb4","0.0","Signaling by the B Cell Receptor (BCR)","Signaling by the B Cell Receptor (BCR)","R-HSA-168256","#37abb4","Immune System","false","Signaling by the B Cell Receptor (BCR)"
"#36aca9","0.0","G protein gated Potassium channels","G protein gated Potassium channels","R-HSA-112316","#36aca9","Neuronal System","false","G protein gated Potassium channels"
"#36aca9","0.0","Activation of G protein gated Potassium channels","Activation of G protein gated Potassium channels","R-HSA-112316","#36aca9","Neuronal System","false","Activation of G protein gated Potassium channels"
"#36aca9","0.0","Inwardly rectifying K+ channels","Inwardly rectifying K+ channels","R-HSA-112316","#36aca9","Neuronal System","false","Inwardly rectifying K+ channels"
"#36aca9","0.0","ATP sensitive Potassium channels","ATP sensitive Potassium channels","R-HSA-112316","#36aca9","Neuronal System","false","ATP sensitive Potassium channels"
"#36aca9",,"Classical Kir channels","Classical Kir channels","R-HSA-112316","#36aca9","Neuronal System","false","Classical Kir channels"
"#36aca9",,"Potassium transport channels","Potassium transport channels","R-HSA-112316","#36aca9","Neuronal System","false","Potassium transport channels"
"#36aca9",,"Ca2+ activated K+ channels","Ca2+ activated K+ channels","R-HSA-112316","#36aca9","Neuronal System","false","Ca2+ activated K+ channels"
"#36aca9","0.0","HCN channels","HCN channels","R-HSA-112316","#36aca9","Neuronal System","false","HCN channels"
"#36aca9",,"Voltage gated Potassium channels","Voltage gated Potassium channels","R-HSA-112316","#36aca9","Neuronal System","false","Voltage gated Potassium channels"
"#36aca9",,"Tandem pore domain potassium channels","Tandem pore domain potassium channels","R-HSA-112316","#36aca9","Neuronal System","false","Tandem pore domain potassium channels"
"#36aca9",,"Tandem pore domain halothane-inhibited K+ channel (THIK)","Tandem pore domain halothane-inhibited K+ channel (THIK)","R-HSA-112316","#36aca9","Neuronal System","false","Tandem pore domain halothane-inhibited K+ channel (THIK)"
"#36aca9",,"Tandem of pore domain in a weak inwardly rectifying K+ channels (TWIK)","Tandem of pore domain in a weak inwardly rectifying K+ channels (TWIK)","R-HSA-112316","#36aca9","Neuronal System","false","Tandem of pore domain in a weak inwardly rectifying K+ channels (TWIK)"
"#36aca9",,"TWIK-releated acid-sensitive K+ channel (TASK)","TWIK-releated acid-sensitive K+ channel (TASK)","R-HSA-112316","#36aca9","Neuronal System","false","TWIK-releated acid-sensitive K+ channel (TASK)"
"#36aca9",,"TWIK-related spinal cord K+ channel (TRESK)","TWIK-related spinal cord K+ channel (TRESK)","R-HSA-112316","#36aca9","Neuronal System","false","TWIK-related spinal cord K+ channel (TRESK)"
"#36aca9",,"TWIK-related alkaline pH activated K+ channel (TALK)","TWIK-related alkaline pH activated K+ channel (TALK)","R-HSA-112316","#36aca9","Neuronal System","false","TWIK-related alkaline pH activated K+ channel (TALK)"
"#36aca9",,"TWIK related potassium channel (TREK)","TWIK related potassium channel (TREK)","R-HSA-112316","#36aca9","Neuronal System","false","TWIK related potassium channel (TREK)"
"#3ba5e3","0.0","Mitochondrial iron-sulfur cluster biogenesis","Mitochondrial iron-sulfur cluster biogenesis","R-HSA-1430728","#3ba5e3","Metabolism","false","Mitochondrial iron-sulfur cluster biogenesis"
"#3ba5e3","0.0","Electron transport from NADPH to Ferredoxin","Electron transport from NADPH to Ferredoxin","R-HSA-1430728","#3ba5e3","Metabolism","false","Electron transport from NADPH to Ferredoxin"
"#3ba5e3","0.21428571428571427","Amine Oxidase reactions","Amine Oxidase reactions","R-HSA-1430728","#3ba5e3","Metabolism","false","Amine Oxidase reactions"
"#3ba5e3","0.2857142857142857","Biogenic amines are oxidatively deaminated to aldehydes by MAOA and MAOB","Biogenic amines are oxidatively deaminated to aldehydes by MAOA and MAOB","R-HSA-1430728","#3ba5e3","Metabolism","false","Biogenic amines are oxidatively deaminated to aldehydes by MAOA and MAOB"
"#3ba5e3","0.0","PAOs oxidise polyamines to amines","PAOs oxidise polyamines to amines","R-HSA-1430728","#3ba5e3","Metabolism","false","PAOs oxidise polyamines to amines"
"#f77467",,"Caspase activation via Death Receptors in the presence of ligand","Caspase activation via Death Receptors in the presence of ligand","R-HSA-5357801","#f77467","Programmed Cell Death","false","Caspase activation via Death Receptors in the presence of ligand"
"#f77467",,,"R-HSA-3371378","R-HSA-5357801","#f77467","Programmed Cell Death","false","R-HSA-3371378"
"#f77467",,,"R-HSA-69416","R-HSA-5357801","#f77467","Programmed Cell Death","false","R-HSA-69416"
"#ab89f4",,"Extrinsic Pathway of Fibrin Clot Formation","Extrinsic Pathway of Fibrin Clot Formation","R-HSA-109582","#ab89f4","Hemostasis","false","Extrinsic Pathway of Fibrin Clot Formation"
"#ab89f4","0.0","Intrinsic Pathway of Fibrin Clot Formation","Intrinsic Pathway of Fibrin Clot Formation","R-HSA-109582","#ab89f4","Hemostasis","false","Intrinsic Pathway of Fibrin Clot Formation"
"#ab89f4","0.0","Common Pathway of Fibrin Clot Formation","Common Pathway of Fibrin Clot Formation","R-HSA-109582","#ab89f4","Hemostasis","false","Common Pathway of Fibrin Clot Formation"
"#f17b32",,,"R-HSA-141405","R-HSA-1640170","#f17b32","Cell Cycle","false","R-HSA-141405"
"#f17b32",,,"R-HSA-141430","R-HSA-1640170","#f17b32","Cell Cycle","false","R-HSA-141430"
"#f17b32",,,"R-HSA-141424","R-HSA-1640170","#f17b32","Cell Cycle","false","R-HSA-141424"
"#f17b32",,,"R-HSA-141444","R-HSA-1640170","#f17b32","Cell Cycle","false","R-HSA-141444"
"#3ba5e3","0.044444444444444446","Aerobic respiration and respiratory electron transport","Aerobic respiration and respiratory electron transport","R-HSA-1430728","#3ba5e3","Metabolism","false","Aerobic respiration and respiratory electron transport"
"#3ba5e3","0.0","Formation of ATP by chemiosmotic coupling","Formation of ATP by chemiosmotic coupling","R-HSA-1430728","#3ba5e3","Metabolism","false","Formation of ATP by chemiosmotic coupling"
"#3ba5e3","0.09090909090909091","Mitochondrial Uncoupling","Mitochondrial Uncoupling","R-HSA-1430728","#3ba5e3","Metabolism","false","Mitochondrial Uncoupling"
"#3ba5e3","0.0","Respiratory electron transport","Respiratory electron transport","R-HSA-1430728","#3ba5e3","Metabolism","false","Respiratory electron transport"
"#3ba5e3","0.07317073170731707","Pyruvate metabolism","Pyruvate metabolism","R-HSA-1430728","#3ba5e3","Metabolism","false","Pyruvate metabolism"
"#3ba5e3","0.021739130434782608","Citric acid cycle (TCA cycle)","Citric acid cycle (TCA cycle)","R-HSA-1430728","#3ba5e3","Metabolism","false","Citric acid cycle (TCA cycle)"
"#3ba5e3","0.0","Interconversion of 2-oxoglutarate and 2-hydroxyglutarate","Interconversion of 2-oxoglutarate and 2-hydroxyglutarate","R-HSA-1430728","#3ba5e3","Metabolism","false","Interconversion of 2-oxoglutarate and 2-hydroxyglutarate"
"#3ba5e3","0.08984375","Metabolism","Metabolism","R-HSA-1430728","#3ba5e3","Metabolism","false","Metabolism"
"#3ba5e3","0.0","Reversible hydration of carbon dioxide","Reversible hydration of carbon dioxide","R-HSA-1430728","#3ba5e3","Metabolism","false","Reversible hydration of carbon dioxide"
"#3ba5e3","0.05263157894736842","Inositol phosphate metabolism","Inositol phosphate metabolism","R-HSA-1430728","#3ba5e3","Metabolism","false","Inositol phosphate metabolism"
"#3ba5e3","0.12080536912751678","Metabolism of nucleotides","Metabolism of nucleotides","R-HSA-1430728","#3ba5e3","Metabolism","false","Metabolism of nucleotides"
"#3ba5e3","0.06666666666666667","Integration of energy metabolism","Integration of energy metabolism","R-HSA-1430728","#3ba5e3","Metabolism","false","Integration of energy metabolism"
"#3ba5e3","0.0","Metabolism of porphyrins","Metabolism of porphyrins","R-HSA-1430728","#3ba5e3","Metabolism","false","Metabolism of porphyrins"
"#3ba5e3","0.1","Metabolism of vitamins and cofactors","Metabolism of vitamins and cofactors","R-HSA-1430728","#3ba5e3","Metabolism","false","Metabolism of vitamins and cofactors"
"#3ba5e3","0.0","Metabolism of nitric oxide: NOS3 activation and regulation","Metabolism of nitric oxide: NOS3 activation and regulation","R-HSA-1430728","#3ba5e3","Metabolism","false","Metabolism of nitric oxide: NOS3 activation and regulation"
"#3ba5e3","0.10526315789473684","Biological oxidations","Biological oxidations","R-HSA-1430728","#3ba5e3","Metabolism","false","Biological oxidations"
"#3ba5e3","0.0","Cytosolic iron-sulfur cluster assembly","Cytosolic iron-sulfur cluster assembly","R-HSA-1430728","#3ba5e3","Metabolism","false","Cytosolic iron-sulfur cluster assembly"
"#3ba5e3","0.08857142857142856","Metabolism of lipids","Metabolism of lipids","R-HSA-1430728","#3ba5e3","Metabolism","false","Metabolism of lipids"
"#3ba5e3","0.11578947368421053","Metabolism of amino acids and derivatives","Metabolism of amino acids and derivatives","R-HSA-1430728","#3ba5e3","Metabolism","false","Metabolism of amino acids and derivatives"
"#3ba5e3","0.05228758169934641","Metabolism of carbohydrates","Metabolism of carbohydrates","R-HSA-1430728","#3ba5e3","Metabolism","false","Metabolism of carbohydrates"
"#3ba5e3","0.0","Pyrophosphate hydrolysis","Pyrophosphate hydrolysis","R-HSA-1430728","#3ba5e3","Metabolism","false","Pyrophosphate hydrolysis"
"#c77df4","0.0","Signaling by SCF-KIT","Signaling by SCF-KIT","R-HSA-162582","#c77df4","Signal Transduction","false","Signaling by SCF-KIT"
"#c77df4","0.0","Regulation of KIT signaling","Regulation of KIT signaling","R-HSA-162582","#c77df4","Signal Transduction","false","Regulation of KIT signaling"
"#37abb4","0.0","Defensins","Defensins","R-HSA-168256","#37abb4","Immune System","false","Defensins"
"#37abb4",,"Beta defensins","Beta defensins","R-HSA-168256","#37abb4","Immune System","false","Beta defensins"
"#37abb4",,"Alpha-defensins","Alpha-defensins","R-HSA-168256","#37abb4","Immune System","false","Alpha-defensins"
"#8c94f4","0.07692307692307693","Reproduction","Reproduction","R-HSA-1474165","#8c94f4","Reproduction","false","Reproduction"
"#8c94f4","0.0","Meiosis","Meiosis","R-HSA-1474165","#8c94f4","Reproduction","false","Meiosis"
"#8c94f4",,,"R-HSA-9827857","R-HSA-1474165","#8c94f4","Reproduction","false","R-HSA-9827857"
"#ab9e31","0.0","Degradation of the extracellular matrix","Degradation of the extracellular matrix","R-HSA-1474244","#ab9e31","Extracellular matrix organization","false","Degradation of the extracellular matrix"
"#ab9e31","0.0","Collagen degradation","Collagen degradation","R-HSA-1474244","#ab9e31","Extracellular matrix organization","false","Collagen degradation"
"#ab9e31","0.0","Activation of Matrix Metalloproteinases","Activation of Matrix Metalloproteinases","R-HSA-1474244","#ab9e31","Extracellular matrix organization","false","Activation of Matrix Metalloproteinases"
"#ab9e31","0.0","Extracellular matrix organization","Extracellular matrix organization","R-HSA-1474244","#ab9e31","Extracellular matrix organization","false","Extracellular matrix organization"
"#ab9e31","0.0","Collagen formation","Collagen formation","R-HSA-1474244","#ab9e31","Extracellular matrix organization","false","Collagen formation"
"#ab9e31","0.0","Elastic fibre formation","Elastic fibre formation","R-HSA-1474244","#ab9e31","Extracellular matrix organization","false","Elastic fibre formation"
"#ab9e31","0.0","Fibronectin matrix formation","Fibronectin matrix formation","R-HSA-1474244","#ab9e31","Extracellular matrix organization","false","Fibronectin matrix formation"
"#ab9e31","0.0","Integrin cell surface interactions","Integrin cell surface interactions","R-HSA-1474244","#ab9e31","Extracellular matrix organization","false","Integrin cell surface interactions"
"#ab9e31","0.0","Laminin interactions","Laminin interactions","R-HSA-1474244","#ab9e31","Extracellular matrix organization","false","Laminin interactions"
"#ab9e31","0.0","Non-integrin membrane-ECM interactions","Non-integrin membrane-ECM interactions","R-HSA-1474244","#ab9e31","Extracellular matrix organization","false","Non-integrin membrane-ECM interactions"
"#ab9e31","0.0","ECM proteoglycans","ECM proteoglycans","R-HSA-1474244","#ab9e31","Extracellular matrix organization","false","ECM proteoglycans"
"#ab9e31",,"Invadopodia formation","Invadopodia formation","R-HSA-1474244","#ab9e31","Extracellular matrix organization","false","Invadopodia formation"
"#ab9e31","0.0","Collagen biosynthesis and modifying enzymes","Collagen biosynthesis and modifying enzymes","R-HSA-1474244","#ab9e31","Extracellular matrix organization","false","Collagen biosynthesis and modifying enzymes"
"#ab9e31","0.0","Assembly of collagen fibrils and other multimeric structures","Assembly of collagen fibrils and other multimeric structures","R-HSA-1474244","#ab9e31","Extracellular matrix organization","false","Assembly of collagen fibrils and other multimeric structures"
"#9ba331","0.0","O2/CO2 exchange in erythrocytes","O2/CO2 exchange in erythrocytes","R-HSA-382551","#9ba331","Transport of small molecules","false","O2/CO2 exchange in erythrocytes"
"#9ba331","0.0","Erythrocytes take up carbon dioxide and release oxygen","Erythrocytes take up carbon dioxide and release oxygen","R-HSA-382551","#9ba331","Transport of small molecules","false","Erythrocytes take up carbon dioxide and release oxygen"
"#9ba331","0.0","Erythrocytes take up oxygen and release carbon dioxide","Erythrocytes take up oxygen and release carbon dioxide","R-HSA-382551","#9ba331","Transport of small molecules","false","Erythrocytes take up oxygen and release carbon dioxide"
"#3ba5e3","0.09278350515463918","Glycerophospholipid biosynthesis","Glycerophospholipid biosynthesis","R-HSA-1430728","#3ba5e3","Metabolism","false","Glycerophospholipid biosynthesis"
"#3ba5e3","0.0","Acyl chain remodelling of PC","Acyl chain remodelling of PC","R-HSA-1430728","#3ba5e3","Metabolism","false","Acyl chain remodelling of PC"
"#3ba5e3","0.0","Acyl chain remodeling of CL","Acyl chain remodeling of CL","R-HSA-1430728","#3ba5e3","Metabolism","false","Acyl chain remodeling of CL"
"#3ba5e3","0.0","Acyl chain remodelling of PS","Acyl chain remodelling of PS","R-HSA-1430728","#3ba5e3","Metabolism","false","Acyl chain remodelling of PS"
"#3ba5e3","0.0","Acyl chain remodelling of PE","Acyl chain remodelling of PE","R-HSA-1430728","#3ba5e3","Metabolism","false","Acyl chain remodelling of PE"
"#3ba5e3","0.0","Acyl chain remodeling of DAG and TAG","Acyl chain remodeling of DAG and TAG","R-HSA-1430728","#3ba5e3","Metabolism","false","Acyl chain remodeling of DAG and TAG"
"#3ba5e3","0.0","Acyl chain remodelling of PI","Acyl chain remodelling of PI","R-HSA-1430728","#3ba5e3","Metabolism","false","Acyl chain remodelling of PI"
"#3ba5e3","0.0","Acyl chain remodelling of PG","Acyl chain remodelling of PG","R-HSA-1430728","#3ba5e3","Metabolism","false","Acyl chain remodelling of PG"
"#3ba5e3","0.0","Synthesis of CL","Synthesis of CL","R-HSA-1430728","#3ba5e3","Metabolism","false","Synthesis of CL"
"#3ba5e3","0.2","Synthesis of PS","Synthesis of PS","R-HSA-1430728","#3ba5e3","Metabolism","false","Synthesis of PS"
"#3ba5e3","0.2857142857142857","Hydrolysis of LPC","Hydrolysis of LPC","R-HSA-1430728","#3ba5e3","Metabolism","false","Hydrolysis of LPC"
"#3ba5e3","0.09090909090909091","Synthesis of PG","Synthesis of PG","R-HSA-1430728","#3ba5e3","Metabolism","false","Synthesis of PG"
"#3ba5e3","0.2","Hydrolysis of LPE","Hydrolysis of LPE","R-HSA-1430728","#3ba5e3","Metabolism","false","Hydrolysis of LPE"
"#3ba5e3","0.041666666666666664","Synthesis of PA","Synthesis of PA","R-HSA-1430728","#3ba5e3","Metabolism","false","Synthesis of PA"
"#3ba5e3","0.0","Synthesis of BMP","Synthesis of BMP","R-HSA-1430728","#3ba5e3","Metabolism","false","Synthesis of BMP"
"#3ba5e3","0.09090909090909091","Synthesis of PC","Synthesis of PC","R-HSA-1430728","#3ba5e3","Metabolism","false","Synthesis of PC"
"#3ba5e3","0.0","PI and PC transport between ER and Golgi membranes","PI and PC transport between ER and Golgi membranes","R-HSA-1430728","#3ba5e3","Metabolism","false","PI and PC transport between ER and Golgi membranes"
"#3ba5e3","0.0625","Synthesis of PE","Synthesis of PE","R-HSA-1430728","#3ba5e3","Metabolism","false","Synthesis of PE"
"#3ba5e3","0.125","Synthesis of PI","Synthesis of PI","R-HSA-1430728","#3ba5e3","Metabolism","false","Synthesis of PI"
"#3ba5e3","0.0","IPs transport between ER lumen and nucleus","IPs transport between ER lumen and nucleus","R-HSA-1430728","#3ba5e3","Metabolism","false","IPs transport between ER lumen and nucleus"
"#3ba5e3","0.0","Synthesis of pyrophosphates in the cytosol","Synthesis of pyrophosphates in the cytosol","R-HSA-1430728","#3ba5e3","Metabolism","false","Synthesis of pyrophosphates in the cytosol"
"#3ba5e3","0.0","IPs transport between nucleus and cytosol","IPs transport between nucleus and cytosol","R-HSA-1430728","#3ba5e3","Metabolism","false","IPs transport between nucleus and cytosol"
"#3ba5e3","0.14285714285714285","Synthesis of IP2, IP, and Ins in the cytosol","Synthesis of IP2, IP, and Ins in the cytosol","R-HSA-1430728","#3ba5e3","Metabolism","false","Synthesis of IP2, IP, and Ins in the cytosol"
"#3ba5e3","0.0","IPs transport between cytosol and ER lumen","IPs transport between cytosol and ER lumen","R-HSA-1430728","#3ba5e3","Metabolism","false","IPs transport between cytosol and ER lumen"
"#3ba5e3","0.0","Synthesis of IPs in the nucleus","Synthesis of IPs in the nucleus","R-HSA-1430728","#3ba5e3","Metabolism","false","Synthesis of IPs in the nucleus"
"#3ba5e3",,"IPs transport between nucleus and ER lumen","IPs transport between nucleus and ER lumen","R-HSA-1430728","#3ba5e3","Metabolism","false","IPs transport between nucleus and ER lumen"
"#3ba5e3","0.0","IP3 and IP4 transport between cytosol and nucleus","IP3 and IP4 transport between cytosol and nucleus","R-HSA-1430728","#3ba5e3","Metabolism","false","IP3 and IP4 transport between cytosol and nucleus"
"#3ba5e3","0.0","Synthesis of IP3 and IP4 in the cytosol","Synthesis of IP3 and IP4 in the cytosol","R-HSA-1430728","#3ba5e3","Metabolism","false","Synthesis of IP3 and IP4 in the cytosol"
"#3ba5e3","0.0","IPs transport between ER lumen and cytosol","IPs transport between ER lumen and cytosol","R-HSA-1430728","#3ba5e3","Metabolism","false","IPs transport between ER lumen and cytosol"
"#3ba5e3","0.0","IP6 and IP7 transport between cytosol and nucleus","IP6 and IP7 transport between cytosol and nucleus","R-HSA-1430728","#3ba5e3","Metabolism","false","IP6 and IP7 transport between cytosol and nucleus"
"#3ba5e3","0.0","Synthesis of IPs in the ER lumen","Synthesis of IPs in the ER lumen","R-HSA-1430728","#3ba5e3","Metabolism","false","Synthesis of IPs in the ER lumen"
"#3ba5e3","0.19230769230769232","PI Metabolism","PI Metabolism","R-HSA-1430728","#3ba5e3","Metabolism","false","PI Metabolism"
"#3ba5e3","0.0","Synthesis of PIPs at the ER membrane","Synthesis of PIPs at the ER membrane","R-HSA-1430728","#3ba5e3","Metabolism","false","Synthesis of PIPs at the ER membrane"
"#3ba5e3","0.07142857142857142","Synthesis of PIPs at the plasma membrane","Synthesis of PIPs at the plasma membrane","R-HSA-1430728","#3ba5e3","Metabolism","false","Synthesis of PIPs at the plasma membrane"
"#3ba5e3",,"PIPs transport between early and late endosome membranes","PIPs transport between early and late endosome membranes","R-HSA-1430728","#3ba5e3","Metabolism","false","PIPs transport between early and late endosome membranes"
"#3ba5e3",,"PIPs transport between late endosome and Golgi membranes","PIPs transport between late endosome and Golgi membranes","R-HSA-1430728","#3ba5e3","Metabolism","false","PIPs transport between late endosome and Golgi membranes"
"#3ba5e3",,"PIPs transport between Golgi and plasma membranes","PIPs transport between Golgi and plasma membranes","R-HSA-1430728","#3ba5e3","Metabolism","false","PIPs transport between Golgi and plasma membranes"
"#3ba5e3","0.08333333333333333","Synthesis of PIPs at the Golgi membrane","Synthesis of PIPs at the Golgi membrane","R-HSA-1430728","#3ba5e3","Metabolism","false","Synthesis of PIPs at the Golgi membrane"
"#3ba5e3","0.0","Synthesis of PIPs at the early endosome membrane","Synthesis of PIPs at the early endosome membrane","R-HSA-1430728","#3ba5e3","Metabolism","false","Synthesis of PIPs at the early endosome membrane"
"#3ba5e3","0.0","Synthesis of PIPs at the late endosome membrane","Synthesis of PIPs at the late endosome membrane","R-HSA-1430728","#3ba5e3","Metabolism","false","Synthesis of PIPs at the late endosome membrane"
"#3ba5e3",,"PIPs transport between plasma and early endosome membranes","PIPs transport between plasma and early endosome membranes","R-HSA-1430728","#3ba5e3","Metabolism","false","PIPs transport between plasma and early endosome membranes"
"#3ba5e3",,"PIPs transport between early endosome and Golgi membranes","PIPs transport between early endosome and Golgi membranes","R-HSA-1430728","#3ba5e3","Metabolism","false","PIPs transport between early endosome and Golgi membranes"
"#3ba5e3","0.4444444444444444","Glycerophospholipid catabolism","Glycerophospholipid catabolism","R-HSA-1430728","#3ba5e3","Metabolism","false","Glycerophospholipid catabolism"
"#3ba5e3","0.0","Synthesis of PIPs in the nucleus","Synthesis of PIPs in the nucleus","R-HSA-1430728","#3ba5e3","Metabolism","false","Synthesis of PIPs in the nucleus"
"#3ba5e3","0.102803738317757","Phospholipid metabolism","Phospholipid metabolism","R-HSA-1430728","#3ba5e3","Metabolism","false","Phospholipid metabolism"
"#c77df4","0.0","DAG and IP3 signaling","DAG and IP3 signaling","R-HSA-162582","#c77df4","Signal Transduction","false","DAG and IP3 signaling"
"#8c94f4","0.0","Meiotic synapsis","Meiotic synapsis","R-HSA-1474165","#8c94f4","Reproduction","false","Meiotic synapsis"
"#8c94f4","0.0","Meiotic recombination","Meiotic recombination","R-HSA-1474165","#8c94f4","Reproduction","false","Meiotic recombination"
"#f66da3","0.0","Cell-Cell communication","Cell-Cell communication","R-HSA-1500931","#f66da3","Cell-Cell communication","false","Cell-Cell communication"
"#f66da3","0.0","Nephrin family interactions","Nephrin family interactions","R-HSA-1500931","#f66da3","Cell-Cell communication","false","Nephrin family interactions"
"#f66da3","0.0","Signal regulatory protein family interactions","Signal regulatory protein family interactions","R-HSA-1500931","#f66da3","Cell-Cell communication","false","Signal regulatory protein family interactions"
"#f66da3","0.0","Cell junction organization","Cell junction organization","R-HSA-1500931","#f66da3","Cell-Cell communication","false","Cell junction organization"
"#c77df4","0.0","Signaling by Activin","Signaling by Activin","R-HSA-162582","#c77df4","Signal Transduction","false","Signaling by Activin"
"#c77df4",,,"R-HSA-2473224","R-HSA-162582","#c77df4","Signal Transduction","false","R-HSA-2473224"
"#f17b32","0.0","G0 and Early G1","G0 and Early G1","R-HSA-1640170","#f17b32","Cell Cycle","false","G0 and Early G1"
"#f17b32",,,"R-HSA-1362277","R-HSA-1640170","#f17b32","Cell Cycle","false","R-HSA-1362277"
"#f17b32",,,"R-HSA-1362300","R-HSA-1640170","#f17b32","Cell Cycle","false","R-HSA-1362300"
"#3ba5e3","0.07482993197278912","Phase II - Conjugation of compounds","Phase II - Conjugation of compounds","R-HSA-1430728","#3ba5e3","Metabolism","false","Phase II - Conjugation of compounds"
"#3ba5e3","0.029411764705882353","Methylation","Methylation","R-HSA-1430728","#3ba5e3","Metabolism","false","Methylation"
"#3ba5e3","0.0","Acetylation","Acetylation","R-HSA-1430728","#3ba5e3","Metabolism","false","Acetylation"
"#3ba5e3","0.18181818181818182","Cytosolic sulfonation of small molecules","Cytosolic sulfonation of small molecules","R-HSA-1430728","#3ba5e3","Metabolism","false","Cytosolic sulfonation of small molecules"
"#3ba5e3","0.06666666666666667","Amino Acid conjugation","Amino Acid conjugation","R-HSA-1430728","#3ba5e3","Metabolism","false","Amino Acid conjugation"
"#3ba5e3","0.03225806451612903","Glucuronidation","Glucuronidation","R-HSA-1430728","#3ba5e3","Metabolism","false","Glucuronidation"
"#3ba5e3","0.034482758620689655","Glutathione conjugation","Glutathione conjugation","R-HSA-1430728","#3ba5e3","Metabolism","false","Glutathione conjugation"
"#3ba5e3","0.0","Transport and synthesis of PAPS","Transport and synthesis of PAPS","R-HSA-1430728","#3ba5e3","Metabolism","false","Transport and synthesis of PAPS"
"#3ba5e3","0.06666666666666667","Conjugation of carboxylic acids","Conjugation of carboxylic acids","R-HSA-1430728","#3ba5e3","Metabolism","false","Conjugation of carboxylic acids"
"#3ba5e3","0.0","Formation of the active cofactor, UDP-glucuronate","Formation of the active cofactor, UDP-glucuronate","R-HSA-1430728","#3ba5e3","Metabolism","false","Formation of the active cofactor, UDP-glucuronate"
"#3ba5e3","0.08333333333333333","Glutathione synthesis and recycling","Glutathione synthesis and recycling","R-HSA-1430728","#3ba5e3","Metabolism","false","Glutathione synthesis and recycling"
"#ab9e31",,"Molecules associated with elastic fibres","Molecules associated with elastic fibres","R-HSA-1474244","#ab9e31","Extracellular matrix organization","false","Molecules associated with elastic fibres"
"#35ae92","0.0","Eukaryotic Translation Elongation","Eukaryotic Translation Elongation","R-HSA-392499","#35ae92","Metabolism of proteins","false","Eukaryotic Translation Elongation"
"#35ae92","0.0","Peptide chain elongation","Peptide chain elongation","R-HSA-392499","#35ae92","Metabolism of proteins","false","Peptide chain elongation"
"#c77df4","0.07142857142857142","Signaling by NOTCH","Signaling by NOTCH","R-HSA-162582","#c77df4","Signal Transduction","false","Signaling by NOTCH"
"#c77df4","0.08333333333333333","Pre-NOTCH Expression and Processing","Pre-NOTCH Expression and Processing","R-HSA-162582","#c77df4","Signal Transduction","false","Pre-NOTCH Expression and Processing"
"#c77df4","0.0","Signaling by NOTCH1","Signaling by NOTCH1","R-HSA-162582","#c77df4","Signal Transduction","false","Signaling by NOTCH1"
"#c77df4",,"Signaling by NOTCH2","Signaling by NOTCH2","R-HSA-162582","#c77df4","Signal Transduction","false","Signaling by NOTCH2"
"#c77df4","0.0","Signaling by NOTCH3","Signaling by NOTCH3","R-HSA-162582","#c77df4","Signal Transduction","false","Signaling by NOTCH3"
"#c77df4","0.0","Signaling by NOTCH4","Signaling by NOTCH4","R-HSA-162582","#c77df4","Signal Transduction","false","Signaling by NOTCH4"
"#f17b32","0.0","Telomere Maintenance","Telomere Maintenance","R-HSA-1640170","#f17b32","Cell Cycle","false","Telomere Maintenance"
"#f17b32","0.0","Packaging Of Telomere Ends","Packaging Of Telomere Ends","R-HSA-1640170","#f17b32","Cell Cycle","false","Packaging Of Telomere Ends"
"#f17b32","0.0","Extension of Telomeres","Extension of Telomeres","R-HSA-1640170","#f17b32","Cell Cycle","false","Extension of Telomeres"
"#f17b32","0.0","Inhibition of DNA recombination at telomere","Inhibition of DNA recombination at telomere","R-HSA-1640170","#f17b32","Cell Cycle","false","Inhibition of DNA recombination at telomere"
"#34b082","0.0","Gap junction trafficking and regulation","Gap junction trafficking and regulation","R-HSA-5653656","#34b082","Vesicle-mediated transport","false","Gap junction trafficking and regulation"
"#34b082","0.0","Gap junction trafficking","Gap junction trafficking","R-HSA-5653656","#34b082","Vesicle-mediated transport","false","Gap junction trafficking"
"#34b082","0.0","Regulation of gap junction activity","Regulation of gap junction activity","R-HSA-5653656","#34b082","Vesicle-mediated transport","false","Regulation of gap junction activity"
"#3ba5e3","0.0","Interconversion of nucleotide di- and triphosphates","Interconversion of nucleotide di- and triphosphates","R-HSA-1430728","#3ba5e3","Metabolism","false","Interconversion of nucleotide di- and triphosphates"
"#3ba5e3","0.16666666666666666","Nucleotide catabolism","Nucleotide catabolism","R-HSA-1430728","#3ba5e3","Metabolism","false","Nucleotide catabolism"
"#3ba5e3","0.0","Nucleotide biosynthesis","Nucleotide biosynthesis","R-HSA-1430728","#3ba5e3","Metabolism","false","Nucleotide biosynthesis"
"#3ba5e3","0.3181818181818182","Nucleotide salvage","Nucleotide salvage","R-HSA-1430728","#3ba5e3","Metabolism","false","Nucleotide salvage"
"#f55fe7","0.25","Mitochondrial biogenesis","Mitochondrial biogenesis","R-HSA-1852241","#f55fe7","Organelle biogenesis and maintenance","false","Mitochondrial biogenesis"
"#f55fe7","0.26666666666666666","Transcriptional activation of mitochondrial biogenesis","Transcriptional activation of mitochondrial biogenesis","R-HSA-1852241","#f55fe7","Organelle biogenesis and maintenance","false","Transcriptional activation of mitochondrial biogenesis"
"#f55fe7","0.0","Activation of PPARGC1A (PGC-1alpha) by phosphorylation","Activation of PPARGC1A (PGC-1alpha) by phosphorylation","R-HSA-1852241","#f55fe7","Organelle biogenesis and maintenance","false","Activation of PPARGC1A (PGC-1alpha) by phosphorylation"
"#f55fe7",,,"R-HSA-8949613","R-HSA-1852241","#f55fe7","Organelle biogenesis and maintenance","false","R-HSA-8949613"
"#f565ce","0.0","Transport of Mature mRNAs Derived from Intronless Transcripts","Transport of Mature mRNAs Derived from Intronless Transcripts","R-HSA-8953854","#f565ce","Metabolism of RNA","false","Transport of Mature mRNAs Derived from Intronless Transcripts"
"#f565ce","0.0","Transport of the SLBP independent Mature mRNA","Transport of the SLBP independent Mature mRNA","R-HSA-8953854","#f565ce","Metabolism of RNA","false","Transport of the SLBP independent Mature mRNA"
"#f565ce","0.0","Transport of the SLBP Dependant Mature mRNA","Transport of the SLBP Dependant Mature mRNA","R-HSA-8953854","#f565ce","Metabolism of RNA","false","Transport of the SLBP Dependant Mature mRNA"
"#f565ce",,"Transport of Mature mRNA Derived from an Intronless Transcript","Transport of Mature mRNA Derived from an Intronless Transcript","R-HSA-8953854","#f565ce","Metabolism of RNA","false","Transport of Mature mRNA Derived from an Intronless Transcript"
"#3ba5e3","0.0","Conjugation of salicylate with glycine","Conjugation of salicylate with glycine","R-HSA-1430728","#3ba5e3","Metabolism","false","Conjugation of salicylate with glycine"
"#3ba5e3","0.14285714285714285","Conjugation of benzoate with glycine","Conjugation of benzoate with glycine","R-HSA-1430728","#3ba5e3","Metabolism","false","Conjugation of benzoate with glycine"
"#3ba5e3","0.0","Conjugation of phenylacetate with glutamine","Conjugation of phenylacetate with glutamine","R-HSA-1430728","#3ba5e3","Metabolism","false","Conjugation of phenylacetate with glutamine"
"#35ae92","0.0","Gamma-carboxylation, transport, and amino-terminal cleavage of proteins","Gamma-carboxylation, transport, and amino-terminal cleavage of proteins","R-HSA-392499","#35ae92","Metabolism of proteins","false","Gamma-carboxylation, transport, and amino-terminal cleavage of proteins"
"#35ae92","0.0","Gamma-carboxylation of protein precursors","Gamma-carboxylation of protein precursors","R-HSA-392499","#35ae92","Metabolism of proteins","false","Gamma-carboxylation of protein precursors"
"#35ae92",,,"R-HSA-159763","R-HSA-392499","#35ae92","Metabolism of proteins","false","R-HSA-159763"
"#35ae92",,,"R-HSA-159782","R-HSA-392499","#35ae92","Metabolism of proteins","false","R-HSA-159782"
"#37abb4","0.0","ZBP1(DAI) mediated induction of type I IFNs","ZBP1(DAI) mediated induction of type I IFNs","R-HSA-168256","#37abb4","Immune System","false","ZBP1(DAI) mediated induction of type I IFNs"
"#37abb4","0.0","IRF3 mediated activation of type 1 IFN","IRF3 mediated activation of type 1 IFN","R-HSA-168256","#37abb4","Immune System","false","IRF3 mediated activation of type 1 IFN"
"#37abb4","0.0","RIP-mediated NFkB activation via ZBP1","RIP-mediated NFkB activation via ZBP1","R-HSA-168256","#37abb4","Immune System","false","RIP-mediated NFkB activation via ZBP1"
"#3ba5e3","0.0967741935483871","Degradation of cysteine and homocysteine","Degradation of cysteine and homocysteine","R-HSA-1430728","#3ba5e3","Metabolism","false","Degradation of cysteine and homocysteine"
"#3ba5e3","0.09090909090909091","Sulfide oxidation to sulfate","Sulfide oxidation to sulfate","R-HSA-1430728","#3ba5e3","Metabolism","false","Sulfide oxidation to sulfate"
"#3ba5e3","0.13559322033898305","Sulfur amino acid metabolism","Sulfur amino acid metabolism","R-HSA-1430728","#3ba5e3","Metabolism","false","Sulfur amino acid metabolism"
"#3ba5e3","0.07142857142857142","Methionine salvage pathway","Methionine salvage pathway","R-HSA-1430728","#3ba5e3","Metabolism","false","Methionine salvage pathway"
"#3ba5e3","0.4","Cysteine formation from homocysteine","Cysteine formation from homocysteine","R-HSA-1430728","#3ba5e3","Metabolism","false","Cysteine formation from homocysteine"
"#c77df4","0.12394366197183099","Signal Transduction","Signal Transduction","R-HSA-162582","#c77df4","Signal Transduction","false","Signal Transduction"
"#c77df4","0.0","MTOR signalling","MTOR signalling","R-HSA-162582","#c77df4","Signal Transduction","false","MTOR signalling"
"#c77df4","0.045454545454545456","Signaling by WNT","Signaling by WNT","R-HSA-162582","#c77df4","Signal Transduction","false","Signaling by WNT"
"#c77df4","0.0","Signaling by Hippo","Signaling by Hippo","R-HSA-162582","#c77df4","Signal Transduction","false","Signaling by Hippo"
"#c77df4","0.0","Signaling by Leptin","Signaling by Leptin","R-HSA-162582","#c77df4","Signal Transduction","false","Signaling by Leptin"
"#c77df4","0.0","Integrin signaling","Integrin signaling","R-HSA-162582","#c77df4","Signal Transduction","false","Integrin signaling"
"#c77df4","0.10126582278481013","Signaling by GPCR","Signaling by GPCR","R-HSA-162582","#c77df4","Signal Transduction","false","Signaling by GPCR"
"#c77df4","0.0","Signaling by Hedgehog","Signaling by Hedgehog","R-HSA-162582","#c77df4","Signal Transduction","false","Signaling by Hedgehog"
"#c77df4","0.0","MAPK family signaling cascades","MAPK family signaling cascades","R-HSA-162582","#c77df4","Signal Transduction","false","MAPK family signaling cascades"
"#c77df4","0.1","Death Receptor Signaling","Death Receptor Signaling","R-HSA-162582","#c77df4","Signal Transduction","false","Death Receptor Signaling"
"#c77df4","0.0","Signaling by Erythropoietin","Signaling by Erythropoietin","R-HSA-162582","#c77df4","Signal Transduction","false","Signaling by Erythropoietin"
"#c77df4","0.043478260869565216","Intracellular signaling by second messengers","Intracellular signaling by second messengers","R-HSA-162582","#c77df4","Signal Transduction","false","Intracellular signaling by second messengers"
"#c77df4","0.375","Signaling by Non-Receptor Tyrosine Kinases","Signaling by Non-Receptor Tyrosine Kinases","R-HSA-162582","#c77df4","Signal Transduction","false","Signaling by Non-Receptor Tyrosine Kinases"
"#c77df4","0.13793103448275862","Signaling by Nuclear Receptors","Signaling by Nuclear Receptors","R-HSA-162582","#c77df4","Signal Transduction","false","Signaling by Nuclear Receptors"
"#c77df4","0.01639344262295082","Signaling by Receptor Tyrosine Kinases","Signaling by Receptor Tyrosine Kinases","R-HSA-162582","#c77df4","Signal Transduction","false","Signaling by Receptor Tyrosine Kinases"
"#c77df4","0.25","Signaling by TGFB family members","Signaling by TGFB family members","R-HSA-162582","#c77df4","Signal Transduction","false","Signaling by TGFB family members"
"#c77df4","0.125","Signaling by Rho GTPases, Miro GTPases and RHOBTB3","Signaling by Rho GTPases, Miro GTPases and RHOBTB3","R-HSA-162582","#c77df4","Signal Transduction","false","Signaling by Rho GTPases, Miro GTPases and RHOBTB3"
"#34b331","0.0","HIV Life Cycle","HIV Life Cycle","R-HSA-1643685","#34b331","Disease","false","HIV Life Cycle"
"#34b331","0.0","Early Phase of HIV Life Cycle","Early Phase of HIV Life Cycle","R-HSA-1643685","#34b331","Disease","false","Early Phase of HIV Life Cycle"
"#34b331","0.0","Late Phase of HIV Life Cycle","Late Phase of HIV Life Cycle","R-HSA-1643685","#34b331","Disease","false","Late Phase of HIV Life Cycle"
"#34b331","0.0","Reverse Transcription of HIV RNA","Reverse Transcription of HIV RNA","R-HSA-1643685","#34b331","Disease","false","Reverse Transcription of HIV RNA"
"#34b331","0.0","Minus-strand DNA synthesis","Minus-strand DNA synthesis","R-HSA-1643685","#34b331","Disease","false","Minus-strand DNA synthesis"
"#34b331","0.0","Plus-strand DNA synthesis","Plus-strand DNA synthesis","R-HSA-1643685","#34b331","Disease","false","Plus-strand DNA synthesis"
"#34b331",,"Integration of provirus","Integration of provirus","R-HSA-1643685","#34b331","Disease","false","Integration of provirus"
"#34b331",,"2-LTR circle formation","2-LTR circle formation","R-HSA-1643685","#34b331","Disease","false","2-LTR circle formation"
"#34b331",,"Integration of viral DNA into host genomic DNA","Integration of viral DNA into host genomic DNA","R-HSA-1643685","#34b331","Disease","false","Integration of viral DNA into host genomic DNA"
"#34b331",,"Autointegration results in viral DNA circles","Autointegration results in viral DNA circles","R-HSA-1643685","#34b331","Disease","false","Autointegration results in viral DNA circles"
"#34b331","0.0","Uncoating of the HIV Virion","Uncoating of the HIV Virion","R-HSA-1643685","#34b331","Disease","false","Uncoating of the HIV Virion"
"#34b331","0.0","Binding and entry of HIV virion","Binding and entry of HIV virion","R-HSA-1643685","#34b331","Disease","false","Binding and entry of HIV virion"
"#34b331","0.0","Budding and maturation of HIV virion","Budding and maturation of HIV virion","R-HSA-1643685","#34b331","Disease","false","Budding and maturation of HIV virion"
"#34b331","0.0","Rev-mediated nuclear export of HIV RNA","Rev-mediated nuclear export of HIV RNA","R-HSA-1643685","#34b331","Disease","false","Rev-mediated nuclear export of HIV RNA"
"#34b331","0.0","Transcription of the HIV genome","Transcription of the HIV genome","R-HSA-1643685","#34b331","Disease","false","Transcription of the HIV genome"
"#34b331","0.0","Assembly Of The HIV Virion","Assembly Of The HIV Virion","R-HSA-1643685","#34b331","Disease","false","Assembly Of The HIV Virion"
"#34b331","0.0","HIV Infection","HIV Infection","R-HSA-1643685","#34b331","Disease","false","HIV Infection"
"#34b331","0.0","Host Interactions of HIV factors","Host Interactions of HIV factors","R-HSA-1643685","#34b331","Disease","false","Host Interactions of HIV factors"
"#34b331",,"The role of Nef in HIV-1 replication and disease pathogenesis","The role of Nef in HIV-1 replication and disease pathogenesis","R-HSA-1643685","#34b331","Disease","false","The role of Nef in HIV-1 replication and disease pathogenesis"
"#34b331",,"Interactions of Vpr with host cellular proteins","Interactions of Vpr with host cellular proteins","R-HSA-1643685","#34b331","Disease","false","Interactions of Vpr with host cellular proteins"
"#34b331",,,"R-HSA-176034","R-HSA-1643685","#34b331","Disease","false","R-HSA-176034"
"#34b331","0.0","Interactions of Rev with host cellular proteins","Interactions of Rev with host cellular proteins","R-HSA-1643685","#34b331","Disease","false","Interactions of Rev with host cellular proteins"
"#34b331",,,"R-HSA-180534","R-HSA-1643685","#34b331","Disease","false","R-HSA-180534"
"#34b331",,,"R-HSA-180585","R-HSA-1643685","#34b331","Disease","false","R-HSA-180585"
"#34b331","0.0","APOBEC3G mediated resistance to HIV-1 infection","APOBEC3G mediated resistance to HIV-1 infection","R-HSA-1643685","#34b331","Disease","false","APOBEC3G mediated resistance to HIV-1 infection"
"#3ba5e3","0.05263157894736842","Glycosaminoglycan metabolism","Glycosaminoglycan metabolism","R-HSA-1430728","#3ba5e3","Metabolism","false","Glycosaminoglycan metabolism"
"#3ba5e3","0.0625","Keratan sulfate/keratin metabolism","Keratan sulfate/keratin metabolism","R-HSA-1430728","#3ba5e3","Metabolism","false","Keratan sulfate/keratin metabolism"
"#3ba5e3","0.1","Heparan sulfate/heparin (HS-GAG) metabolism","Heparan sulfate/heparin (HS-GAG) metabolism","R-HSA-1430728","#3ba5e3","Metabolism","false","Heparan sulfate/heparin (HS-GAG) metabolism"
"#3ba5e3","0.0","Chondroitin sulfate/dermatan sulfate metabolism","Chondroitin sulfate/dermatan sulfate metabolism","R-HSA-1430728","#3ba5e3","Metabolism","false","Chondroitin sulfate/dermatan sulfate metabolism"
"#3ba5e3","0.0","Hyaluronan metabolism","Hyaluronan metabolism","R-HSA-1430728","#3ba5e3","Metabolism","false","Hyaluronan metabolism"
"#35ae92","0.0","Post-translational modification: synthesis of GPI-anchored proteins","Post-translational modification: synthesis of GPI-anchored proteins","R-HSA-392499","#35ae92","Metabolism of proteins","false","Post-translational modification: synthesis of GPI-anchored proteins"
"#35ae92","0.0","Synthesis of dolichyl-phosphate mannose","Synthesis of dolichyl-phosphate mannose","R-HSA-392499","#35ae92","Metabolism of proteins","false","Synthesis of dolichyl-phosphate mannose"
"#35ae92","0.0","Synthesis of glycosylphosphatidylinositol (GPI)","Synthesis of glycosylphosphatidylinositol (GPI)","R-HSA-392499","#35ae92","Metabolism of proteins","false","Synthesis of glycosylphosphatidylinositol (GPI)"
"#35ae92","0.0","Attachment of GPI anchor to uPAR","Attachment of GPI anchor to uPAR","R-HSA-392499","#35ae92","Metabolism of proteins","false","Attachment of GPI anchor to uPAR"
"#f77189","0.0","Macroautophagy","Macroautophagy","R-HSA-9612973","#f77189","Autophagy","false","Macroautophagy"
"#f77189","0.0","Selective autophagy","Selective autophagy","R-HSA-9612973","#f77189","Autophagy","false","Selective autophagy"
"#3ba5e3","0.0","Glucagon signaling in metabolic regulation","Glucagon signaling in metabolic regulation","R-HSA-1430728","#3ba5e3","Metabolism","false","Glucagon signaling in metabolic regulation"
"#3ba5e3","0.0","PKA activation in glucagon signalling","PKA activation in glucagon signalling","R-HSA-1430728","#3ba5e3","Metabolism","false","PKA activation in glucagon signalling"
"#3ba5e3","0.0","PKA-mediated phosphorylation of key metabolic factors","PKA-mediated phosphorylation of key metabolic factors","R-HSA-1430728","#3ba5e3","Metabolism","false","PKA-mediated phosphorylation of key metabolic factors"
"#3ba5e3","0.0","AMPK inhibits chREBP transcriptional activation activity","AMPK inhibits chREBP transcriptional activation activity","R-HSA-1430728","#3ba5e3","Metabolism","false","AMPK inhibits chREBP transcriptional activation activity"
"#3ba5e3","0.0","Insulin effects increased synthesis of Xylulose-5-Phosphate","Insulin effects increased synthesis of Xylulose-5-Phosphate","R-HSA-1430728","#3ba5e3","Metabolism","false","Insulin effects increased synthesis of Xylulose-5-Phosphate"
"#3ba5e3",,,"R-HSA-163765","R-HSA-1430728","#3ba5e3","Metabolism","false","R-HSA-163765"
"#3ba5e3","0.0","PP2A-mediated dephosphorylation of key metabolic factors","PP2A-mediated dephosphorylation of key metabolic factors","R-HSA-1430728","#3ba5e3","Metabolism","false","PP2A-mediated dephosphorylation of key metabolic factors"
"#3ba5e3","0.08333333333333333","Regulation of insulin secretion","Regulation of insulin secretion","R-HSA-1430728","#3ba5e3","Metabolism","false","Regulation of insulin secretion"
"#3ba5e3","0.0","Keratan sulfate biosynthesis","Keratan sulfate biosynthesis","R-HSA-1430728","#3ba5e3","Metabolism","false","Keratan sulfate biosynthesis"
"#3ba5e3","0.14285714285714285","Keratan sulfate degradation","Keratan sulfate degradation","R-HSA-1430728","#3ba5e3","Metabolism","false","Keratan sulfate degradation"
"#3ba5e3","0.0","A tetrasaccharide linker sequence is required for GAG synthesis","A tetrasaccharide linker sequence is required for GAG synthesis","R-HSA-1430728","#3ba5e3","Metabolism","false","A tetrasaccharide linker sequence is required for GAG synthesis"
"#3ba5e3","0.16666666666666666","HS-GAG biosynthesis","HS-GAG biosynthesis","R-HSA-1430728","#3ba5e3","Metabolism","false","HS-GAG biosynthesis"
"#3ba5e3","0.1","HS-GAG degradation","HS-GAG degradation","R-HSA-1430728","#3ba5e3","Metabolism","false","HS-GAG degradation"
"#35ae92","0.034482758620689655","Gamma carboxylation, hypusinylation, hydroxylation, and arylsulfatase activation","Gamma carboxylation, hypusinylation, hydroxylation, and arylsulfatase activation","R-HSA-392499","#35ae92","Metabolism of proteins","false","Gamma carboxylation, hypusinylation, hydroxylation, and arylsulfatase activation"
"#35ae92","0.0","The activation of arylsulfatases","The activation of arylsulfatases","R-HSA-392499","#35ae92","Metabolism of proteins","false","The activation of arylsulfatases"
"#35ae92","0.0","Hypusine synthesis from eIF5A-lysine","Hypusine synthesis from eIF5A-lysine","R-HSA-392499","#35ae92","Metabolism of proteins","false","Hypusine synthesis from eIF5A-lysine"
"#35ae92","0.16666666666666666","Synthesis of diphthamide-EEF2","Synthesis of diphthamide-EEF2","R-HSA-392499","#35ae92","Metabolism of proteins","false","Synthesis of diphthamide-EEF2"
"#35ae92","0.0","Protein hydroxylation","Protein hydroxylation","R-HSA-392499","#35ae92","Metabolism of proteins","false","Protein hydroxylation"
"#f17b32","0.02564102564102564","Cell Cycle","Cell Cycle","R-HSA-1640170","#f17b32","Cell Cycle","false","Cell Cycle"
"#f17b32","0.030303030303030304","Cell Cycle, Mitotic","Cell Cycle, Mitotic","R-HSA-1640170","#f17b32","Cell Cycle","false","Cell Cycle, Mitotic"
"#f17b32","0.0","Cell Cycle Checkpoints","Cell Cycle Checkpoints","R-HSA-1640170","#f17b32","Cell Cycle","false","Cell Cycle Checkpoints"
"#f17b32","0.0","Chromosome Maintenance","Chromosome Maintenance","R-HSA-1640170","#f17b32","Cell Cycle","false","Chromosome Maintenance"
"#34b331","0.09183673469387756","Disease","Disease","R-HSA-1643685","#34b331","Disease","false","Disease"
"#34b331","0.14285714285714285","Diseases of Immune System","Diseases of Immune System","R-HSA-1643685","#34b331","Disease","false","Diseases of Immune System"
"#34b331","0.2127659574468085","Disorders of transmembrane transporters","Disorders of transmembrane transporters","R-HSA-1643685","#34b331","Disease","false","Disorders of transmembrane transporters"
"#34b331","0.0","Diseases of signal transduction by growth factor receptors and second messengers","Diseases of signal transduction by growth factor receptors and second messengers","R-HSA-1643685","#34b331","Disease","false","Diseases of signal transduction by growth factor receptors and second messengers"
"#34b331","0.030456852791878174","Infectious disease","Infectious disease","R-HSA-1643685","#34b331","Disease","false","Infectious disease"
"#34b331","0.13855421686746988","Diseases of metabolism","Diseases of metabolism","R-HSA-1643685","#34b331","Disease","false","Diseases of metabolism"
"#34b331","0.0","Diseases of programmed cell death","Diseases of programmed cell death","R-HSA-1643685","#34b331","Disease","false","Diseases of programmed cell death"
"#34b331","0.0","Diseases of hemostasis","Diseases of hemostasis","R-HSA-1643685","#34b331","Disease","false","Diseases of hemostasis"
"#34b331",,,"R-HSA-9675126","R-HSA-1643685","#34b331","Disease","false","R-HSA-9675126"
"#34b331",,,"R-HSA-9675132","R-HSA-1643685","#34b331","Disease","false","R-HSA-9675132"
"#34b331","0.0","Diseases of DNA repair","Diseases of DNA repair","R-HSA-1643685","#34b331","Disease","false","Diseases of DNA repair"
"#34b331","0.125","Diseases of the neuronal system","Diseases of the neuronal system","R-HSA-1643685","#34b331","Disease","false","Diseases of the neuronal system"
"#34b331","0.0","Disorders of Developmental Biology","Disorders of Developmental Biology","R-HSA-1643685","#34b331","Disease","false","Disorders of Developmental Biology"
"#34b331","0.0","Signaling by EGFR in Cancer","Signaling by EGFR in Cancer","R-HSA-1643685","#34b331","Disease","false","Signaling by EGFR in Cancer"
"#34b331","0.0","Signaling by EGFRvIII in Cancer","Signaling by EGFRvIII in Cancer","R-HSA-1643685","#34b331","Disease","false","Signaling by EGFRvIII in Cancer"
"#34b331","0.0","Signaling by Ligand-Responsive EGFR Variants in Cancer","Signaling by Ligand-Responsive EGFR Variants in Cancer","R-HSA-1643685","#34b331","Disease","false","Signaling by Ligand-Responsive EGFR Variants in Cancer"
"#34b331","0.0","Signaling by Overexpressed Wild-Type EGFR in Cancer","Signaling by Overexpressed Wild-Type EGFR in Cancer","R-HSA-1643685","#34b331","Disease","false","Signaling by Overexpressed Wild-Type EGFR in Cancer"
"#34b331",,,"R-HSA-164938","R-HSA-1643685","#34b331","Disease","false","R-HSA-164938"
"#34b331",,,"R-HSA-164939","R-HSA-1643685","#34b331","Disease","false","R-HSA-164939"
"#34b331",,,"R-HSA-164940","R-HSA-1643685","#34b331","Disease","false","R-HSA-164940"
"#34b331",,,"R-HSA-167590","R-HSA-1643685","#34b331","Disease","false","R-HSA-167590"
"#34b331",,,"R-HSA-182218","R-HSA-1643685","#34b331","Disease","false","R-HSA-182218"
"#34b331",,"Nef and signal transduction","Nef and signal transduction","R-HSA-1643685","#34b331","Disease","false","Nef and signal transduction"
"#ab9e31",,,"R-HSA-8948216","R-HSA-1474244","#ab9e31","Extracellular matrix organization","false","R-HSA-8948216"
"#c77df4","0.0","Inhibition of TSC complex formation by PKB","Inhibition of TSC complex formation by PKB","R-HSA-162582","#c77df4","Signal Transduction","false","Inhibition of TSC complex formation by PKB"
"#c77df4","0.0","mTORC1-mediated signalling","mTORC1-mediated signalling","R-HSA-162582","#c77df4","Signal Transduction","false","mTORC1-mediated signalling"
"#c77df4","0.0","Energy dependent regulation of mTOR by LKB1-AMPK","Energy dependent regulation of mTOR by LKB1-AMPK","R-HSA-162582","#c77df4","Signal Transduction","false","Energy dependent regulation of mTOR by LKB1-AMPK"
"#3ba5e3","0.3","Regulation of cholesterol biosynthesis by SREBP (SREBF)","Regulation of cholesterol biosynthesis by SREBP (SREBF)","R-HSA-1430728","#3ba5e3","Metabolism","false","Regulation of cholesterol biosynthesis by SREBP (SREBF)"
"#3ba5e3","0.42857142857142855","Activation of gene expression by SREBF (SREBP)","Activation of gene expression by SREBF (SREBP)","R-HSA-1430728","#3ba5e3","Metabolism","false","Activation of gene expression by SREBF (SREBP)"
"#37abb4","0.0","Toll Like Receptor 4 (TLR4) Cascade","Toll Like Receptor 4 (TLR4) Cascade","R-HSA-168256","#37abb4","Immune System","false","Toll Like Receptor 4 (TLR4) Cascade"
"#37abb4",,"Transfer of LPS from LBP carrier to CD14","Transfer of LPS from LBP carrier to CD14","R-HSA-168256","#37abb4","Immune System","false","Transfer of LPS from LBP carrier to CD14"
"#37abb4","0.0","MyD88:MAL(TIRAP) cascade initiated on plasma membrane","MyD88:MAL(TIRAP) cascade initiated on plasma membrane","R-HSA-168256","#37abb4","Immune System","false","MyD88:MAL(TIRAP) cascade initiated on plasma membrane"
"#37abb4","0.0","MyD88-independent TLR4 cascade","MyD88-independent TLR4 cascade","R-HSA-168256","#37abb4","Immune System","false","MyD88-independent TLR4 cascade"
"#37abb4","0.0","TAK1-dependent IKK and NF-kappa-B activation","TAK1-dependent IKK and NF-kappa-B activation","R-HSA-168256","#37abb4","Immune System","false","TAK1-dependent IKK and NF-kappa-B activation"
"#37abb4","0.0","MAP kinase activation","MAP kinase activation","R-HSA-168256","#37abb4","Immune System","false","MAP kinase activation"
"#37abb4","0.0","IRAK1 recruits IKK complex","IRAK1 recruits IKK complex","R-HSA-168256","#37abb4","Immune System","false","IRAK1 recruits IKK complex"
"#37abb4","0.0","IRAK2 mediated activation of TAK1 complex","IRAK2 mediated activation of TAK1 complex","R-HSA-168256","#37abb4","Immune System","false","IRAK2 mediated activation of TAK1 complex"
"#3ba5e3","0.05194805194805195","Glycosphingolipid metabolism","Glycosphingolipid metabolism","R-HSA-1430728","#3ba5e3","Metabolism","false","Glycosphingolipid metabolism"
"#3ba5e3","0.018867924528301886","Glycosphingolipid biosynthesis","Glycosphingolipid biosynthesis","R-HSA-1430728","#3ba5e3","Metabolism","false","Glycosphingolipid biosynthesis"
"#3ba5e3","0.08333333333333333","Glycosphingolipid catabolism","Glycosphingolipid catabolism","R-HSA-1430728","#3ba5e3","Metabolism","false","Glycosphingolipid catabolism"
"#37abb4","0.0","TRIF (TICAM1)-mediated TLR4 signaling","TRIF (TICAM1)-mediated TLR4 signaling","R-HSA-168256","#37abb4","Immune System","false","TRIF (TICAM1)-mediated TLR4 signaling"
"#3ba5e3","0.0","The fatty acid cycling model","The fatty acid cycling model","R-HSA-1430728","#3ba5e3","Metabolism","false","The fatty acid cycling model"
"#3ba5e3","0.3333333333333333","Oleoyl-phe metabolism","Oleoyl-phe metabolism","R-HSA-1430728","#3ba5e3","Metabolism","false","Oleoyl-phe metabolism"
"#c77df4","0.09090909090909091","Signaling by NTRKs","Signaling by NTRKs","R-HSA-162582","#c77df4","Signal Transduction","false","Signaling by NTRKs"
"#c77df4","0.1","Signaling by NTRK1 (TRKA)","Signaling by NTRK1 (TRKA)","R-HSA-162582","#c77df4","Signal Transduction","false","Signaling by NTRK1 (TRKA)"
"#c77df4","0.0","Signaling by NTRK2 (TRKB)","Signaling by NTRK2 (TRKB)","R-HSA-162582","#c77df4","Signal Transduction","false","Signaling by NTRK2 (TRKB)"
"#c77df4","0.0","Signaling by NTRK3 (TRKC)","Signaling by NTRK3 (TRKC)","R-HSA-162582","#c77df4","Signal Transduction","false","Signaling by NTRK3 (TRKC)"
"#c77df4",,"Expression and Processing of Neurotrophins","Expression and Processing of Neurotrophins","R-HSA-162582","#c77df4","Signal Transduction","false","Expression and Processing of Neurotrophins"
"#37abb4","0.0","Complement cascade","Complement cascade","R-HSA-168256","#37abb4","Immune System","false","Complement cascade"
"#37abb4","0.0","Initial triggering of complement","Initial triggering of complement","R-HSA-168256","#37abb4","Immune System","false","Initial triggering of complement"
"#37abb4",,,"R-HSA-166665","R-HSA-168256","#37abb4","Immune System","false","R-HSA-166665"
"#37abb4","0.0","Activation of C3 and C5","Activation of C3 and C5","R-HSA-168256","#37abb4","Immune System","false","Activation of C3 and C5"
"#37abb4","0.0","Regulation of Complement cascade","Regulation of Complement cascade","R-HSA-168256","#37abb4","Immune System","false","Regulation of Complement cascade"
"#37abb4","0.0","Lectin pathway of complement activation","Lectin pathway of complement activation","R-HSA-168256","#37abb4","Immune System","false","Lectin pathway of complement activation"
"#37abb4","0.0","Ficolins bind to repetitive carbohydrate structures on the target cell surface","Ficolins bind to repetitive carbohydrate structures on the target cell surface","R-HSA-168256","#37abb4","Immune System","false","Ficolins bind to repetitive carbohydrate structures on the target cell surface"
"#37abb4","0.0","Creation of C4 and C2 activators","Creation of C4 and C2 activators","R-HSA-168256","#37abb4","Immune System","false","Creation of C4 and C2 activators"
"#37abb4","0.0","Alternative complement activation","Alternative complement activation","R-HSA-168256","#37abb4","Immune System","false","Alternative complement activation"
"#37abb4","0.0","Classical antibody-mediated complement activation","Classical antibody-mediated complement activation","R-HSA-168256","#37abb4","Immune System","false","Classical antibody-mediated complement activation"
"#c77df4","0.0","Signalling to RAS","Signalling to RAS","R-HSA-162582","#c77df4","Signal Transduction","false","Signalling to RAS"
"#c77df4","0.0","p38MAPK events","p38MAPK events","R-HSA-162582","#c77df4","Signal Transduction","false","p38MAPK events"
"#34b331","0.0","HIV Transcription Elongation","HIV Transcription Elongation","R-HSA-1643685","#34b331","Disease","false","HIV Transcription Elongation"
"#34b331","0.0","Formation of the HIV-1 Early Elongation Complex","Formation of the HIV-1 Early Elongation Complex","R-HSA-1643685","#34b331","Disease","false","Formation of the HIV-1 Early Elongation Complex"
"#34b331","0.0","Abortive elongation of HIV-1 transcript in the absence of Tat","Abortive elongation of HIV-1 transcript in the absence of Tat","R-HSA-1643685","#34b331","Disease","false","Abortive elongation of HIV-1 transcript in the absence of Tat"
"#34b331","0.0","Tat-mediated elongation of the HIV-1 transcript","Tat-mediated elongation of the HIV-1 transcript","R-HSA-1643685","#34b331","Disease","false","Tat-mediated elongation of the HIV-1 transcript"
"#34b331","0.0","Formation of HIV elongation complex in the absence of HIV Tat","Formation of HIV elongation complex in the absence of HIV Tat","R-HSA-1643685","#34b331","Disease","false","Formation of HIV elongation complex in the absence of HIV Tat"
"#34b331","0.0","RNA Pol II CTD phosphorylation and interaction with CE during HIV infection","RNA Pol II CTD phosphorylation and interaction with CE during HIV infection","R-HSA-1643685","#34b331","Disease","false","RNA Pol II CTD phosphorylation and interaction with CE during HIV infection"
"#34b331","0.0","HIV Transcription Initiation","HIV Transcription Initiation","R-HSA-1643685","#34b331","Disease","false","HIV Transcription Initiation"
"#34b331","0.0","RNA Polymerase II HIV Promoter Escape","RNA Polymerase II HIV Promoter Escape","R-HSA-1643685","#34b331","Disease","false","RNA Polymerase II HIV Promoter Escape"
"#34b331","0.0","Pausing and recovery of Tat-mediated HIV elongation","Pausing and recovery of Tat-mediated HIV elongation","R-HSA-1643685","#34b331","Disease","false","Pausing and recovery of Tat-mediated HIV elongation"
"#34b331","0.0","Tat-mediated HIV elongation arrest and recovery","Tat-mediated HIV elongation arrest and recovery","R-HSA-1643685","#34b331","Disease","false","Tat-mediated HIV elongation arrest and recovery"
"#34b331","0.0","HIV elongation arrest and recovery","HIV elongation arrest and recovery","R-HSA-1643685","#34b331","Disease","false","HIV elongation arrest and recovery"
"#34b331","0.0","Pausing and recovery of HIV elongation","Pausing and recovery of HIV elongation","R-HSA-1643685","#34b331","Disease","false","Pausing and recovery of HIV elongation"
"#34b331","0.0","Formation of HIV-1 elongation complex containing HIV-1 Tat","Formation of HIV-1 elongation complex containing HIV-1 Tat","R-HSA-1643685","#34b331","Disease","false","Formation of HIV-1 elongation complex containing HIV-1 Tat"
"#37abb4","0.0","Toll Like Receptor 9 (TLR9) Cascade","Toll Like Receptor 9 (TLR9) Cascade","R-HSA-168256","#37abb4","Immune System","false","Toll Like Receptor 9 (TLR9) Cascade"
"#37abb4","0.0","MyD88 dependent cascade initiated on endosome","MyD88 dependent cascade initiated on endosome","R-HSA-168256","#37abb4","Immune System","false","MyD88 dependent cascade initiated on endosome"
"#37abb4","0.0","SLC15A4:TASL-dependent IRF5 activation","SLC15A4:TASL-dependent IRF5 activation","R-HSA-168256","#37abb4","Immune System","false","SLC15A4:TASL-dependent IRF5 activation"
"#37abb4","0.0","Toll Like Receptor 10 (TLR10) Cascade","Toll Like Receptor 10 (TLR10) Cascade","R-HSA-168256","#37abb4","Immune System","false","Toll Like Receptor 10 (TLR10) Cascade"
"#37abb4","0.0","MyD88 cascade initiated on plasma membrane","MyD88 cascade initiated on plasma membrane","R-HSA-168256","#37abb4","Immune System","false","MyD88 cascade initiated on plasma membrane"
"#37abb4","0.0","Toll Like Receptor 3 (TLR3) Cascade","Toll Like Receptor 3 (TLR3) Cascade","R-HSA-168256","#37abb4","Immune System","false","Toll Like Receptor 3 (TLR3) Cascade"
"#37abb4","0.0","TICAM1, RIP1-mediated IKK complex recruitment","TICAM1, RIP1-mediated IKK complex recruitment","R-HSA-168256","#37abb4","Immune System","false","TICAM1, RIP1-mediated IKK complex recruitment"
"#37abb4","0.0","TLR3-mediated TICAM1-dependent programmed cell death","TLR3-mediated TICAM1-dependent programmed cell death","R-HSA-168256","#37abb4","Immune System","false","TLR3-mediated TICAM1-dependent programmed cell death"
"#37abb4","0.0","TICAM1-dependent activation of IRF3/IRF7","TICAM1-dependent activation of IRF3/IRF7","R-HSA-168256","#37abb4","Immune System","false","TICAM1-dependent activation of IRF3/IRF7"
"#37abb4","0.0","TICAM1,TRAF6-dependent induction of TAK1 complex","TICAM1,TRAF6-dependent induction of TAK1 complex","R-HSA-168256","#37abb4","Immune System","false","TICAM1,TRAF6-dependent induction of TAK1 complex"
"#37abb4","0.0","Toll Like Receptor 5 (TLR5) Cascade","Toll Like Receptor 5 (TLR5) Cascade","R-HSA-168256","#37abb4","Immune System","false","Toll Like Receptor 5 (TLR5) Cascade"
"#37abb4","0.0","Toll Like Receptor TLR1:TLR2 Cascade","Toll Like Receptor TLR1:TLR2 Cascade","R-HSA-168256","#37abb4","Immune System","false","Toll Like Receptor TLR1:TLR2 Cascade"
"#37abb4","0.0","Toll Like Receptor 7/8 (TLR7/8) Cascade","Toll Like Receptor 7/8 (TLR7/8) Cascade","R-HSA-168256","#37abb4","Immune System","false","Toll Like Receptor 7/8 (TLR7/8) Cascade"
"#37abb4","0.0","Toll Like Receptor TLR6:TLR2 Cascade","Toll Like Receptor TLR6:TLR2 Cascade","R-HSA-168256","#37abb4","Immune System","false","Toll Like Receptor TLR6:TLR2 Cascade"
"#37abb4","0.0390625","Innate Immune System","Innate Immune System","R-HSA-168256","#37abb4","Immune System","false","Innate Immune System"
"#37abb4","0.0","Nucleotide-binding domain, leucine rich repeat containing receptor (NLR) signaling pathways","Nucleotide-binding domain, leucine rich repeat containing receptor (NLR) signaling pathways","R-HSA-168256","#37abb4","Immune System","false","Nucleotide-binding domain, leucine rich repeat containing receptor (NLR) signaling pathways"
"#37abb4","0.05263157894736842","Toll-like Receptor Cascades","Toll-like Receptor Cascades","R-HSA-168256","#37abb4","Immune System","false","Toll-like Receptor Cascades"
"#37abb4","0.0","DDX58/IFIH1-mediated induction of interferon-alpha/beta","DDX58/IFIH1-mediated induction of interferon-alpha/beta","R-HSA-168256","#37abb4","Immune System","false","DDX58/IFIH1-mediated induction of interferon-alpha/beta"
"#37abb4","0.0","Cytosolic sensors of pathogen-associated DNA","Cytosolic sensors of pathogen-associated DNA","R-HSA-168256","#37abb4","Immune System","false","Cytosolic sensors of pathogen-associated DNA"
"#37abb4","0.11764705882352941","Fcgamma receptor (FCGR) dependent phagocytosis","Fcgamma receptor (FCGR) dependent phagocytosis","R-HSA-168256","#37abb4","Immune System","false","Fcgamma receptor (FCGR) dependent phagocytosis"
"#37abb4","0.0","DAP12 interactions","DAP12 interactions","R-HSA-168256","#37abb4","Immune System","false","DAP12 interactions"
"#37abb4","0.0","Fc epsilon receptor (FCERI) signaling","Fc epsilon receptor (FCERI) signaling","R-HSA-168256","#37abb4","Immune System","false","Fc epsilon receptor (FCERI) signaling"
"#37abb4","0.0","C-type lectin receptors (CLRs)","C-type lectin receptors (CLRs)","R-HSA-168256","#37abb4","Immune System","false","C-type lectin receptors (CLRs)"
"#37abb4",,,"R-HSA-6798695","R-HSA-168256","#37abb4","Immune System","false","R-HSA-6798695"
"#37abb4","0.037037037037037035","Antimicrobial peptides","Antimicrobial peptides","R-HSA-168256","#37abb4","Immune System","false","Antimicrobial peptides"
"#37abb4","0.0","Advanced glycosylation endproduct receptor signaling","Advanced glycosylation endproduct receptor signaling","R-HSA-168256","#37abb4","Immune System","false","Advanced glycosylation endproduct receptor signaling"
"#37abb4","0.0","Alpha-protein kinase 1 signaling pathway","Alpha-protein kinase 1 signaling pathway","R-HSA-168256","#37abb4","Immune System","false","Alpha-protein kinase 1 signaling pathway"
"#34b331","0.0","Influenza Infection","Influenza Infection","R-HSA-1643685","#34b331","Disease","false","Influenza Infection"
"#34b331","0.0","Virus Assembly and Release","Virus Assembly and Release","R-HSA-1643685","#34b331","Disease","false","Virus Assembly and Release"
"#34b331","0.0","Fusion and Uncoating of the Influenza Virion","Fusion and Uncoating of the Influenza Virion","R-HSA-1643685","#34b331","Disease","false","Fusion and Uncoating of the Influenza Virion"
"#34b331",,,"R-HSA-168271","R-HSA-1643685","#34b331","Disease","false","R-HSA-168271"
"#34b331","0.0","Influenza Viral RNA Transcription and Replication","Influenza Viral RNA Transcription and Replication","R-HSA-1643685","#34b331","Disease","false","Influenza Viral RNA Transcription and Replication"
"#34b331","0.0","Export of Viral Ribonucleoproteins from Nucleus","Export of Viral Ribonucleoproteins from Nucleus","R-HSA-1643685","#34b331","Disease","false","Export of Viral Ribonucleoproteins from Nucleus"
"#34b331","0.0","Entry of Influenza Virion into Host Cell via Endocytosis","Entry of Influenza Virion into Host Cell via Endocytosis","R-HSA-1643685","#34b331","Disease","false","Entry of Influenza Virion into Host Cell via Endocytosis"
"#34b331",,"NS1 Mediated Effects on Host Pathways","NS1 Mediated Effects on Host Pathways","R-HSA-1643685","#34b331","Disease","false","NS1 Mediated Effects on Host Pathways"
"#34b331",,,"R-HSA-168277","R-HSA-1643685","#34b331","Disease","false","R-HSA-168277"
"#37abb4","0.043209876543209874","Immune System","Immune System","R-HSA-168256","#37abb4","Immune System","false","Immune System"
"#34b331","0.0","Release","Release","R-HSA-1643685","#34b331","Disease","false","Release"
"#34b331","0.0","Budding","Budding","R-HSA-1643685","#34b331","Disease","false","Budding"
"#34b331",,,"R-HSA-168303","R-HSA-1643685","#34b331","Disease","false","R-HSA-168303"
"#34b331",,"Assembly of Viral Components at the Budding Site","Assembly of Viral Components at the Budding Site","R-HSA-1643685","#34b331","Disease","false","Assembly of Viral Components at the Budding Site"
"#34b331",,"Fusion of the Influenza Virion to the Host Cell Endosome","Fusion of the Influenza Virion to the Host Cell Endosome","R-HSA-1643685","#34b331","Disease","false","Fusion of the Influenza Virion to the Host Cell Endosome"
"#34b331","0.0","Uncoating of the Influenza Virion","Uncoating of the Influenza Virion","R-HSA-1643685","#34b331","Disease","false","Uncoating of the Influenza Virion"
"#34b331","0.0","Viral Messenger RNA Synthesis","Viral Messenger RNA Synthesis","R-HSA-1643685","#34b331","Disease","false","Viral Messenger RNA Synthesis"
"#34b331","0.0","vRNA Synthesis","vRNA Synthesis","R-HSA-1643685","#34b331","Disease","false","vRNA Synthesis"
"#34b331","0.0","Viral mRNA Translation","Viral mRNA Translation","R-HSA-1643685","#34b331","Disease","false","Viral mRNA Translation"
"#34b331","0.0","cRNA Synthesis","cRNA Synthesis","R-HSA-1643685","#34b331","Disease","false","cRNA Synthesis"
"#34b331",,,"R-HSA-192905","R-HSA-1643685","#34b331","Disease","false","R-HSA-192905"
"#34b331",,,"R-HSA-168330","R-HSA-1643685","#34b331","Disease","false","R-HSA-168330"
"#34b331","0.0","NEP/NS2 Interacts with the Cellular Export Machinery","NEP/NS2 Interacts with the Cellular Export Machinery","R-HSA-1643685","#34b331","Disease","false","NEP/NS2 Interacts with the Cellular Export Machinery"
"#34b331",,"Inhibition of Interferon Synthesis","Inhibition of Interferon Synthesis","R-HSA-1643685","#34b331","Disease","false","Inhibition of Interferon Synthesis"
"#34b331",,,"R-HSA-168315","R-HSA-1643685","#34b331","Disease","false","R-HSA-168315"
"#34b331",,"Inhibition of PKR","Inhibition of PKR","R-HSA-1643685","#34b331","Disease","false","Inhibition of PKR"
"#34b331",,"Inhibition of IFN-beta","Inhibition of IFN-beta","R-HSA-1643685","#34b331","Disease","false","Inhibition of IFN-beta"
"#34b331",,,"R-HSA-168874","R-HSA-1643685","#34b331","Disease","false","R-HSA-168874"
"#37abb4","0.0","NOD1/2 Signaling Pathway","NOD1/2 Signaling Pathway","R-HSA-168256","#37abb4","Immune System","false","NOD1/2 Signaling Pathway"
"#37abb4","0.0","Inflammasomes","Inflammasomes","R-HSA-168256","#37abb4","Immune System","false","Inflammasomes"
"#34b331","0.0","Neurotoxicity of clostridium toxins","Neurotoxicity of clostridium toxins","R-HSA-1643685","#34b331","Disease","false","Neurotoxicity of clostridium toxins"
"#34b331","0.0","Toxicity of botulinum toxin type D (botD)","Toxicity of botulinum toxin type D (botD)","R-HSA-1643685","#34b331","Disease","false","Toxicity of botulinum toxin type D (botD)"
"#34b331","0.0","Toxicity of botulinum toxin type B (botB)","Toxicity of botulinum toxin type B (botB)","R-HSA-1643685","#34b331","Disease","false","Toxicity of botulinum toxin type B (botB)"
"#34b331","0.0","Toxicity of botulinum toxin type A (botA)","Toxicity of botulinum toxin type A (botA)","R-HSA-1643685","#34b331","Disease","false","Toxicity of botulinum toxin type A (botA)"
"#34b331","0.0","Toxicity of botulinum toxin type C (botC)","Toxicity of botulinum toxin type C (botC)","R-HSA-1643685","#34b331","Disease","false","Toxicity of botulinum toxin type C (botC)"
"#34b331","0.0","Toxicity of botulinum toxin type F (botF)","Toxicity of botulinum toxin type F (botF)","R-HSA-1643685","#34b331","Disease","false","Toxicity of botulinum toxin type F (botF)"
"#34b331","0.0","Toxicity of tetanus toxin (tetX)","Toxicity of tetanus toxin (tetX)","R-HSA-1643685","#34b331","Disease","false","Toxicity of tetanus toxin (tetX)"
"#34b331","0.0","Toxicity of botulinum toxin type G (botG)","Toxicity of botulinum toxin type G (botG)","R-HSA-1643685","#34b331","Disease","false","Toxicity of botulinum toxin type G (botG)"
"#34b331","0.0","Toxicity of botulinum toxin type E (botE)","Toxicity of botulinum toxin type E (botE)","R-HSA-1643685","#34b331","Disease","false","Toxicity of botulinum toxin type E (botE)"
"#37abb4","0.0","Trafficking and processing of endosomal TLR","Trafficking and processing of endosomal TLR","R-HSA-168256","#37abb4","Immune System","false","Trafficking and processing of endosomal TLR"
"#37abb4","0.0","Toll Like Receptor 2 (TLR2) Cascade","Toll Like Receptor 2 (TLR2) Cascade","R-HSA-168256","#37abb4","Immune System","false","Toll Like Receptor 2 (TLR2) Cascade"
"#37abb4","0.10526315789473684","Regulation of TLR by endogenous ligand","Regulation of TLR by endogenous ligand","R-HSA-168256","#37abb4","Immune System","false","Regulation of TLR by endogenous ligand"
"#37abb4","0.0","TRAF3-dependent IRF activation pathway","TRAF3-dependent IRF activation pathway","R-HSA-168256","#37abb4","Immune System","false","TRAF3-dependent IRF activation pathway"
"#37abb4","0.0","TRAF6 mediated IRF7 activation","TRAF6 mediated IRF7 activation","R-HSA-168256","#37abb4","Immune System","false","TRAF6 mediated IRF7 activation"
"#37abb4","0.0","TRAF6 mediated NF-kB activation","TRAF6 mediated NF-kB activation","R-HSA-168256","#37abb4","Immune System","false","TRAF6 mediated NF-kB activation"
"#37abb4","0.0","NF-kB activation through FADD/RIP-1 pathway mediated by caspase-8 and -10","NF-kB activation through FADD/RIP-1 pathway mediated by caspase-8 and -10","R-HSA-168256","#37abb4","Immune System","false","NF-kB activation through FADD/RIP-1 pathway mediated by caspase-8 and -10"
"#37abb4","0.0","Negative regulators of DDX58/IFIH1 signaling","Negative regulators of DDX58/IFIH1 signaling","R-HSA-168256","#37abb4","Immune System","false","Negative regulators of DDX58/IFIH1 signaling"
"#c77df4","0.0","Prolonged ERK activation events","Prolonged ERK activation events","R-HSA-162582","#c77df4","Signal Transduction","false","Prolonged ERK activation events"
"#c77df4","0.0","Frs2-mediated activation","Frs2-mediated activation","R-HSA-162582","#c77df4","Signal Transduction","false","Frs2-mediated activation"
"#c77df4","0.0","ARMS-mediated activation","ARMS-mediated activation","R-HSA-162582","#c77df4","Signal Transduction","false","ARMS-mediated activation"
"#f77467",,,"R-HSA-211728","R-HSA-5357801","#f77467","Programmed Cell Death","false","R-HSA-211728"
"#f77467",,"Regulation of activated PAK-2p34 by proteasome mediated degradation","Regulation of activated PAK-2p34 by proteasome mediated degradation","R-HSA-5357801","#f77467","Programmed Cell Death","false","Regulation of activated PAK-2p34 by proteasome mediated degradation"
"#c77df4","0.0","Signaling by TGF-beta Receptor Complex","Signaling by TGF-beta Receptor Complex","R-HSA-162582","#c77df4","Signal Transduction","false","Signaling by TGF-beta Receptor Complex"
"#c77df4","0.0","TGF-beta receptor signaling activates SMADs","TGF-beta receptor signaling activates SMADs","R-HSA-162582","#c77df4","Signal Transduction","false","TGF-beta receptor signaling activates SMADs"
"#c77df4","0.0","TGF-beta receptor signaling in EMT (epithelial to mesenchymal transition)","TGF-beta receptor signaling in EMT (epithelial to mesenchymal transition)","R-HSA-162582","#c77df4","Signal Transduction","false","TGF-beta receptor signaling in EMT (epithelial to mesenchymal transition)"
"#c77df4","0.0","Transcriptional activity of SMAD2/SMAD3:SMAD4 heterotrimer","Transcriptional activity of SMAD2/SMAD3:SMAD4 heterotrimer","R-HSA-162582","#c77df4","Signal Transduction","false","Transcriptional activity of SMAD2/SMAD3:SMAD4 heterotrimer"
"#f17b32","0.0","APC/C-mediated degradation of cell cycle proteins","APC/C-mediated degradation of cell cycle proteins","R-HSA-1640170","#f17b32","Cell Cycle","false","APC/C-mediated degradation of cell cycle proteins"
"#f17b32",,,"R-HSA-174084","R-HSA-1640170","#f17b32","Cell Cycle","false","R-HSA-174084"
"#f17b32",,,"R-HSA-174178","R-HSA-1640170","#f17b32","Cell Cycle","false","R-HSA-174178"
"#f17b32","0.0","Conversion from APC/C:Cdc20 to APC/C:Cdh1 in late anaphase","Conversion from APC/C:Cdc20 to APC/C:Cdh1 in late anaphase","R-HSA-1640170","#f17b32","Cell Cycle","false","Conversion from APC/C:Cdc20 to APC/C:Cdh1 in late anaphase"
"#f17b32","0.0","Regulation of APC/C activators between G1/S and early anaphase","Regulation of APC/C activators between G1/S and early anaphase","R-HSA-1640170","#f17b32","Cell Cycle","false","Regulation of APC/C activators between G1/S and early anaphase"
"#f17b32",,,"R-HSA-176814","R-HSA-1640170","#f17b32","Cell Cycle","false","R-HSA-176814"
"#f17b32","0.0","Processive synthesis on the C-strand of the telomere","Processive synthesis on the C-strand of the telomere","R-HSA-1640170","#f17b32","Cell Cycle","false","Processive synthesis on the C-strand of the telomere"
"#f17b32","0.0","Removal of the Flap Intermediate from the C-strand","Removal of the Flap Intermediate from the C-strand","R-HSA-1640170","#f17b32","Cell Cycle","false","Removal of the Flap Intermediate from the C-strand"
"#f17b32","0.0","Telomere C-strand (Lagging Strand) Synthesis","Telomere C-strand (Lagging Strand) Synthesis","R-HSA-1640170","#f17b32","Cell Cycle","false","Telomere C-strand (Lagging Strand) Synthesis"
"#f17b32","0.0","Polymerase switching on the C-strand of the telomere","Polymerase switching on the C-strand of the telomere","R-HSA-1640170","#f17b32","Cell Cycle","false","Polymerase switching on the C-strand of the telomere"
"#f17b32","0.0","Telomere C-strand synthesis initiation","Telomere C-strand synthesis initiation","R-HSA-1640170","#f17b32","Cell Cycle","false","Telomere C-strand synthesis initiation"
"#34b331","0.0","Synthesis And Processing Of GAG, GAGPOL Polyproteins","Synthesis And Processing Of GAG, GAGPOL Polyproteins","R-HSA-1643685","#34b331","Disease","false","Synthesis And Processing Of GAG, GAGPOL Polyproteins"
"#34b331","0.0","Membrane binding and targetting of GAG proteins","Membrane binding and targetting of GAG proteins","R-HSA-1643685","#34b331","Disease","false","Membrane binding and targetting of GAG proteins"
"#9ba331","0.05263157894736842","Plasma lipoprotein assembly, remodeling, and clearance","Plasma lipoprotein assembly, remodeling, and clearance","R-HSA-382551","#9ba331","Transport of small molecules","false","Plasma lipoprotein assembly, remodeling, and clearance"
"#9ba331","0.0","Plasma lipoprotein assembly","Plasma lipoprotein assembly","R-HSA-382551","#9ba331","Transport of small molecules","false","Plasma lipoprotein assembly"
"#9ba331","0.07692307692307693","Plasma lipoprotein remodeling","Plasma lipoprotein remodeling","R-HSA-382551","#9ba331","Transport of small molecules","false","Plasma lipoprotein remodeling"
"#9ba331","0.0","Plasma lipoprotein clearance","Plasma lipoprotein clearance","R-HSA-382551","#9ba331","Transport of small molecules","false","Plasma lipoprotein clearance"
"#34b331",,,"R-HSA-171286","R-HSA-1643685","#34b331","Disease","false","R-HSA-171286"
"#34b331",,,"R-HSA-180897","R-HSA-1643685","#34b331","Disease","false","R-HSA-180897"
"#34b331",,"Vpr-mediated nuclear import of PICs","Vpr-mediated nuclear import of PICs","R-HSA-1643685","#34b331","Disease","false","Vpr-mediated nuclear import of PICs"
"#f17b32",,,"R-HSA-174113","R-HSA-1640170","#f17b32","Cell Cycle","false","R-HSA-174113"
"#f17b32","0.0","Phosphorylation of Emi1","Phosphorylation of Emi1","R-HSA-1640170","#f17b32","Cell Cycle","false","Phosphorylation of Emi1"
"#f17b32",,,"R-HSA-176409","R-HSA-1640170","#f17b32","Cell Cycle","false","R-HSA-176409"
"#f17b32",,,"R-HSA-174048","R-HSA-1640170","#f17b32","Cell Cycle","false","R-HSA-174048"
"#f17b32",,,"R-HSA-174154","R-HSA-1640170","#f17b32","Cell Cycle","false","R-HSA-174154"
"#f17b32",,,"R-HSA-179419","R-HSA-1640170","#f17b32","Cell Cycle","false","R-HSA-179419"
"#f17b32",,,"R-HSA-176412","R-HSA-1640170","#f17b32","Cell Cycle","false","R-HSA-176412"
"#34b331","0.0","Nuclear import of Rev protein","Nuclear import of Rev protein","R-HSA-1643685","#34b331","Disease","false","Nuclear import of Rev protein"
"#c77df4","0.0","Signaling by EGFR","Signaling by EGFR","R-HSA-162582","#c77df4","Signal Transduction","false","Signaling by EGFR"
"#c77df4","0.0","GRB2 events in EGFR signaling","GRB2 events in EGFR signaling","R-HSA-162582","#c77df4","Signal Transduction","false","GRB2 events in EGFR signaling"
"#c77df4","0.0","GAB1 signalosome","GAB1 signalosome","R-HSA-162582","#c77df4","Signal Transduction","false","GAB1 signalosome"
"#c77df4","0.0","SHC1 events in EGFR signaling","SHC1 events in EGFR signaling","R-HSA-162582","#c77df4","Signal Transduction","false","SHC1 events in EGFR signaling"
"#c77df4","0.0","EGFR downregulation","EGFR downregulation","R-HSA-162582","#c77df4","Signal Transduction","false","EGFR downregulation"
"#c77df4","0.0","EGFR interacts with phospholipase C-gamma","EGFR interacts with phospholipase C-gamma","R-HSA-162582","#c77df4","Signal Transduction","false","EGFR interacts with phospholipase C-gamma"
"#3ba5e3","0.0","Chondroitin sulfate biosynthesis","Chondroitin sulfate biosynthesis","R-HSA-1430728","#3ba5e3","Metabolism","false","Chondroitin sulfate biosynthesis"
"#3ba5e3","0.0","Dermatan sulfate biosynthesis","Dermatan sulfate biosynthesis","R-HSA-1430728","#3ba5e3","Metabolism","false","Dermatan sulfate biosynthesis"
"#3ba5e3","0.0","CS/DS degradation","CS/DS degradation","R-HSA-1430728","#3ba5e3","Metabolism","false","CS/DS degradation"
"#f17b32",,,"R-HSA-174184","R-HSA-1640170","#f17b32","Cell Cycle","false","R-HSA-174184"
"#f17b32",,,"R-HSA-179409","R-HSA-1640170","#f17b32","Cell Cycle","false","R-HSA-179409"
"#f17b32","0.0","Telomere Extension By Telomerase","Telomere Extension By Telomerase","R-HSA-1640170","#f17b32","Cell Cycle","false","Telomere Extension By Telomerase"
"#36aca9","0.0","Presynaptic nicotinic acetylcholine receptors","Presynaptic nicotinic acetylcholine receptors","R-HSA-112316","#36aca9","Neuronal System","false","Presynaptic nicotinic acetylcholine receptors"
"#36aca9","0.0","Postsynaptic nicotinic acetylcholine receptors","Postsynaptic nicotinic acetylcholine receptors","R-HSA-112316","#36aca9","Neuronal System","false","Postsynaptic nicotinic acetylcholine receptors"
"#37abb4","0.0","STING mediated induction of host immune responses","STING mediated induction of host immune responses","R-HSA-168256","#37abb4","Immune System","false","STING mediated induction of host immune responses"
"#37abb4","0.0","STAT6-mediated induction of chemokines","STAT6-mediated induction of chemokines","R-HSA-168256","#37abb4","Immune System","false","STAT6-mediated induction of chemokines"
"#37abb4","0.0","IRF3-mediated induction of type I IFN","IRF3-mediated induction of type I IFN","R-HSA-168256","#37abb4","Immune System","false","IRF3-mediated induction of type I IFN"
"#37abb4",,"DEx/H-box helicases activate type I IFN and inflammatory cytokines production","DEx/H-box helicases activate type I IFN and inflammatory cytokines production","R-HSA-168256","#37abb4","Immune System","false","DEx/H-box helicases activate type I IFN and inflammatory cytokines production"
"#37abb4","0.0","LRR FLII-interacting protein 1 (LRRFIP1) activates type I IFN production","LRR FLII-interacting protein 1 (LRRFIP1) activates type I IFN production","R-HSA-168256","#37abb4","Immune System","false","LRR FLII-interacting protein 1 (LRRFIP1) activates type I IFN production"
"#37abb4","0.0","Regulation of innate immune responses to cytosolic DNA","Regulation of innate immune responses to cytosolic DNA","R-HSA-168256","#37abb4","Immune System","false","Regulation of innate immune responses to cytosolic DNA"
"#34b331","0.0","FGFR1 mutant receptor activation","FGFR1 mutant receptor activation","R-HSA-1643685","#34b331","Disease","false","FGFR1 mutant receptor activation"
"#34b331","0.0","Signaling by cytosolic FGFR1 fusion mutants","Signaling by cytosolic FGFR1 fusion mutants","R-HSA-1643685","#34b331","Disease","false","Signaling by cytosolic FGFR1 fusion mutants"
"#34b331","0.0","Signaling by FGFR1 amplification mutants","Signaling by FGFR1 amplification mutants","R-HSA-1643685","#34b331","Disease","false","Signaling by FGFR1 amplification mutants"
"#34b331","0.0","Signaling by activated point mutants of FGFR1","Signaling by activated point mutants of FGFR1","R-HSA-1643685","#34b331","Disease","false","Signaling by activated point mutants of FGFR1"
"#34b331","0.0","Signaling by plasma membrane FGFR1 fusions","Signaling by plasma membrane FGFR1 fusions","R-HSA-1643685","#34b331","Disease","false","Signaling by plasma membrane FGFR1 fusions"
"#34b331","0.0","FGFR2 mutant receptor activation","FGFR2 mutant receptor activation","R-HSA-1643685","#34b331","Disease","false","FGFR2 mutant receptor activation"
"#34b331","0.0","Signaling by FGFR2 amplification mutants","Signaling by FGFR2 amplification mutants","R-HSA-1643685","#34b331","Disease","false","Signaling by FGFR2 amplification mutants"
"#34b331","0.0","Activated point mutants of FGFR2","Activated point mutants of FGFR2","R-HSA-1643685","#34b331","Disease","false","Activated point mutants of FGFR2"
"#34b331","0.0","Signaling by FGFR2 IIIa TM","Signaling by FGFR2 IIIa TM","R-HSA-1643685","#34b331","Disease","false","Signaling by FGFR2 IIIa TM"
"#34b331","0.0","Signaling by FGFR2 fusions","Signaling by FGFR2 fusions","R-HSA-1643685","#34b331","Disease","false","Signaling by FGFR2 fusions"
"#f55fe7","0.16","Organelle biogenesis and maintenance","Organelle biogenesis and maintenance","R-HSA-1852241","#f55fe7","Organelle biogenesis and maintenance","false","Organelle biogenesis and maintenance"
"#f55fe7","0.125","Cilium Assembly","Cilium Assembly","R-HSA-1852241","#f55fe7","Organelle biogenesis and maintenance","false","Cilium Assembly"
"#33b16a",,,"R-HSA-210744","R-HSA-1266738","#33b16a","Developmental Biology","false","R-HSA-210744"
"#33b16a","0.0","Regulation of gene expression in beta cells","Regulation of gene expression in beta cells","R-HSA-1266738","#33b16a","Developmental Biology","false","Regulation of gene expression in beta cells"
"#33b16a",,,"R-HSA-210746","R-HSA-1266738","#33b16a","Developmental Biology","false","R-HSA-210746"
"#33b16a",,,"R-HSA-210747","R-HSA-1266738","#33b16a","Developmental Biology","false","R-HSA-210747"
"#c77df4","0.0","Signaling by PDGF","Signaling by PDGF","R-HSA-162582","#c77df4","Signal Transduction","false","Signaling by PDGF"
"#c77df4","0.0","Downstream signal transduction","Downstream signal transduction","R-HSA-162582","#c77df4","Signal Transduction","false","Downstream signal transduction"
"#c77df4","0.5","Activation of TRKA receptors","Activation of TRKA receptors","R-HSA-162582","#c77df4","Signal Transduction","false","Activation of TRKA receptors"
"#c77df4","0.5","NGF-independant TRKA activation","NGF-independant TRKA activation","R-HSA-162582","#c77df4","Signal Transduction","false","NGF-independant TRKA activation"
"#c77df4","0.0","TRKA activation by NGF","TRKA activation by NGF","R-HSA-162582","#c77df4","Signal Transduction","false","TRKA activation by NGF"
"#c77df4","0.0","PLC-gamma1 signalling","PLC-gamma1 signalling","R-HSA-162582","#c77df4","Signal Transduction","false","PLC-gamma1 signalling"
"#c77df4","0.0","Retrograde neurotrophin signalling","Retrograde neurotrophin signalling","R-HSA-162582","#c77df4","Signal Transduction","false","Retrograde neurotrophin signalling"
"#c77df4","0.0","Signalling to ERKs","Signalling to ERKs","R-HSA-162582","#c77df4","Signal Transduction","false","Signalling to ERKs"
"#c77df4","0.0","PI3K/AKT activation","PI3K/AKT activation","R-HSA-162582","#c77df4","Signal Transduction","false","PI3K/AKT activation"
"#c77df4","0.0","Nuclear Events (kinase and transcription factor activation)","Nuclear Events (kinase and transcription factor activation)","R-HSA-162582","#c77df4","Signal Transduction","false","Nuclear Events (kinase and transcription factor activation)"
"#c77df4","0.0","Signalling to STAT3","Signalling to STAT3","R-HSA-162582","#c77df4","Signal Transduction","false","Signalling to STAT3"
"#c77df4","0.0","Signalling to ERK5","Signalling to ERK5","R-HSA-162582","#c77df4","Signal Transduction","false","Signalling to ERK5"
"#c77df4","0.0","Signalling to p38 via RIT and RIN","Signalling to p38 via RIT and RIN","R-HSA-162582","#c77df4","Signal Transduction","false","Signalling to p38 via RIT and RIN"
"#3ba5e3","0.0","Heme biosynthesis","Heme biosynthesis","R-HSA-1430728","#3ba5e3","Metabolism","false","Heme biosynthesis"
"#3ba5e3","0.0","Heme degradation","Heme degradation","R-HSA-1430728","#3ba5e3","Metabolism","false","Heme degradation"
"#c77df4","0.0","Signaling by FGFR","Signaling by FGFR","R-HSA-162582","#c77df4","Signal Transduction","false","Signaling by FGFR"
"#c77df4","0.0","Signaling by FGFR1","Signaling by FGFR1","R-HSA-162582","#c77df4","Signal Transduction","false","Signaling by FGFR1"
"#c77df4","0.0","Signaling by FGFR2","Signaling by FGFR2","R-HSA-162582","#c77df4","Signal Transduction","false","Signaling by FGFR2"
"#c77df4","0.0","Signaling by FGFR3","Signaling by FGFR3","R-HSA-162582","#c77df4","Signal Transduction","false","Signaling by FGFR3"
"#c77df4","0.0","Signaling by FGFR4","Signaling by FGFR4","R-HSA-162582","#c77df4","Signal Transduction","false","Signaling by FGFR4"
"#c77df4","0.0","FGFR3 ligand binding and activation","FGFR3 ligand binding and activation","R-HSA-162582","#c77df4","Signal Transduction","false","FGFR3 ligand binding and activation"
"#c77df4","0.0","FGFR3b ligand binding and activation","FGFR3b ligand binding and activation","R-HSA-162582","#c77df4","Signal Transduction","false","FGFR3b ligand binding and activation"
"#c77df4","0.0","FGFR3c ligand binding and activation","FGFR3c ligand binding and activation","R-HSA-162582","#c77df4","Signal Transduction","false","FGFR3c ligand binding and activation"
"#c77df4","0.0","FGFR2 ligand binding and activation","FGFR2 ligand binding and activation","R-HSA-162582","#c77df4","Signal Transduction","false","FGFR2 ligand binding and activation"
"#c77df4","0.0","FGFR2c ligand binding and activation","FGFR2c ligand binding and activation","R-HSA-162582","#c77df4","Signal Transduction","false","FGFR2c ligand binding and activation"
"#c77df4","0.0","FGFR2b ligand binding and activation","FGFR2b ligand binding and activation","R-HSA-162582","#c77df4","Signal Transduction","false","FGFR2b ligand binding and activation"
"#c77df4","0.0","FGFR1 ligand binding and activation","FGFR1 ligand binding and activation","R-HSA-162582","#c77df4","Signal Transduction","false","FGFR1 ligand binding and activation"
"#c77df4","0.0","FGFR1b ligand binding and activation","FGFR1b ligand binding and activation","R-HSA-162582","#c77df4","Signal Transduction","false","FGFR1b ligand binding and activation"
"#c77df4","0.0","FGFR1c ligand binding and activation","FGFR1c ligand binding and activation","R-HSA-162582","#c77df4","Signal Transduction","false","FGFR1c ligand binding and activation"
"#c77df4","0.0","FGFR1c and Klotho ligand binding and activation","FGFR1c and Klotho ligand binding and activation","R-HSA-162582","#c77df4","Signal Transduction","false","FGFR1c and Klotho ligand binding and activation"
"#c77df4","0.0","FGFR4 ligand binding and activation","FGFR4 ligand binding and activation","R-HSA-162582","#c77df4","Signal Transduction","false","FGFR4 ligand binding and activation"
"#c77df4","0.0","betaKlotho-mediated ligand binding","betaKlotho-mediated ligand binding","R-HSA-162582","#c77df4","Signal Transduction","false","betaKlotho-mediated ligand binding"
"#34b082","0.0","Gap junction assembly","Gap junction assembly","R-HSA-5653656","#34b082","Vesicle-mediated transport","false","Gap junction assembly"
"#34b082",,"Gap junction degradation","Gap junction degradation","R-HSA-5653656","#34b082","Vesicle-mediated transport","false","Gap junction degradation"
"#34b082",,,"R-HSA-190704","R-HSA-5653656","#34b082","Vesicle-mediated transport","false","R-HSA-190704"
"#34b082",,,"R-HSA-190827","R-HSA-5653656","#34b082","Vesicle-mediated transport","false","R-HSA-190827"
"#34b082","0.0","Transport of connexons to the plasma membrane","Transport of connexons to the plasma membrane","R-HSA-5653656","#34b082","Vesicle-mediated transport","false","Transport of connexons to the plasma membrane"
"#34b082","0.0","Microtubule-dependent trafficking of connexons from Golgi to the plasma membrane","Microtubule-dependent trafficking of connexons from Golgi to the plasma membrane","R-HSA-5653656","#34b082","Vesicle-mediated transport","false","Microtubule-dependent trafficking of connexons from Golgi to the plasma membrane"
"#34b082",,"Formation of annular gap junctions","Formation of annular gap junctions","R-HSA-5653656","#34b082","Vesicle-mediated transport","false","Formation of annular gap junctions"
"#c77df4","0.3333333333333333","Pre-NOTCH Processing in the Endoplasmic Reticulum","Pre-NOTCH Processing in the Endoplasmic Reticulum","R-HSA-162582","#c77df4","Signal Transduction","false","Pre-NOTCH Processing in the Endoplasmic Reticulum"
"#c77df4","0.0","Pre-NOTCH Transcription and Translation","Pre-NOTCH Transcription and Translation","R-HSA-162582","#c77df4","Signal Transduction","false","Pre-NOTCH Transcription and Translation"
"#c77df4","0.0","Pre-NOTCH Processing in Golgi","Pre-NOTCH Processing in Golgi","R-HSA-162582","#c77df4","Signal Transduction","false","Pre-NOTCH Processing in Golgi"
"#3ba5e3","0.0625","Cholesterol biosynthesis","Cholesterol biosynthesis","R-HSA-1430728","#3ba5e3","Metabolism","false","Cholesterol biosynthesis"
"#3ba5e3","0.0","Cholesterol biosynthesis via desmosterol","Cholesterol biosynthesis via desmosterol","R-HSA-1430728","#3ba5e3","Metabolism","false","Cholesterol biosynthesis via desmosterol"
"#3ba5e3","0.14285714285714285","Cholesterol biosynthesis via lathosterol","Cholesterol biosynthesis via lathosterol","R-HSA-1430728","#3ba5e3","Metabolism","false","Cholesterol biosynthesis via lathosterol"
"#3ba5e3","0.05555555555555555","Synthesis of bile acids and bile salts","Synthesis of bile acids and bile salts","R-HSA-1430728","#3ba5e3","Metabolism","false","Synthesis of bile acids and bile salts"
"#3ba5e3","0.08333333333333333","Synthesis of bile acids and bile salts via 7alpha-hydroxycholesterol","Synthesis of bile acids and bile salts via 7alpha-hydroxycholesterol","R-HSA-1430728","#3ba5e3","Metabolism","false","Synthesis of bile acids and bile salts via 7alpha-hydroxycholesterol"
"#3ba5e3","0.0","Synthesis of bile acids and bile salts via 24-hydroxycholesterol","Synthesis of bile acids and bile salts via 24-hydroxycholesterol","R-HSA-1430728","#3ba5e3","Metabolism","false","Synthesis of bile acids and bile salts via 24-hydroxycholesterol"
"#3ba5e3","0.0625","Synthesis of bile acids and bile salts via 27-hydroxycholesterol","Synthesis of bile acids and bile salts via 27-hydroxycholesterol","R-HSA-1430728","#3ba5e3","Metabolism","false","Synthesis of bile acids and bile salts via 27-hydroxycholesterol"
"#c77df4","0.0","p75NTR signals via NF-kB","p75NTR signals via NF-kB","R-HSA-162582","#c77df4","Signal Transduction","false","p75NTR signals via NF-kB"
"#c77df4","0.0","p75NTR recruits signalling complexes","p75NTR recruits signalling complexes","R-HSA-162582","#c77df4","Signal Transduction","false","p75NTR recruits signalling complexes"
"#c77df4","0.0","NF-kB is activated and signals survival","NF-kB is activated and signals survival","R-HSA-162582","#c77df4","Signal Transduction","false","NF-kB is activated and signals survival"
"#c77df4","0.0","p75NTR regulates axonogenesis","p75NTR regulates axonogenesis","R-HSA-162582","#c77df4","Signal Transduction","false","p75NTR regulates axonogenesis"
"#c77df4","0.0","Axonal growth inhibition (RHOA activation)","Axonal growth inhibition (RHOA activation)","R-HSA-162582","#c77df4","Signal Transduction","false","Axonal growth inhibition (RHOA activation)"
"#c77df4",,"Axonal growth stimulation","Axonal growth stimulation","R-HSA-162582","#c77df4","Signal Transduction","false","Axonal growth stimulation"
"#c77df4","0.1","p75 NTR receptor-mediated signalling","p75 NTR receptor-mediated signalling","R-HSA-162582","#c77df4","Signal Transduction","false","p75 NTR receptor-mediated signalling"
"#c77df4",,,"R-HSA-193670","R-HSA-162582","#c77df4","Signal Transduction","false","R-HSA-193670"
"#c77df4","0.3333333333333333","Ceramide signalling","Ceramide signalling","R-HSA-162582","#c77df4","Signal Transduction","false","Ceramide signalling"
"#c77df4",,"Regulated proteolysis of p75NTR","Regulated proteolysis of p75NTR","R-HSA-162582","#c77df4","Signal Transduction","false","Regulated proteolysis of p75NTR"
"#c77df4","0.0","Cell death signalling via NRAGE, NRIF and NADE","Cell death signalling via NRAGE, NRIF and NADE","R-HSA-162582","#c77df4","Signal Transduction","false","Cell death signalling via NRAGE, NRIF and NADE"
"#c77df4",,,"R-HSA-205017","R-HSA-162582","#c77df4","Signal Transduction","false","R-HSA-205017"
"#3ba5e3","0.05555555555555555","Bile acid and bile salt metabolism","Bile acid and bile salt metabolism","R-HSA-1430728","#3ba5e3","Metabolism","false","Bile acid and bile salt metabolism"
"#3ba5e3","0.16666666666666666","Recycling of bile acids and salts","Recycling of bile acids and salts","R-HSA-1430728","#3ba5e3","Metabolism","false","Recycling of bile acids and salts"
"#c77df4","0.0","Signaling by VEGF","Signaling by VEGF","R-HSA-162582","#c77df4","Signal Transduction","false","Signaling by VEGF"
"#c77df4",,,"R-HSA-194306","R-HSA-162582","#c77df4","Signal Transduction","false","R-HSA-194306"
"#c77df4",,,"R-HSA-194313","R-HSA-162582","#c77df4","Signal Transduction","false","R-HSA-194313"
"#c77df4","0.0","VEGFA-VEGFR2 Pathway","VEGFA-VEGFR2 Pathway","R-HSA-162582","#c77df4","Signal Transduction","false","VEGFA-VEGFR2 Pathway"
"#c77df4",,,"R-HSA-195399","R-HSA-162582","#c77df4","Signal Transduction","false","R-HSA-195399"
"#c77df4","0.125","Signaling by Rho GTPases","Signaling by Rho GTPases","R-HSA-162582","#c77df4","Signal Transduction","false","Signaling by Rho GTPases"
"#c77df4","0.125","RHO GTPase Effectors","RHO GTPase Effectors","R-HSA-162582","#c77df4","Signal Transduction","false","RHO GTPase Effectors"
"#c77df4","0.0","RHO GTPase cycle","RHO GTPase cycle","R-HSA-162582","#c77df4","Signal Transduction","false","RHO GTPase cycle"
"#f565ce","0.0","Metabolism of non-coding RNA","Metabolism of non-coding RNA","R-HSA-8953854","#f565ce","Metabolism of RNA","false","Metabolism of non-coding RNA"
"#f565ce","0.0","snRNP Assembly","snRNP Assembly","R-HSA-8953854","#f565ce","Metabolism of RNA","false","snRNP Assembly"
"#c77df4","0.0","Degradation of beta-catenin by the destruction complex","Degradation of beta-catenin by the destruction complex","R-HSA-162582","#c77df4","Signal Transduction","false","Degradation of beta-catenin by the destruction complex"
"#c77df4","0.0","Beta-catenin phosphorylation cascade","Beta-catenin phosphorylation cascade","R-HSA-162582","#c77df4","Signal Transduction","false","Beta-catenin phosphorylation cascade"
"#c77df4",,,"R-HSA-4641265","R-HSA-162582","#c77df4","Signal Transduction","false","R-HSA-4641265"
"#c77df4","0.18181818181818182","RHO GTPases activate PKNs","RHO GTPases activate PKNs","R-HSA-162582","#c77df4","Signal Transduction","false","RHO GTPases activate PKNs"
"#c77df4","0.0","RHO GTPases activate CIT","RHO GTPases activate CIT","R-HSA-162582","#c77df4","Signal Transduction","false","RHO GTPases activate CIT"
"#c77df4",,"RHO GTPases activate KTN1","RHO GTPases activate KTN1","R-HSA-162582","#c77df4","Signal Transduction","false","RHO GTPases activate KTN1"
"#c77df4","0.0","RHO GTPases activate IQGAPs","RHO GTPases activate IQGAPs","R-HSA-162582","#c77df4","Signal Transduction","false","RHO GTPases activate IQGAPs"
"#c77df4",,"RHO GTPases regulate CFTR trafficking","RHO GTPases regulate CFTR trafficking","R-HSA-162582","#c77df4","Signal Transduction","false","RHO GTPases regulate CFTR trafficking"
"#c77df4","0.0","RHO GTPases Activate ROCKs","RHO GTPases Activate ROCKs","R-HSA-162582","#c77df4","Signal Transduction","false","RHO GTPases Activate ROCKs"
"#c77df4","0.0","RHO GTPases activate PAKs","RHO GTPases activate PAKs","R-HSA-162582","#c77df4","Signal Transduction","false","RHO GTPases activate PAKs"
"#c77df4","0.0","RHO GTPases Activate WASPs and WAVEs","RHO GTPases Activate WASPs and WAVEs","R-HSA-162582","#c77df4","Signal Transduction","false","RHO GTPases Activate WASPs and WAVEs"
"#c77df4","0.0","RHO GTPases Activate Formins","RHO GTPases Activate Formins","R-HSA-162582","#c77df4","Signal Transduction","false","RHO GTPases Activate Formins"
"#c77df4",,"RHO GTPases Activate Rhotekin and Rhophilins","RHO GTPases Activate Rhotekin and Rhophilins","R-HSA-162582","#c77df4","Signal Transduction","false","RHO GTPases Activate Rhotekin and Rhophilins"
"#c77df4","0.0","RHO GTPases Activate NADPH Oxidases","RHO GTPases Activate NADPH Oxidases","R-HSA-162582","#c77df4","Signal Transduction","false","RHO GTPases Activate NADPH Oxidases"
"#c77df4","0.1111111111111111","TCF dependent signaling in response to WNT","TCF dependent signaling in response to WNT","R-HSA-162582","#c77df4","Signal Transduction","false","TCF dependent signaling in response to WNT"
"#c77df4","0.0","WNT ligand biogenesis and trafficking","WNT ligand biogenesis and trafficking","R-HSA-162582","#c77df4","Signal Transduction","false","WNT ligand biogenesis and trafficking"
"#c77df4","0.0","Beta-catenin independent WNT signaling","Beta-catenin independent WNT signaling","R-HSA-162582","#c77df4","Signal Transduction","false","Beta-catenin independent WNT signaling"
"#3ba5e3","0.4","Metabolism of steroid hormones","Metabolism of steroid hormones","R-HSA-1430728","#3ba5e3","Metabolism","false","Metabolism of steroid hormones"
"#3ba5e3","0.38461538461538464","Androgen biosynthesis","Androgen biosynthesis","R-HSA-1430728","#3ba5e3","Metabolism","false","Androgen biosynthesis"
"#3ba5e3","0.42857142857142855","Estrogen biosynthesis","Estrogen biosynthesis","R-HSA-1430728","#3ba5e3","Metabolism","false","Estrogen biosynthesis"
"#3ba5e3","0.36363636363636365","Mineralocorticoid biosynthesis","Mineralocorticoid biosynthesis","R-HSA-1430728","#3ba5e3","Metabolism","false","Mineralocorticoid biosynthesis"
"#3ba5e3","0.5","Glucocorticoid biosynthesis","Glucocorticoid biosynthesis","R-HSA-1430728","#3ba5e3","Metabolism","false","Glucocorticoid biosynthesis"
"#3ba5e3","0.1","Pregnenolone biosynthesis","Pregnenolone biosynthesis","R-HSA-1430728","#3ba5e3","Metabolism","false","Pregnenolone biosynthesis"
"#3ba5e3","0.0","Cobalamin (Cbl, vitamin B12) transport and metabolism","Cobalamin (Cbl, vitamin B12) transport and metabolism","R-HSA-1430728","#3ba5e3","Metabolism","false","Cobalamin (Cbl, vitamin B12) transport and metabolism"
"#3ba5e3","0.0","Uptake of dietary cobalamins into enterocytes","Uptake of dietary cobalamins into enterocytes","R-HSA-1430728","#3ba5e3","Metabolism","false","Uptake of dietary cobalamins into enterocytes"
"#3ba5e3","0.0","Transport of RCbl within the body","Transport of RCbl within the body","R-HSA-1430728","#3ba5e3","Metabolism","false","Transport of RCbl within the body"
"#3ba5e3","0.0","Cobalamin (Cbl) metabolism","Cobalamin (Cbl) metabolism","R-HSA-1430728","#3ba5e3","Metabolism","false","Cobalamin (Cbl) metabolism"
"#3ba5e3","0.12727272727272726","Nicotinate metabolism","Nicotinate metabolism","R-HSA-1430728","#3ba5e3","Metabolism","false","Nicotinate metabolism"
"#3ba5e3","0.1590909090909091","Nicotinamide salvaging","Nicotinamide salvaging","R-HSA-1430728","#3ba5e3","Metabolism","false","Nicotinamide salvaging"
"#3ba5e3","0.11278195488721804","Metabolism of water-soluble vitamins and cofactors","Metabolism of water-soluble vitamins and cofactors","R-HSA-1430728","#3ba5e3","Metabolism","false","Metabolism of water-soluble vitamins and cofactors"
"#3ba5e3","0.04","Metabolism of folate and pterines","Metabolism of folate and pterines","R-HSA-1430728","#3ba5e3","Metabolism","false","Metabolism of folate and pterines"
"#3ba5e3","0.14285714285714285","Biotin transport and metabolism","Biotin transport and metabolism","R-HSA-1430728","#3ba5e3","Metabolism","false","Biotin transport and metabolism"
"#3ba5e3","0.125","Vitamin B1 (thiamin) metabolism","Vitamin B1 (thiamin) metabolism","R-HSA-1430728","#3ba5e3","Metabolism","false","Vitamin B1 (thiamin) metabolism"
"#3ba5e3","0.0","Vitamin C (ascorbate) metabolism","Vitamin C (ascorbate) metabolism","R-HSA-1430728","#3ba5e3","Metabolism","false","Vitamin C (ascorbate) metabolism"
"#3ba5e3","0.0","Vitamin B2 (riboflavin) metabolism","Vitamin B2 (riboflavin) metabolism","R-HSA-1430728","#3ba5e3","Metabolism","false","Vitamin B2 (riboflavin) metabolism"
"#3ba5e3","0.058823529411764705","Vitamin B5 (pantothenate) metabolism","Vitamin B5 (pantothenate) metabolism","R-HSA-1430728","#3ba5e3","Metabolism","false","Vitamin B5 (pantothenate) metabolism"
"#3ba5e3","0.0","Molybdenum cofactor biosynthesis","Molybdenum cofactor biosynthesis","R-HSA-1430728","#3ba5e3","Metabolism","false","Molybdenum cofactor biosynthesis"
"#3ba5e3","0.2857142857142857","Vitamin B6 activation to pyridoxal phosphate","Vitamin B6 activation to pyridoxal phosphate","R-HSA-1430728","#3ba5e3","Metabolism","false","Vitamin B6 activation to pyridoxal phosphate"
"#3ba5e3","0.11627906976744186","Metabolism of fat-soluble vitamins","Metabolism of fat-soluble vitamins","R-HSA-1430728","#3ba5e3","Metabolism","false","Metabolism of fat-soluble vitamins"
"#3ba5e3","0.0","Metabolism of cofactors","Metabolism of cofactors","R-HSA-1430728","#3ba5e3","Metabolism","false","Metabolism of cofactors"
"#c77df4","0.0","NOTCH1 Intracellular Domain Regulates Transcription","NOTCH1 Intracellular Domain Regulates Transcription","R-HSA-162582","#c77df4","Signal Transduction","false","NOTCH1 Intracellular Domain Regulates Transcription"
"#c77df4","0.0","Activated NOTCH1 Transmits Signal to the Nucleus","Activated NOTCH1 Transmits Signal to the Nucleus","R-HSA-162582","#c77df4","Signal Transduction","false","Activated NOTCH1 Transmits Signal to the Nucleus"
"#c77df4",,,"R-HSA-2197563","R-HSA-162582","#c77df4","Signal Transduction","false","R-HSA-2197563"
"#c77df4",,"NOTCH2 Activation and Transmission of Signal to the Nucleus","NOTCH2 Activation and Transmission of Signal to the Nucleus","R-HSA-162582","#c77df4","Signal Transduction","false","NOTCH2 Activation and Transmission of Signal to the Nucleus"
"#c77df4","0.0","ERK/MAPK targets","ERK/MAPK targets","R-HSA-162582","#c77df4","Signal Transduction","false","ERK/MAPK targets"
"#c77df4","0.0","CREB phosphorylation","CREB phosphorylation","R-HSA-162582","#c77df4","Signal Transduction","false","CREB phosphorylation"
"#c77df4","0.0","NGF-stimulated transcription","NGF-stimulated transcription","R-HSA-162582","#c77df4","Signal Transduction","false","NGF-stimulated transcription"
"#c77df4","0.0","ERKs are inactivated","ERKs are inactivated","R-HSA-162582","#c77df4","Signal Transduction","false","ERKs are inactivated"
"#3ba5e3","0.0","Coenzyme A biosynthesis","Coenzyme A biosynthesis","R-HSA-1430728","#3ba5e3","Metabolism","false","Coenzyme A biosynthesis"
"#c77df4","0.0","PI5P, PP2A and IER3 Regulate PI3K/AKT Signaling","PI5P, PP2A and IER3 Regulate PI3K/AKT Signaling","R-HSA-162582","#c77df4","Signal Transduction","false","PI5P, PP2A and IER3 Regulate PI3K/AKT Signaling"
"#34b082","0.0","ER to Golgi Anterograde Transport","ER to Golgi Anterograde Transport","R-HSA-5653656","#34b082","Vesicle-mediated transport","false","ER to Golgi Anterograde Transport"
"#34b082","0.0","COPII-mediated vesicle transport","COPII-mediated vesicle transport","R-HSA-5653656","#34b082","Vesicle-mediated transport","false","COPII-mediated vesicle transport"
"#34b082","0.0","Cargo concentration in the ER","Cargo concentration in the ER","R-HSA-5653656","#34b082","Vesicle-mediated transport","false","Cargo concentration in the ER"
"#34b082","0.0","COPI-mediated anterograde transport","COPI-mediated anterograde transport","R-HSA-5653656","#34b082","Vesicle-mediated transport","false","COPI-mediated anterograde transport"
"#34b082","0.06666666666666667","Membrane Trafficking","Membrane Trafficking","R-HSA-5653656","#34b082","Vesicle-mediated transport","false","Membrane Trafficking"
"#34b082","0.1111111111111111","Translocation of SLC2A4 (GLUT4) to the plasma membrane","Translocation of SLC2A4 (GLUT4) to the plasma membrane","R-HSA-5653656","#34b082","Vesicle-mediated transport","false","Translocation of SLC2A4 (GLUT4) to the plasma membrane"
"#34b082","0.0","trans-Golgi Network Vesicle Budding","trans-Golgi Network Vesicle Budding","R-HSA-5653656","#34b082","Vesicle-mediated transport","false","trans-Golgi Network Vesicle Budding"
"#34b082","0.08333333333333333","Intra-Golgi and retrograde Golgi-to-ER traffic","Intra-Golgi and retrograde Golgi-to-ER traffic","R-HSA-5653656","#34b082","Vesicle-mediated transport","false","Intra-Golgi and retrograde Golgi-to-ER traffic"
"#34b082","0.0","Clathrin-mediated endocytosis","Clathrin-mediated endocytosis","R-HSA-5653656","#34b082","Vesicle-mediated transport","false","Clathrin-mediated endocytosis"
"#34b082","0.16666666666666666","Rab regulation of trafficking","Rab regulation of trafficking","R-HSA-5653656","#34b082","Vesicle-mediated transport","false","Rab regulation of trafficking"
"#34b082","0.0","Endosomal Sorting Complex Required For Transport (ESCRT)","Endosomal Sorting Complex Required For Transport (ESCRT)","R-HSA-5653656","#34b082","Vesicle-mediated transport","false","Endosomal Sorting Complex Required For Transport (ESCRT)"
"#34b082","0.0","Lysosome Vesicle Biogenesis","Lysosome Vesicle Biogenesis","R-HSA-5653656","#34b082","Vesicle-mediated transport","false","Lysosome Vesicle Biogenesis"
"#34b082","0.0","Golgi Associated Vesicle Biogenesis","Golgi Associated Vesicle Biogenesis","R-HSA-5653656","#34b082","Vesicle-mediated transport","false","Golgi Associated Vesicle Biogenesis"
"#c77df4","0.1","Signaling by ALK","Signaling by ALK","R-HSA-162582","#c77df4","Signal Transduction","false","Signaling by ALK"
"#c77df4","0.5","STAT3 nuclear events downstream of ALK signaling","STAT3 nuclear events downstream of ALK signaling","R-HSA-162582","#c77df4","Signal Transduction","false","STAT3 nuclear events downstream of ALK signaling"
"#c77df4","0.0","MDK and PTN in ALK signaling","MDK and PTN in ALK signaling","R-HSA-162582","#c77df4","Signal Transduction","false","MDK and PTN in ALK signaling"
"#c77df4","0.0","WNT mediated activation of DVL","WNT mediated activation of DVL","R-HSA-162582","#c77df4","Signal Transduction","false","WNT mediated activation of DVL"
"#c77df4","0.0","Formation of the beta-catenin:TCF transactivating complex","Formation of the beta-catenin:TCF transactivating complex","R-HSA-162582","#c77df4","Signal Transduction","false","Formation of the beta-catenin:TCF transactivating complex"
"#c77df4","0.0","Deactivation of the beta-catenin transactivating complex","Deactivation of the beta-catenin transactivating complex","R-HSA-162582","#c77df4","Signal Transduction","false","Deactivation of the beta-catenin transactivating complex"
"#c77df4",,,"R-HSA-3772470","R-HSA-162582","#c77df4","Signal Transduction","false","R-HSA-3772470"
"#c77df4","0.0","Degradation of AXIN","Degradation of AXIN","R-HSA-162582","#c77df4","Signal Transduction","false","Degradation of AXIN"
"#c77df4",,,"R-HSA-4641258","R-HSA-162582","#c77df4","Signal Transduction","false","R-HSA-4641258"
"#c77df4","0.0","Disassembly of the destruction complex and recruitment of AXIN to the membrane","Disassembly of the destruction complex and recruitment of AXIN to the membrane","R-HSA-162582","#c77df4","Signal Transduction","false","Disassembly of the destruction complex and recruitment of AXIN to the membrane"
"#c77df4",,"Regulation of FZD by ubiquitination","Regulation of FZD by ubiquitination","R-HSA-162582","#c77df4","Signal Transduction","false","Regulation of FZD by ubiquitination"
"#c77df4",,,"R-HSA-5368598","R-HSA-162582","#c77df4","Signal Transduction","false","R-HSA-5368598"
"#c77df4",,,"R-HSA-4411364","R-HSA-162582","#c77df4","Signal Transduction","false","R-HSA-4411364"
"#3ba5e3","0.0","eNOS activation","eNOS activation","R-HSA-1430728","#3ba5e3","Metabolism","false","eNOS activation"
"#3ba5e3","0.0","NOSTRIN mediated eNOS trafficking","NOSTRIN mediated eNOS trafficking","R-HSA-1430728","#3ba5e3","Metabolism","false","NOSTRIN mediated eNOS trafficking"
"#3ba5e3","0.0","NOSIP mediated eNOS trafficking","NOSIP mediated eNOS trafficking","R-HSA-1430728","#3ba5e3","Metabolism","false","NOSIP mediated eNOS trafficking"
"#ab9e31",,"Anchoring fibril formation","Anchoring fibril formation","R-HSA-1474244","#ab9e31","Extracellular matrix organization","false","Anchoring fibril formation"
"#ab9e31","0.0","Crosslinking of collagen fibrils","Crosslinking of collagen fibrils","R-HSA-1474244","#ab9e31","Extracellular matrix organization","false","Crosslinking of collagen fibrils"
"#37abb4","0.0","Downstream TCR signaling","Downstream TCR signaling","R-HSA-168256","#37abb4","Immune System","false","Downstream TCR signaling"
"#37abb4","0.0","Phosphorylation of CD3 and TCR zeta chains","Phosphorylation of CD3 and TCR zeta chains","R-HSA-168256","#37abb4","Immune System","false","Phosphorylation of CD3 and TCR zeta chains"
"#37abb4","0.0","Translocation of ZAP-70 to Immunological synapse","Translocation of ZAP-70 to Immunological synapse","R-HSA-168256","#37abb4","Immune System","false","Translocation of ZAP-70 to Immunological synapse"
"#37abb4","0.0","Generation of second messenger molecules","Generation of second messenger molecules","R-HSA-168256","#37abb4","Immune System","false","Generation of second messenger molecules"
"#ab89f4","0.0","PECAM1 interactions","PECAM1 interactions","R-HSA-109582","#ab89f4","Hemostasis","false","PECAM1 interactions"
"#ab89f4",,"Basigin interactions","Basigin interactions","R-HSA-109582","#ab89f4","Hemostasis","false","Basigin interactions"
"#ab89f4","0.0","Tie2 Signaling","Tie2 Signaling","R-HSA-109582","#ab89f4","Hemostasis","false","Tie2 Signaling"
"#37abb4","0.0","FCGR activation","FCGR activation","R-HSA-168256","#37abb4","Immune System","false","FCGR activation"
"#37abb4","0.0","Regulation of actin dynamics for phagocytic cup formation","Regulation of actin dynamics for phagocytic cup formation","R-HSA-168256","#37abb4","Immune System","false","Regulation of actin dynamics for phagocytic cup formation"
"#37abb4","0.07142857142857142","Role of phospholipids in phagocytosis","Role of phospholipids in phagocytosis","R-HSA-168256","#37abb4","Immune System","false","Role of phospholipids in phagocytosis"
"#34b331","0.0","FGFR3 mutant receptor activation","FGFR3 mutant receptor activation","R-HSA-1643685","#34b331","Disease","false","FGFR3 mutant receptor activation"
"#34b331","0.0","Signaling by activated point mutants of FGFR3","Signaling by activated point mutants of FGFR3","R-HSA-1643685","#34b331","Disease","false","Signaling by activated point mutants of FGFR3"
"#34b331","0.0","t(4;14) translocations of FGFR3","t(4;14) translocations of FGFR3","R-HSA-1643685","#34b331","Disease","false","t(4;14) translocations of FGFR3"
"#34b331","0.0","Signaling by FGFR3 fusions in cancer","Signaling by FGFR3 fusions in cancer","R-HSA-1643685","#34b331","Disease","false","Signaling by FGFR3 fusions in cancer"
"#3ba5e3","0.1111111111111111","alpha-linolenic (omega3) and linoleic (omega6) acid metabolism","alpha-linolenic (omega3) and linoleic (omega6) acid metabolism","R-HSA-1430728","#3ba5e3","Metabolism","false","alpha-linolenic (omega3) and linoleic (omega6) acid metabolism"
"#3ba5e3","0.10526315789473684","Linoleic acid (LA) metabolism","Linoleic acid (LA) metabolism","R-HSA-1430728","#3ba5e3","Metabolism","false","Linoleic acid (LA) metabolism"
"#3ba5e3","0.07692307692307693","alpha-linolenic acid (ALA) metabolism","alpha-linolenic acid (ALA) metabolism","R-HSA-1430728","#3ba5e3","Metabolism","false","alpha-linolenic acid (ALA) metabolism"
"#c77df4","0.0","NRAGE signals death through JNK","NRAGE signals death through JNK","R-HSA-162582","#c77df4","Signal Transduction","false","NRAGE signals death through JNK"
"#c77df4",,,"R-HSA-205025","R-HSA-162582","#c77df4","Signal Transduction","false","R-HSA-205025"
"#c77df4","0.0","NRIF signals cell death from the nucleus","NRIF signals cell death from the nucleus","R-HSA-162582","#c77df4","Signal Transduction","false","NRIF signals cell death from the nucleus"
"#3ba5e3","0.0967741935483871","Metabolism of amine-derived hormones","Metabolism of amine-derived hormones","R-HSA-1430728","#3ba5e3","Metabolism","false","Metabolism of amine-derived hormones"
"#3ba5e3","0.0","Catecholamine biosynthesis","Catecholamine biosynthesis","R-HSA-1430728","#3ba5e3","Metabolism","false","Catecholamine biosynthesis"
"#3ba5e3","0.18181818181818182","Serotonin and melatonin biosynthesis","Serotonin and melatonin biosynthesis","R-HSA-1430728","#3ba5e3","Metabolism","false","Serotonin and melatonin biosynthesis"
"#3ba5e3","0.07692307692307693","Thyroxine biosynthesis","Thyroxine biosynthesis","R-HSA-1430728","#3ba5e3","Metabolism","false","Thyroxine biosynthesis"
"#35ae92",,"Peptide hormone biosynthesis","Peptide hormone biosynthesis","R-HSA-392499","#35ae92","Metabolism of proteins","false","Peptide hormone biosynthesis"
"#35ae92",,,"R-HSA-209822","R-HSA-392499","#35ae92","Metabolism of proteins","false","R-HSA-209822"
"#3ba5e3","0.2","Regulation of thyroid hormone activity","Regulation of thyroid hormone activity","R-HSA-1430728","#3ba5e3","Metabolism","false","Regulation of thyroid hormone activity"
"#33b16a","0.0","AKT-mediated inactivation of FOXO1A","AKT-mediated inactivation of FOXO1A","R-HSA-1266738","#33b16a","Developmental Biology","false","AKT-mediated inactivation of FOXO1A"
"#35ad9f","0.0","Gene Silencing by RNA","Gene Silencing by RNA","R-HSA-74160","#35ad9f","Gene expression (Transcription)","false","Gene Silencing by RNA"
"#35ad9f","0.0","MicroRNA (miRNA) biogenesis","MicroRNA (miRNA) biogenesis","R-HSA-74160","#35ad9f","Gene expression (Transcription)","false","MicroRNA (miRNA) biogenesis"
"#35ad9f","0.0","Small interfering RNA (siRNA) biogenesis","Small interfering RNA (siRNA) biogenesis","R-HSA-74160","#35ad9f","Gene expression (Transcription)","false","Small interfering RNA (siRNA) biogenesis"
"#35ad9f",,"Post-transcriptional silencing by small RNAs","Post-transcriptional silencing by small RNAs","R-HSA-74160","#35ad9f","Gene expression (Transcription)","false","Post-transcriptional silencing by small RNAs"
"#35ad9f","0.0","Transcriptional regulation by small RNAs","Transcriptional regulation by small RNAs","R-HSA-74160","#35ad9f","Gene expression (Transcription)","false","Transcriptional regulation by small RNAs"
"#35ad9f","0.0","PIWI-interacting RNA (piRNA) biogenesis","PIWI-interacting RNA (piRNA) biogenesis","R-HSA-74160","#35ad9f","Gene expression (Transcription)","false","PIWI-interacting RNA (piRNA) biogenesis"
"#35ad9f",,"tRNA-derived small RNA (tsRNA or tRNA-related fragment, tRF) biogenesis","tRNA-derived small RNA (tsRNA or tRNA-related fragment, tRF) biogenesis","R-HSA-74160","#35ad9f","Gene expression (Transcription)","false","tRNA-derived small RNA (tsRNA or tRNA-related fragment, tRF) biogenesis"
"#3ba5e3","0.14136125654450263","Phase I - Functionalization of compounds","Phase I - Functionalization of compounds","R-HSA-1430728","#3ba5e3","Metabolism","false","Phase I - Functionalization of compounds"
"#3ba5e3","0.03571428571428571","Aflatoxin activation and detoxification","Aflatoxin activation and detoxification","R-HSA-1430728","#3ba5e3","Metabolism","false","Aflatoxin activation and detoxification"
"#3ba5e3","0.1694915254237288","Cytochrome P450 - arranged by substrate type","Cytochrome P450 - arranged by substrate type","R-HSA-1430728","#3ba5e3","Metabolism","false","Cytochrome P450 - arranged by substrate type"
"#3ba5e3","0.18181818181818182","Vitamins","Vitamins","R-HSA-1430728","#3ba5e3","Metabolism","false","Vitamins"
"#3ba5e3","0.2222222222222222","Fatty acids","Fatty acids","R-HSA-1430728","#3ba5e3","Metabolism","false","Fatty acids"
"#3ba5e3","0.2","Miscellaneous substrates","Miscellaneous substrates","R-HSA-1430728","#3ba5e3","Metabolism","false","Miscellaneous substrates"
"#3ba5e3","0.3","Endogenous sterols","Endogenous sterols","R-HSA-1430728","#3ba5e3","Metabolism","false","Endogenous sterols"
"#3ba5e3","0.0","Eicosanoids","Eicosanoids","R-HSA-1430728","#3ba5e3","Metabolism","false","Eicosanoids"
"#3ba5e3","0.0425531914893617","Xenobiotics","Xenobiotics","R-HSA-1430728","#3ba5e3","Metabolism","false","Xenobiotics"
"#3ba5e3","0.2","COX reactions","COX reactions","R-HSA-1430728","#3ba5e3","Metabolism","false","COX reactions"
"#3ba5e3","0.0","FMO oxidises nucleophiles","FMO oxidises nucleophiles","R-HSA-1430728","#3ba5e3","Metabolism","false","FMO oxidises nucleophiles"
"#3ba5e3","0.06666666666666667","Ethanol oxidation","Ethanol oxidation","R-HSA-1430728","#3ba5e3","Metabolism","false","Ethanol oxidation"
"#3ba5e3",,"Aryl hydrocarbon receptor signalling","Aryl hydrocarbon receptor signalling","R-HSA-1430728","#3ba5e3","Metabolism","false","Aryl hydrocarbon receptor signalling"
"#3ba5e3","0.0","Sterols are 12-hydroxylated by CYP8B1","Sterols are 12-hydroxylated by CYP8B1","R-HSA-1430728","#3ba5e3","Metabolism","false","Sterols are 12-hydroxylated by CYP8B1"
"#3ba5e3","0.0","Aromatic amines can be N-hydroxylated or N-dealkylated by CYP1A2","Aromatic amines can be N-hydroxylated or N-dealkylated by CYP1A2","R-HSA-1430728","#3ba5e3","Metabolism","false","Aromatic amines can be N-hydroxylated or N-dealkylated by CYP1A2"
"#3ba5e3","0.06666666666666667","CYP2E1 reactions","CYP2E1 reactions","R-HSA-1430728","#3ba5e3","Metabolism","false","CYP2E1 reactions"
"#35ad9f","0.1111111111111111","Epigenetic regulation of gene expression","Epigenetic regulation of gene expression","R-HSA-74160","#35ad9f","Gene expression (Transcription)","false","Epigenetic regulation of gene expression"
"#35ad9f","0.0","PRC2 methylates histones and DNA","PRC2 methylates histones and DNA","R-HSA-74160","#35ad9f","Gene expression (Transcription)","false","PRC2 methylates histones and DNA"
"#35ad9f","0.0","TET1,2,3 and TDG demethylate DNA","TET1,2,3 and TDG demethylate DNA","R-HSA-74160","#35ad9f","Gene expression (Transcription)","false","TET1,2,3 and TDG demethylate DNA"
"#35ad9f","0.0","Positive epigenetic regulation of rRNA expression","Positive epigenetic regulation of rRNA expression","R-HSA-74160","#35ad9f","Gene expression (Transcription)","false","Positive epigenetic regulation of rRNA expression"
"#35ad9f","0.2222222222222222","Negative epigenetic regulation of rRNA expression","Negative epigenetic regulation of rRNA expression","R-HSA-74160","#35ad9f","Gene expression (Transcription)","false","Negative epigenetic regulation of rRNA expression"
"#35ad9f","0.0","DNA methylation","DNA methylation","R-HSA-74160","#35ad9f","Gene expression (Transcription)","false","DNA methylation"
"#35ad9f",,,"R-HSA-9772755","R-HSA-74160","#35ad9f","Gene expression (Transcription)","false","R-HSA-9772755"
"#35ad9f","0.0","Regulation of endogenous retroelements","Regulation of endogenous retroelements","R-HSA-74160","#35ad9f","Gene expression (Transcription)","false","Regulation of endogenous retroelements"
"#35ad9f","0.1724137931034483","Generic Transcription Pathway","Generic Transcription Pathway","R-HSA-74160","#35ad9f","Gene expression (Transcription)","false","Generic Transcription Pathway"
"#35ad9f",,,"R-HSA-2032785","R-HSA-74160","#35ad9f","Gene expression (Transcription)","false","R-HSA-2032785"
"#35ad9f",,,"R-HSA-350054","R-HSA-74160","#35ad9f","Gene expression (Transcription)","false","R-HSA-350054"
"#35ad9f","0.0","Transcriptional Regulation by TP53","Transcriptional Regulation by TP53","R-HSA-74160","#35ad9f","Gene expression (Transcription)","false","Transcriptional Regulation by TP53"
"#35ad9f",,,"R-HSA-383280","R-HSA-74160","#35ad9f","Gene expression (Transcription)","false","R-HSA-383280"
"#35ad9f",,,"R-HSA-8853884","R-HSA-74160","#35ad9f","Gene expression (Transcription)","false","R-HSA-8853884"
"#35ad9f",,"Transcriptional regulation by the AP-2 (TFAP2) family of transcription factors","Transcriptional regulation by the AP-2 (TFAP2) family of transcription factors","R-HSA-74160","#35ad9f","Gene expression (Transcription)","false","Transcriptional regulation by the AP-2 (TFAP2) family of transcription factors"
"#35ad9f","0.0","Transcriptional regulation by RUNX3","Transcriptional regulation by RUNX3","R-HSA-74160","#35ad9f","Gene expression (Transcription)","false","Transcriptional regulation by RUNX3"
"#35ad9f","0.5454545454545454","Transcriptional regulation by RUNX2","Transcriptional regulation by RUNX2","R-HSA-74160","#35ad9f","Gene expression (Transcription)","false","Transcriptional regulation by RUNX2"
"#35ad9f","0.0","Transcriptional regulation by RUNX1","Transcriptional regulation by RUNX1","R-HSA-74160","#35ad9f","Gene expression (Transcription)","false","Transcriptional regulation by RUNX1"
"#35ad9f","0.0","Transcriptional Regulation by E2F6","Transcriptional Regulation by E2F6","R-HSA-74160","#35ad9f","Gene expression (Transcription)","false","Transcriptional Regulation by E2F6"
"#35ad9f","0.0","Transcriptional Regulation by MECP2","Transcriptional Regulation by MECP2","R-HSA-74160","#35ad9f","Gene expression (Transcription)","false","Transcriptional Regulation by MECP2"
"#35ad9f","0.36363636363636365","FOXO-mediated transcription","FOXO-mediated transcription","R-HSA-74160","#35ad9f","Gene expression (Transcription)","false","FOXO-mediated transcription"
"#35ad9f","0.375","Transcriptional Regulation by NPAS4","Transcriptional Regulation by NPAS4","R-HSA-74160","#35ad9f","Gene expression (Transcription)","false","Transcriptional Regulation by NPAS4"
"#3ba5e3","0.07017543859649122","Arachidonic acid metabolism","Arachidonic acid metabolism","R-HSA-1430728","#3ba5e3","Metabolism","false","Arachidonic acid metabolism"
"#3ba5e3","0.0","Synthesis of epoxy (EET) and dihydroxyeicosatrienoic acids (DHET)","Synthesis of epoxy (EET) and dihydroxyeicosatrienoic acids (DHET)","R-HSA-1430728","#3ba5e3","Metabolism","false","Synthesis of epoxy (EET) and dihydroxyeicosatrienoic acids (DHET)"
"#3ba5e3","0.0","Synthesis of 5-eicosatetraenoic acids","Synthesis of 5-eicosatetraenoic acids","R-HSA-1430728","#3ba5e3","Metabolism","false","Synthesis of 5-eicosatetraenoic acids"
"#3ba5e3","0.03571428571428571","Synthesis of Leukotrienes (LT) and Eoxins (EX)","Synthesis of Leukotrienes (LT) and Eoxins (EX)","R-HSA-1430728","#3ba5e3","Metabolism","false","Synthesis of Leukotrienes (LT) and Eoxins (EX)"
"#3ba5e3","0.0","Synthesis of Hepoxilins (HX) and Trioxilins (TrX)","Synthesis of Hepoxilins (HX) and Trioxilins (TrX)","R-HSA-1430728","#3ba5e3","Metabolism","false","Synthesis of Hepoxilins (HX) and Trioxilins (TrX)"
"#3ba5e3","0.0","Synthesis of 12-eicosatetraenoic acid derivatives","Synthesis of 12-eicosatetraenoic acid derivatives","R-HSA-1430728","#3ba5e3","Metabolism","false","Synthesis of 12-eicosatetraenoic acid derivatives"
"#3ba5e3","0.0","Synthesis of 15-eicosatetraenoic acid derivatives","Synthesis of 15-eicosatetraenoic acid derivatives","R-HSA-1430728","#3ba5e3","Metabolism","false","Synthesis of 15-eicosatetraenoic acid derivatives"
"#3ba5e3","0.0","Synthesis of (16-20)-hydroxyeicosatetraenoic acids (HETE)","Synthesis of (16-20)-hydroxyeicosatetraenoic acids (HETE)","R-HSA-1430728","#3ba5e3","Metabolism","false","Synthesis of (16-20)-hydroxyeicosatetraenoic acids (HETE)"
"#3ba5e3","0.08","Synthesis of Prostaglandins (PG) and Thromboxanes (TX)","Synthesis of Prostaglandins (PG) and Thromboxanes (TX)","R-HSA-1430728","#3ba5e3","Metabolism","false","Synthesis of Prostaglandins (PG) and Thromboxanes (TX)"
"#3ba5e3","0.0","Hyaluronan biosynthesis and export","Hyaluronan biosynthesis and export","R-HSA-1430728","#3ba5e3","Metabolism","false","Hyaluronan biosynthesis and export"
"#3ba5e3","0.0","Hyaluronan uptake and degradation","Hyaluronan uptake and degradation","R-HSA-1430728","#3ba5e3","Metabolism","false","Hyaluronan uptake and degradation"
"#6ead31","0.08695652173913043","Abacavir ADME","Abacavir ADME","R-HSA-9748784","#6ead31","Drug ADME","false","Abacavir ADME"
"#6ead31","0.0","Abacavir transmembrane transport","Abacavir transmembrane transport","R-HSA-9748784","#6ead31","Drug ADME","false","Abacavir transmembrane transport"
"#6ead31","0.09090909090909091","Abacavir metabolism","Abacavir metabolism","R-HSA-9748784","#6ead31","Drug ADME","false","Abacavir metabolism"
"#37abb4","0.0","DAP12 signaling","DAP12 signaling","R-HSA-168256","#37abb4","Immune System","false","DAP12 signaling"
"#34b082","0.07317073170731707","Binding and Uptake of Ligands by Scavenger Receptors","Binding and Uptake of Ligands by Scavenger Receptors","R-HSA-5653656","#34b082","Vesicle-mediated transport","false","Binding and Uptake of Ligands by Scavenger Receptors"
"#34b082","0.0","Scavenging of heme from plasma","Scavenging of heme from plasma","R-HSA-5653656","#34b082","Vesicle-mediated transport","false","Scavenging of heme from plasma"
"#34b082","0.0","Scavenging by Class B Receptors","Scavenging by Class B Receptors","R-HSA-5653656","#34b082","Vesicle-mediated transport","false","Scavenging by Class B Receptors"
"#34b082","0.09375","Scavenging by Class A Receptors","Scavenging by Class A Receptors","R-HSA-5653656","#34b082","Vesicle-mediated transport","false","Scavenging by Class A Receptors"
"#34b082","0.0","Scavenging by Class F Receptors","Scavenging by Class F Receptors","R-HSA-5653656","#34b082","Vesicle-mediated transport","false","Scavenging by Class F Receptors"
"#34b082","0.0","Scavenging by Class H Receptors","Scavenging by Class H Receptors","R-HSA-5653656","#34b082","Vesicle-mediated transport","false","Scavenging by Class H Receptors"
"#c77df4","0.0","Downregulation of TGF-beta receptor signaling","Downregulation of TGF-beta receptor signaling","R-HSA-162582","#c77df4","Signal Transduction","false","Downregulation of TGF-beta receptor signaling"
"#c77df4","0.0","Downregulation of SMAD2/3:SMAD4 transcriptional activity","Downregulation of SMAD2/3:SMAD4 transcriptional activity","R-HSA-162582","#c77df4","Signal Transduction","false","Downregulation of SMAD2/3:SMAD4 transcriptional activity"
"#c77df4","0.0","SMAD2/SMAD3:SMAD4 heterotrimer regulates transcription","SMAD2/SMAD3:SMAD4 heterotrimer regulates transcription","R-HSA-162582","#c77df4","Signal Transduction","false","SMAD2/SMAD3:SMAD4 heterotrimer regulates transcription"
"#c89332","0.06153846153846154","Visual phototransduction","Visual phototransduction","R-HSA-9709957","#c89332","Sensory Perception","false","Visual phototransduction"
"#c89332","0.16666666666666666","The retinoid cycle in cones (daylight vision)","The retinoid cycle in cones (daylight vision)","R-HSA-9709957","#c89332","Sensory Perception","false","The retinoid cycle in cones (daylight vision)"
"#c89332","0.0967741935483871","The canonical retinoid cycle in rods (twilight vision)","The canonical retinoid cycle in rods (twilight vision)","R-HSA-9709957","#c89332","Sensory Perception","false","The canonical retinoid cycle in rods (twilight vision)"
"#c89332","0.043478260869565216","The phototransduction cascade","The phototransduction cascade","R-HSA-9709957","#c89332","Sensory Perception","false","The phototransduction cascade"
"#c89332","0.125","Retinoid metabolism and transport","Retinoid metabolism and transport","R-HSA-9709957","#c89332","Sensory Perception","false","Retinoid metabolism and transport"
"#34b331","0.0","Mucopolysaccharidoses","Mucopolysaccharidoses","R-HSA-1643685","#34b331","Disease","false","Mucopolysaccharidoses"
"#34b331","0.0","MPS IX - Natowicz syndrome","MPS IX - Natowicz syndrome","R-HSA-1643685","#34b331","Disease","false","MPS IX - Natowicz syndrome"
"#34b331","0.0","MPS IIIB - Sanfilippo syndrome B","MPS IIIB - Sanfilippo syndrome B","R-HSA-1643685","#34b331","Disease","false","MPS IIIB - Sanfilippo syndrome B"
"#34b331","0.0","MPS VI - Maroteaux-Lamy syndrome","MPS VI - Maroteaux-Lamy syndrome","R-HSA-1643685","#34b331","Disease","false","MPS VI - Maroteaux-Lamy syndrome"
"#34b331","0.0","MPS IV - Morquio syndrome A","MPS IV - Morquio syndrome A","R-HSA-1643685","#34b331","Disease","false","MPS IV - Morquio syndrome A"
"#34b331","0.0","MPS IIIC - Sanfilippo syndrome C","MPS IIIC - Sanfilippo syndrome C","R-HSA-1643685","#34b331","Disease","false","MPS IIIC - Sanfilippo syndrome C"
"#34b331","0.0","MPS VII - Sly syndrome","MPS VII - Sly syndrome","R-HSA-1643685","#34b331","Disease","false","MPS VII - Sly syndrome"
"#34b331","0.0","MPS II - Hunter syndrome","MPS II - Hunter syndrome","R-HSA-1643685","#34b331","Disease","false","MPS II - Hunter syndrome"
"#34b331","0.0","MPS I - Hurler syndrome","MPS I - Hurler syndrome","R-HSA-1643685","#34b331","Disease","false","MPS I - Hurler syndrome"
"#34b331","0.0","MPS IIID - Sanfilippo syndrome D","MPS IIID - Sanfilippo syndrome D","R-HSA-1643685","#34b331","Disease","false","MPS IIID - Sanfilippo syndrome D"
"#34b331","0.0","MPS IIIA - Sanfilippo syndrome A","MPS IIIA - Sanfilippo syndrome A","R-HSA-1643685","#34b331","Disease","false","MPS IIIA - Sanfilippo syndrome A"
"#34b331","0.0","MPS IV - Morquio syndrome B","MPS IV - Morquio syndrome B","R-HSA-1643685","#34b331","Disease","false","MPS IV - Morquio syndrome B"
"#34b331","0.0","PI3K/AKT Signaling in Cancer","PI3K/AKT Signaling in Cancer","R-HSA-1643685","#34b331","Disease","false","PI3K/AKT Signaling in Cancer"
"#34b331","0.0","Constitutive Signaling by Aberrant PI3K in Cancer","Constitutive Signaling by Aberrant PI3K in Cancer","R-HSA-1643685","#34b331","Disease","false","Constitutive Signaling by Aberrant PI3K in Cancer"
"#34b331","0.0","Constitutive Signaling by AKT1 E17K in Cancer","Constitutive Signaling by AKT1 E17K in Cancer","R-HSA-1643685","#34b331","Disease","false","Constitutive Signaling by AKT1 E17K in Cancer"
"#34b331","0.0","PTEN Loss of Function in Cancer","PTEN Loss of Function in Cancer","R-HSA-1643685","#34b331","Disease","false","PTEN Loss of Function in Cancer"
"#38aac0","0.15294117647058825","Cellular responses to stress","Cellular responses to stress","R-HSA-8953897","#38aac0","Cellular responses to stimuli","false","Cellular responses to stress"
"#38aac0","0.0","Cellular Senescence","Cellular Senescence","R-HSA-8953897","#38aac0","Cellular responses to stimuli","false","Cellular Senescence"
"#38aac0","0.3181818181818182","HSP90 chaperone cycle for steroid hormone receptors (SHR) in the presence of ligand","HSP90 chaperone cycle for steroid hormone receptors (SHR) in the presence of ligand","R-HSA-8953897","#38aac0","Cellular responses to stimuli","false","HSP90 chaperone cycle for steroid hormone receptors (SHR) in the presence of ligand"
"#38aac0","0.0","Cellular response to heat stress","Cellular response to heat stress","R-HSA-8953897","#38aac0","Cellular responses to stimuli","false","Cellular response to heat stress"
"#38aac0","0.0","Unfolded Protein Response (UPR)","Unfolded Protein Response (UPR)","R-HSA-8953897","#38aac0","Cellular responses to stimuli","false","Unfolded Protein Response (UPR)"
"#38aac0","0.0","Response of EIF2AK1 (HRI) to heme deficiency","Response of EIF2AK1 (HRI) to heme deficiency","R-HSA-8953897","#38aac0","Cellular responses to stimuli","false","Response of EIF2AK1 (HRI) to heme deficiency"
"#38aac0","0.2","Heme signaling","Heme signaling","R-HSA-8953897","#38aac0","Cellular responses to stimuli","false","Heme signaling"
"#38aac0","0.0","Cellular response to starvation","Cellular response to starvation","R-HSA-8953897","#38aac0","Cellular responses to stimuli","false","Cellular response to starvation"
"#38aac0","0.09302325581395349","Cellular response to chemical stress","Cellular response to chemical stress","R-HSA-8953897","#38aac0","Cellular responses to stimuli","false","Cellular response to chemical stress"
"#38aac0","0.0","Cellular response to mitochondrial stress","Cellular response to mitochondrial stress","R-HSA-8953897","#38aac0","Cellular responses to stimuli","false","Cellular response to mitochondrial stress"
"#c77df4","0.0","Signaling by Type 1 Insulin-like Growth Factor 1 Receptor (IGF1R)","Signaling by Type 1 Insulin-like Growth Factor 1 Receptor (IGF1R)","R-HSA-162582","#c77df4","Signal Transduction","false","Signaling by Type 1 Insulin-like Growth Factor 1 Receptor (IGF1R)"
"#c77df4","0.0","IGF1R signaling cascade","IGF1R signaling cascade","R-HSA-162582","#c77df4","Signal Transduction","false","IGF1R signaling cascade"
"#3ba5e3","0.07692307692307693","Selenoamino acid metabolism","Selenoamino acid metabolism","R-HSA-1430728","#3ba5e3","Metabolism","false","Selenoamino acid metabolism"
"#3ba5e3","0.0","Formation of selenosugars for excretion","Formation of selenosugars for excretion","R-HSA-1430728","#3ba5e3","Metabolism","false","Formation of selenosugars for excretion"
"#3ba5e3","0.16666666666666666","Metabolism of ingested SeMet, Sec, MeSec into H2Se","Metabolism of ingested SeMet, Sec, MeSec into H2Se","R-HSA-1430728","#3ba5e3","Metabolism","false","Metabolism of ingested SeMet, Sec, MeSec into H2Se"
"#3ba5e3","0.0","Metabolism of ingested H2SeO4 and H2SeO3 into H2Se","Metabolism of ingested H2SeO4 and H2SeO3 into H2Se","R-HSA-1430728","#3ba5e3","Metabolism","false","Metabolism of ingested H2SeO4 and H2SeO3 into H2Se"
"#3ba5e3","0.0","Methylation of MeSeH for excretion","Methylation of MeSeH for excretion","R-HSA-1430728","#3ba5e3","Metabolism","false","Methylation of MeSeH for excretion"
"#3ba5e3","0.0","Selenocysteine synthesis","Selenocysteine synthesis","R-HSA-1430728","#3ba5e3","Metabolism","false","Selenocysteine synthesis"
"#3ba5e3","0.0","Metabolism of ingested MeSeO2H into MeSeH","Metabolism of ingested MeSeO2H into MeSeH","R-HSA-1430728","#3ba5e3","Metabolism","false","Metabolism of ingested MeSeO2H into MeSeH"
"#c77df4","0.0","IRS-related events triggered by IGF1R","IRS-related events triggered by IGF1R","R-HSA-162582","#c77df4","Signal Transduction","false","IRS-related events triggered by IGF1R"
"#c77df4","0.0","SHC-related events triggered by IGF1R","SHC-related events triggered by IGF1R","R-HSA-162582","#c77df4","Signal Transduction","false","SHC-related events triggered by IGF1R"
"#34b331","0.125","Retinoid cycle disease events","Retinoid cycle disease events","R-HSA-1643685","#34b331","Disease","false","Retinoid cycle disease events"
"#34b331","0.0","Biosynthesis of A2E, implicated in retinal degradation","Biosynthesis of A2E, implicated in retinal degradation","R-HSA-1643685","#34b331","Disease","false","Biosynthesis of A2E, implicated in retinal degradation"
"#37abb4","0.0","Role of LAT2/NTAL/LAB on calcium mobilization","Role of LAT2/NTAL/LAB on calcium mobilization","R-HSA-168256","#37abb4","Immune System","false","Role of LAT2/NTAL/LAB on calcium mobilization"
"#37abb4","0.0","FCERI mediated MAPK activation","FCERI mediated MAPK activation","R-HSA-168256","#37abb4","Immune System","false","FCERI mediated MAPK activation"
"#37abb4","0.0","FCERI mediated Ca+2 mobilization","FCERI mediated Ca+2 mobilization","R-HSA-168256","#37abb4","Immune System","false","FCERI mediated Ca+2 mobilization"
"#37abb4","0.0","FCERI mediated NF-kB activation","FCERI mediated NF-kB activation","R-HSA-168256","#37abb4","Immune System","false","FCERI mediated NF-kB activation"
"#34b331","0.125","Diseases associated with visual transduction","Diseases associated with visual transduction","R-HSA-1643685","#34b331","Disease","false","Diseases associated with visual transduction"
"#34b331",,"Retinoid metabolism disease events","Retinoid metabolism disease events","R-HSA-1643685","#34b331","Disease","false","Retinoid metabolism disease events"
"#c89332","0.0","Activation of the phototransduction cascade","Activation of the phototransduction cascade","R-HSA-9709957","#c89332","Sensory Perception","false","Activation of the phototransduction cascade"
"#c89332","0.05","Inactivation, recovery and regulation of the phototransduction cascade","Inactivation, recovery and regulation of the phototransduction cascade","R-HSA-9709957","#c89332","Sensory Perception","false","Inactivation, recovery and regulation of the phototransduction cascade"
"#f17b32","0.0","Mitotic Metaphase and Anaphase","Mitotic Metaphase and Anaphase","R-HSA-1640170","#f17b32","Cell Cycle","false","Mitotic Metaphase and Anaphase"
"#f17b32","0.0","Mitotic Metaphase/Anaphase Transition","Mitotic Metaphase/Anaphase Transition","R-HSA-1640170","#f17b32","Cell Cycle","false","Mitotic Metaphase/Anaphase Transition"
"#f17b32","0.0","Mitotic Anaphase","Mitotic Anaphase","R-HSA-1640170","#f17b32","Cell Cycle","false","Mitotic Anaphase"
"#38aac0","0.0","Oxidative Stress Induced Senescence","Oxidative Stress Induced Senescence","R-HSA-8953897","#38aac0","Cellular responses to stimuli","false","Oxidative Stress Induced Senescence"
"#38aac0","0.0","Senescence-Associated Secretory Phenotype (SASP)","Senescence-Associated Secretory Phenotype (SASP)","R-HSA-8953897","#38aac0","Cellular responses to stimuli","false","Senescence-Associated Secretory Phenotype (SASP)"
"#38aac0","0.0","Oncogene Induced Senescence","Oncogene Induced Senescence","R-HSA-8953897","#38aac0","Cellular responses to stimuli","false","Oncogene Induced Senescence"
"#38aac0","0.0","DNA Damage/Telomere Stress Induced Senescence","DNA Damage/Telomere Stress Induced Senescence","R-HSA-8953897","#38aac0","Cellular responses to stimuli","false","DNA Damage/Telomere Stress Induced Senescence"
"#38aac0",,"Formation of Senescence-Associated Heterochromatin Foci (SAHF)","Formation of Senescence-Associated Heterochromatin Foci (SAHF)","R-HSA-8953897","#38aac0","Cellular responses to stimuli","false","Formation of Senescence-Associated Heterochromatin Foci (SAHF)"
"#34b331","0.0","Signaling by NOTCH1 PEST Domain Mutants in Cancer","Signaling by NOTCH1 PEST Domain Mutants in Cancer","R-HSA-1643685","#34b331","Disease","false","Signaling by NOTCH1 PEST Domain Mutants in Cancer"
"#34b331","0.0","Constitutive Signaling by NOTCH1 PEST Domain Mutants","Constitutive Signaling by NOTCH1 PEST Domain Mutants","R-HSA-1643685","#34b331","Disease","false","Constitutive Signaling by NOTCH1 PEST Domain Mutants"
"#34b331","0.0","Signaling by NOTCH1 in Cancer","Signaling by NOTCH1 in Cancer","R-HSA-1643685","#34b331","Disease","false","Signaling by NOTCH1 in Cancer"
"#34b331",,,"R-HSA-2644605","R-HSA-1643685","#34b331","Disease","false","R-HSA-2644605"
"#34b331",,"Signaling by NOTCH1 t(7;9)(NOTCH1:M1580_K2555) Translocation Mutant","Signaling by NOTCH1 t(7;9)(NOTCH1:M1580_K2555) Translocation Mutant","R-HSA-1643685","#34b331","Disease","false","Signaling by NOTCH1 t(7;9)(NOTCH1:M1580_K2555) Translocation Mutant"
"#34b331",,"Signaling by NOTCH1 HD Domain Mutants in Cancer","Signaling by NOTCH1 HD Domain Mutants in Cancer","R-HSA-1643685","#34b331","Disease","false","Signaling by NOTCH1 HD Domain Mutants in Cancer"
"#34b331","0.0","Signaling by NOTCH1 HD+PEST Domain Mutants in Cancer","Signaling by NOTCH1 HD+PEST Domain Mutants in Cancer","R-HSA-1643685","#34b331","Disease","false","Signaling by NOTCH1 HD+PEST Domain Mutants in Cancer"
"#34b331",,,"R-HSA-2644607","R-HSA-1643685","#34b331","Disease","false","R-HSA-2644607"
"#34b331",,"Constitutive Signaling by NOTCH1 t(7;9)(NOTCH1:M1580_K2555) Translocation Mutant","Constitutive Signaling by NOTCH1 t(7;9)(NOTCH1:M1580_K2555) Translocation Mutant","R-HSA-1643685","#34b331","Disease","false","Constitutive Signaling by NOTCH1 t(7;9)(NOTCH1:M1580_K2555) Translocation Mutant"
"#9ba331","0.08333333333333333","Stimuli-sensing channels","Stimuli-sensing channels","R-HSA-382551","#9ba331","Transport of small molecules","false","Stimuli-sensing channels"
"#9ba331","0.0","TRP channels","TRP channels","R-HSA-382551","#9ba331","Transport of small molecules","false","TRP channels"
"#33b16a","0.0","EPH-Ephrin signaling","EPH-Ephrin signaling","R-HSA-1266738","#33b16a","Developmental Biology","false","EPH-Ephrin signaling"
"#33b16a","0.0","EPHB-mediated forward signaling","EPHB-mediated forward signaling","R-HSA-1266738","#33b16a","Developmental Biology","false","EPHB-mediated forward signaling"
"#33b16a","0.0","EPHA-mediated growth cone collapse","EPHA-mediated growth cone collapse","R-HSA-1266738","#33b16a","Developmental Biology","false","EPHA-mediated growth cone collapse"
"#33b16a","0.0","Ephrin signaling","Ephrin signaling","R-HSA-1266738","#33b16a","Developmental Biology","false","Ephrin signaling"
"#33b16a","0.0","EPH-ephrin mediated repulsion of cells","EPH-ephrin mediated repulsion of cells","R-HSA-1266738","#33b16a","Developmental Biology","false","EPH-ephrin mediated repulsion of cells"
"#34b331",,"Constitutive Signaling by NOTCH1 HD Domain Mutants","Constitutive Signaling by NOTCH1 HD Domain Mutants","R-HSA-1643685","#34b331","Disease","false","Constitutive Signaling by NOTCH1 HD Domain Mutants"
"#34b331","0.0","Constitutive Signaling by NOTCH1 HD+PEST Domain Mutants","Constitutive Signaling by NOTCH1 HD+PEST Domain Mutants","R-HSA-1643685","#34b331","Disease","false","Constitutive Signaling by NOTCH1 HD+PEST Domain Mutants"
"#35ae92","0.24528301886792453","Peptide hormone metabolism","Peptide hormone metabolism","R-HSA-392499","#35ae92","Metabolism of proteins","false","Peptide hormone metabolism"
"#35ae92","0.0","Metabolism of Angiotensinogen to Angiotensins","Metabolism of Angiotensinogen to Angiotensins","R-HSA-392499","#35ae92","Metabolism of proteins","false","Metabolism of Angiotensinogen to Angiotensins"
"#35ae92","0.0","Insulin processing","Insulin processing","R-HSA-392499","#35ae92","Metabolism of proteins","false","Insulin processing"
"#35ae92","0.5714285714285714","Incretin synthesis, secretion, and inactivation","Incretin synthesis, secretion, and inactivation","R-HSA-392499","#35ae92","Metabolism of proteins","false","Incretin synthesis, secretion, and inactivation"
"#35ae92","0.25","Synthesis, secretion, and deacylation of Ghrelin","Synthesis, secretion, and deacylation of Ghrelin","R-HSA-392499","#35ae92","Metabolism of proteins","false","Synthesis, secretion, and deacylation of Ghrelin"
"#f17b32","0.0","Nuclear Envelope Breakdown","Nuclear Envelope Breakdown","R-HSA-1640170","#f17b32","Cell Cycle","false","Nuclear Envelope Breakdown"
"#f17b32","0.0","Activation of NIMA Kinases NEK9, NEK6, NEK7","Activation of NIMA Kinases NEK9, NEK6, NEK7","R-HSA-1640170","#f17b32","Cell Cycle","false","Activation of NIMA Kinases NEK9, NEK6, NEK7"
"#f17b32","0.0","Nuclear Pore Complex (NPC) Disassembly","Nuclear Pore Complex (NPC) Disassembly","R-HSA-1640170","#f17b32","Cell Cycle","false","Nuclear Pore Complex (NPC) Disassembly"
"#f17b32","0.0","Depolymerization of the Nuclear Lamina","Depolymerization of the Nuclear Lamina","R-HSA-1640170","#f17b32","Cell Cycle","false","Depolymerization of the Nuclear Lamina"
"#35ae92","0.23076923076923078","SUMOylation","SUMOylation","R-HSA-392499","#35ae92","Metabolism of proteins","false","SUMOylation"
"#35ae92","0.3","SUMO E3 ligases SUMOylate target proteins","SUMO E3 ligases SUMOylate target proteins","R-HSA-392499","#35ae92","Metabolism of proteins","false","SUMO E3 ligases SUMOylate target proteins"
"#35ae92","0.0","Processing and activation of SUMO","Processing and activation of SUMO","R-HSA-392499","#35ae92","Metabolism of proteins","false","Processing and activation of SUMO"
"#f17b32","0.0","Nuclear Envelope (NE) Reassembly","Nuclear Envelope (NE) Reassembly","R-HSA-1640170","#f17b32","Cell Cycle","false","Nuclear Envelope (NE) Reassembly"
"#f17b32","0.0","Initiation of Nuclear Envelope (NE) Reformation","Initiation of Nuclear Envelope (NE) Reformation","R-HSA-1640170","#f17b32","Cell Cycle","false","Initiation of Nuclear Envelope (NE) Reformation"
"#f17b32","0.0","Postmitotic nuclear pore complex (NPC) reformation","Postmitotic nuclear pore complex (NPC) reformation","R-HSA-1640170","#f17b32","Cell Cycle","false","Postmitotic nuclear pore complex (NPC) reformation"
"#f17b32","0.0","Sealing of the nuclear envelope (NE) by ESCRT-III","Sealing of the nuclear envelope (NE) by ESCRT-III","R-HSA-1640170","#f17b32","Cell Cycle","false","Sealing of the nuclear envelope (NE) by ESCRT-III"
"#ab9e31","0.0","Syndecan interactions","Syndecan interactions","R-HSA-1474244","#ab9e31","Extracellular matrix organization","false","Syndecan interactions"
"#35ae92",,,"R-HSA-3108214","R-HSA-392499","#35ae92","Metabolism of proteins","false","R-HSA-3108214"
"#35ae92",,,"R-HSA-3232118","R-HSA-392499","#35ae92","Metabolism of proteins","false","R-HSA-3232118"
"#35ae92",,,"R-HSA-3232142","R-HSA-392499","#35ae92","Metabolism of proteins","false","R-HSA-3232142"
"#35ae92",,,"R-HSA-3899300","R-HSA-392499","#35ae92","Metabolism of proteins","false","R-HSA-3899300"
"#35ae92",,,"R-HSA-4085377","R-HSA-392499","#35ae92","Metabolism of proteins","false","R-HSA-4085377"
"#35ae92","0.375","SUMOylation of intracellular receptors","SUMOylation of intracellular receptors","R-HSA-392499","#35ae92","Metabolism of proteins","false","SUMOylation of intracellular receptors"
"#35ae92",,,"R-HSA-4551638","R-HSA-392499","#35ae92","Metabolism of proteins","false","R-HSA-4551638"
"#35ae92",,,"R-HSA-4570464","R-HSA-392499","#35ae92","Metabolism of proteins","false","R-HSA-4570464"
"#35ae92",,,"R-HSA-4615885","R-HSA-392499","#35ae92","Metabolism of proteins","false","R-HSA-4615885"
"#35ae92",,,"R-HSA-4655427","R-HSA-392499","#35ae92","Metabolism of proteins","false","R-HSA-4655427"
"#35ae92","0.0","SUMOylation of immune response proteins","SUMOylation of immune response proteins","R-HSA-392499","#35ae92","Metabolism of proteins","false","SUMOylation of immune response proteins"
"#35ae92",,,"R-HSA-9793242","R-HSA-392499","#35ae92","Metabolism of proteins","false","R-HSA-9793242"
"#37abb4","0.0","Regulation by TREX1","Regulation by TREX1","R-HSA-168256","#37abb4","Immune System","false","Regulation by TREX1"
"#35ae92","0.0","SUMO is conjugated to E1 (UBA2:SAE1)","SUMO is conjugated to E1 (UBA2:SAE1)","R-HSA-392499","#35ae92","Metabolism of proteins","false","SUMO is conjugated to E1 (UBA2:SAE1)"
"#35ae92",,,"R-HSA-3065678","R-HSA-392499","#35ae92","Metabolism of proteins","false","R-HSA-3065678"
"#35ae92",,,"R-HSA-3065679","R-HSA-392499","#35ae92","Metabolism of proteins","false","R-HSA-3065679"
"#34b331","0.0","Glycogen storage diseases","Glycogen storage diseases","R-HSA-1643685","#34b331","Disease","false","Glycogen storage diseases"
"#34b331","0.0","Glycogen storage disease type Ib (SLC37A4)","Glycogen storage disease type Ib (SLC37A4)","R-HSA-1643685","#34b331","Disease","false","Glycogen storage disease type Ib (SLC37A4)"
"#34b331","0.0","Glycogen storage disease type Ia (G6PC)","Glycogen storage disease type Ia (G6PC)","R-HSA-1643685","#34b331","Disease","false","Glycogen storage disease type Ia (G6PC)"
"#34b331","0.0","Severe congenital neutropenia type 4 (G6PC3)","Severe congenital neutropenia type 4 (G6PC3)","R-HSA-1643685","#34b331","Disease","false","Severe congenital neutropenia type 4 (G6PC3)"
"#34b331","0.0","Myoclonic epilepsy of Lafora","Myoclonic epilepsy of Lafora","R-HSA-1643685","#34b331","Disease","false","Myoclonic epilepsy of Lafora"
"#34b331","0.0","Glycogen storage disease type XV (GYG1)","Glycogen storage disease type XV (GYG1)","R-HSA-1643685","#34b331","Disease","false","Glycogen storage disease type XV (GYG1)"
"#34b331","0.0","Glycogen storage disease type 0 (muscle GYS1)","Glycogen storage disease type 0 (muscle GYS1)","R-HSA-1643685","#34b331","Disease","false","Glycogen storage disease type 0 (muscle GYS1)"
"#34b331","0.0","Glycogen storage disease type 0 (liver GYS2)","Glycogen storage disease type 0 (liver GYS2)","R-HSA-1643685","#34b331","Disease","false","Glycogen storage disease type 0 (liver GYS2)"
"#34b331",,"Glycogen storage disease type IV (GBE1)","Glycogen storage disease type IV (GBE1)","R-HSA-1643685","#34b331","Disease","false","Glycogen storage disease type IV (GBE1)"
"#34b331","0.0","Glycogen storage disease type II (GAA)","Glycogen storage disease type II (GAA)","R-HSA-1643685","#34b331","Disease","false","Glycogen storage disease type II (GAA)"
"#b99932","0.0","Chromatin modifying enzymes","Chromatin modifying enzymes","R-HSA-4839726","#b99932","Chromatin organization","false","Chromatin modifying enzymes"
"#b99932","0.0","HDACs deacetylate histones","HDACs deacetylate histones","R-HSA-4839726","#b99932","Chromatin organization","false","HDACs deacetylate histones"
"#b99932","0.0","PKMTs methylate histone lysines","PKMTs methylate histone lysines","R-HSA-4839726","#b99932","Chromatin organization","false","PKMTs methylate histone lysines"
"#b99932","0.0","HDMs demethylate histones","HDMs demethylate histones","R-HSA-4839726","#b99932","Chromatin organization","false","HDMs demethylate histones"
"#b99932","0.0","HATs acetylate histones","HATs acetylate histones","R-HSA-4839726","#b99932","Chromatin organization","false","HATs acetylate histones"
"#b99932","0.0","RMTs methylate histone arginines","RMTs methylate histone arginines","R-HSA-4839726","#b99932","Chromatin organization","false","RMTs methylate histone arginines"
"#34b331","0.0","Defects in cobalamin (B12) metabolism","Defects in cobalamin (B12) metabolism","R-HSA-1643685","#34b331","Disease","false","Defects in cobalamin (B12) metabolism"
"#34b331",,"Defective TCN2 causes TCN2 deficiency","Defective TCN2 causes TCN2 deficiency","R-HSA-1643685","#34b331","Disease","false","Defective TCN2 causes TCN2 deficiency"
"#34b331",,"Defective CBLIF causes IFD","Defective CBLIF causes IFD","R-HSA-1643685","#34b331","Disease","false","Defective CBLIF causes IFD"
"#34b331",,"Defective AMN causes MGA1","Defective AMN causes MGA1","R-HSA-1643685","#34b331","Disease","false","Defective AMN causes MGA1"
"#34b331",,"Defective CUBN causes MGA1","Defective CUBN causes MGA1","R-HSA-1643685","#34b331","Disease","false","Defective CUBN causes MGA1"
"#34b331","0.0","Defective MTRR causes HMAE","Defective MTRR causes HMAE","R-HSA-1643685","#34b331","Disease","false","Defective MTRR causes HMAE"
"#34b331","0.0","Defective MTR causes HMAG","Defective MTR causes HMAG","R-HSA-1643685","#34b331","Disease","false","Defective MTR causes HMAG"
"#34b331","0.0","Defective MMAB causes MMA, cblB type","Defective MMAB causes MMA, cblB type","R-HSA-1643685","#34b331","Disease","false","Defective MMAB causes MMA, cblB type"
"#34b331",,"Defective MMADHC causes MMAHCD","Defective MMADHC causes MMAHCD","R-HSA-1643685","#34b331","Disease","false","Defective MMADHC causes MMAHCD"
"#34b331","0.0","Defective MMACHC causes MAHCC","Defective MMACHC causes MAHCC","R-HSA-1643685","#34b331","Disease","false","Defective MMACHC causes MAHCC"
"#34b331",,"Defective MMAA causes MMA, cblA type","Defective MMAA causes MMA, cblA type","R-HSA-1643685","#34b331","Disease","false","Defective MMAA causes MMA, cblA type"
"#34b331",,"Defective CD320 causes MMATC","Defective CD320 causes MMATC","R-HSA-1643685","#34b331","Disease","false","Defective CD320 causes MMATC"
"#34b331","0.0","Defective ABCD4 causes MAHCJ","Defective ABCD4 causes MAHCJ","R-HSA-1643685","#34b331","Disease","false","Defective ABCD4 causes MAHCJ"
"#34b331","0.05555555555555555","Defects in vitamin and cofactor metabolism","Defects in vitamin and cofactor metabolism","R-HSA-1643685","#34b331","Disease","false","Defects in vitamin and cofactor metabolism"
"#34b331","0.3333333333333333","Defects in biotin (Btn) metabolism","Defects in biotin (Btn) metabolism","R-HSA-1643685","#34b331","Disease","false","Defects in biotin (Btn) metabolism"
"#34b331",,,"R-HSA-3304347","R-HSA-1643685","#34b331","Disease","false","R-HSA-3304347"
"#34b331",,,"R-HSA-3311021","R-HSA-1643685","#34b331","Disease","false","R-HSA-3311021"
"#34b331",,"Loss of Function of SMAD2/3 in Cancer","Loss of Function of SMAD2/3 in Cancer","R-HSA-1643685","#34b331","Disease","false","Loss of Function of SMAD2/3 in Cancer"
"#34b331",,"SMAD2/3 Phosphorylation Motif Mutants in Cancer","SMAD2/3 Phosphorylation Motif Mutants in Cancer","R-HSA-1643685","#34b331","Disease","false","SMAD2/3 Phosphorylation Motif Mutants in Cancer"
"#34b331",,,"R-HSA-3315487","R-HSA-1643685","#34b331","Disease","false","R-HSA-3315487"
"#34b331",,"Signaling by TGF-beta Receptor Complex in Cancer","Signaling by TGF-beta Receptor Complex in Cancer","R-HSA-1643685","#34b331","Disease","false","Signaling by TGF-beta Receptor Complex in Cancer"
"#34b331",,"Loss of Function of TGFBR2 in Cancer","Loss of Function of TGFBR2 in Cancer","R-HSA-1643685","#34b331","Disease","false","Loss of Function of TGFBR2 in Cancer"
"#34b331",,,"R-HSA-3656534","R-HSA-1643685","#34b331","Disease","false","R-HSA-3656534"
"#34b331",,"Defective BTD causes biotidinase deficiency","Defective BTD causes biotidinase deficiency","R-HSA-1643685","#34b331","Disease","false","Defective BTD causes biotidinase deficiency"
"#34b331","0.5","Defective HLCS causes multiple carboxylase deficiency","Defective HLCS causes multiple carboxylase deficiency","R-HSA-1643685","#34b331","Disease","false","Defective HLCS causes multiple carboxylase deficiency"
"#38aac0","0.0","Regulation of HSF1-mediated heat shock response","Regulation of HSF1-mediated heat shock response","R-HSA-8953897","#38aac0","Cellular responses to stimuli","false","Regulation of HSF1-mediated heat shock response"
"#38aac0",,"HSF1 activation","HSF1 activation","R-HSA-8953897","#38aac0","Cellular responses to stimuli","false","HSF1 activation"
"#38aac0","0.0","HSF1-dependent transactivation","HSF1-dependent transactivation","R-HSA-8953897","#38aac0","Cellular responses to stimuli","false","HSF1-dependent transactivation"
"#38aac0","0.0","Attenuation phase","Attenuation phase","R-HSA-8953897","#38aac0","Cellular responses to stimuli","false","Attenuation phase"
"#3ba5e3","0.125","Metabolism of polyamines","Metabolism of polyamines","R-HSA-1430728","#3ba5e3","Metabolism","false","Metabolism of polyamines"
"#3ba5e3",,,"R-HSA-350562","R-HSA-1430728","#3ba5e3","Metabolism","false","R-HSA-350562"
"#3ba5e3","0.3333333333333333","Agmatine biosynthesis","Agmatine biosynthesis","R-HSA-1430728","#3ba5e3","Metabolism","false","Agmatine biosynthesis"
"#3ba5e3","0.0","Interconversion of polyamines","Interconversion of polyamines","R-HSA-1430728","#3ba5e3","Metabolism","false","Interconversion of polyamines"
"#c77df4","0.0","GRB2:SOS provides linkage to MAPK signaling for Integrins","GRB2:SOS provides linkage to MAPK signaling for Integrins","R-HSA-162582","#c77df4","Signal Transduction","false","GRB2:SOS provides linkage to MAPK signaling for Integrins"
"#c77df4","0.0","p130Cas linkage to MAPK signaling for integrins","p130Cas linkage to MAPK signaling for integrins","R-HSA-162582","#c77df4","Signal Transduction","false","p130Cas linkage to MAPK signaling for integrins"
"#34b331","0.0","Diseases associated with glycosaminoglycan metabolism","Diseases associated with glycosaminoglycan metabolism","R-HSA-1643685","#34b331","Disease","false","Diseases associated with glycosaminoglycan metabolism"
"#34b331",,"Defective B4GALT7 causes EDS, progeroid type","Defective B4GALT7 causes EDS, progeroid type","R-HSA-1643685","#34b331","Disease","false","Defective B4GALT7 causes EDS, progeroid type"
"#34b331",,"Defective SLC26A2 causes chondrodysplasias","Defective SLC26A2 causes chondrodysplasias","R-HSA-1643685","#34b331","Disease","false","Defective SLC26A2 causes chondrodysplasias"
"#34b331","0.0","Defective PAPSS2 causes SEMD-PA","Defective PAPSS2 causes SEMD-PA","R-HSA-1643685","#34b331","Disease","false","Defective PAPSS2 causes SEMD-PA"
"#34b331","0.0","Defective B3GAT3 causes JDSSDHD","Defective B3GAT3 causes JDSSDHD","R-HSA-1643685","#34b331","Disease","false","Defective B3GAT3 causes JDSSDHD"
"#34b331",,"Defective CHST3 causes SEDCJD","Defective CHST3 causes SEDCJD","R-HSA-1643685","#34b331","Disease","false","Defective CHST3 causes SEDCJD"
"#34b331",,"Defective CHST14 causes EDS, musculocontractural type","Defective CHST14 causes EDS, musculocontractural type","R-HSA-1643685","#34b331","Disease","false","Defective CHST14 causes EDS, musculocontractural type"
"#34b331","0.0","Defective CHSY1 causes TPBS","Defective CHSY1 causes TPBS","R-HSA-1643685","#34b331","Disease","false","Defective CHSY1 causes TPBS"
"#34b331",,"Defective CHST6 causes MCDC1","Defective CHST6 causes MCDC1","R-HSA-1643685","#34b331","Disease","false","Defective CHST6 causes MCDC1"
"#34b331","0.0","Defective HEXA causes GM2G1","Defective HEXA causes GM2G1","R-HSA-1643685","#34b331","Disease","false","Defective HEXA causes GM2G1"
"#34b331","0.0","Defective EXT2 causes exostoses 2","Defective EXT2 causes exostoses 2","R-HSA-1643685","#34b331","Disease","false","Defective EXT2 causes exostoses 2"
"#34b331",,"Defective ST3GAL3 causes MCT12 and EIEE15","Defective ST3GAL3 causes MCT12 and EIEE15","R-HSA-1643685","#34b331","Disease","false","Defective ST3GAL3 causes MCT12 and EIEE15"
"#34b331",,"Defective B4GALT1 causes B4GALT1-CDG (CDG-2d)","Defective B4GALT1 causes B4GALT1-CDG (CDG-2d)","R-HSA-1643685","#34b331","Disease","false","Defective B4GALT1 causes B4GALT1-CDG (CDG-2d)"
"#34b331","0.0","Defective HEXB causes GM2G2","Defective HEXB causes GM2G2","R-HSA-1643685","#34b331","Disease","false","Defective HEXB causes GM2G2"
"#34b331","0.0","Defective EXT1 causes exostoses 1, TRPS2 and CHDS","Defective EXT1 causes exostoses 1, TRPS2 and CHDS","R-HSA-1643685","#34b331","Disease","false","Defective EXT1 causes exostoses 1, TRPS2 and CHDS"
"#34b331",,"Defective B3GALT6 causes EDSP2 and SEMDJL1","Defective B3GALT6 causes EDSP2 and SEMDJL1","R-HSA-1643685","#34b331","Disease","false","Defective B3GALT6 causes EDSP2 and SEMDJL1"
"#34b331",,,"R-HSA-3642279","R-HSA-1643685","#34b331","Disease","false","R-HSA-3642279"
"#34b331",,"TGFBR2 Kinase Domain Mutants in Cancer","TGFBR2 Kinase Domain Mutants in Cancer","R-HSA-1643685","#34b331","Disease","false","TGFBR2 Kinase Domain Mutants in Cancer"
"#34b331",,,"R-HSA-3656532","R-HSA-1643685","#34b331","Disease","false","R-HSA-3656532"
"#34b331",,,"R-HSA-3656535","R-HSA-1643685","#34b331","Disease","false","R-HSA-3656535"
"#35ad9f","0.0","TP53 Regulates Metabolic Genes","TP53 Regulates Metabolic Genes","R-HSA-74160","#35ad9f","Gene expression (Transcription)","false","TP53 Regulates Metabolic Genes"
"#35ad9f","0.0","Regulation of TP53 Activity","Regulation of TP53 Activity","R-HSA-74160","#35ad9f","Gene expression (Transcription)","false","Regulation of TP53 Activity"
"#35ad9f","0.0","TP53 Regulates Transcription of Cell Death Genes","TP53 Regulates Transcription of Cell Death Genes","R-HSA-74160","#35ad9f","Gene expression (Transcription)","false","TP53 Regulates Transcription of Cell Death Genes"
"#35ad9f","0.0","TP53 Regulates Transcription of Cell Cycle Genes","TP53 Regulates Transcription of Cell Cycle Genes","R-HSA-74160","#35ad9f","Gene expression (Transcription)","false","TP53 Regulates Transcription of Cell Cycle Genes"
"#35ad9f","0.0","TP53 Regulates Transcription of DNA Repair Genes","TP53 Regulates Transcription of DNA Repair Genes","R-HSA-74160","#35ad9f","Gene expression (Transcription)","false","TP53 Regulates Transcription of DNA Repair Genes"
"#c77df4","0.14838709677419354","GPCR downstream signalling","GPCR downstream signalling","R-HSA-162582","#c77df4","Signal Transduction","false","GPCR downstream signalling"
"#c77df4","0.107981220657277","GPCR ligand binding","GPCR ligand binding","R-HSA-162582","#c77df4","Signal Transduction","false","GPCR ligand binding"
"#c77df4","0.14193548387096774","Class A/1 (Rhodopsin-like receptors)","Class A/1 (Rhodopsin-like receptors)","R-HSA-162582","#c77df4","Signal Transduction","false","Class A/1 (Rhodopsin-like receptors)"
"#c77df4","0.6666666666666666","Hydroxycarboxylic acid-binding receptors","Hydroxycarboxylic acid-binding receptors","R-HSA-162582","#c77df4","Signal Transduction","false","Hydroxycarboxylic acid-binding receptors"
"#c77df4","0.0","Peptide ligand-binding receptors","Peptide ligand-binding receptors","R-HSA-162582","#c77df4","Signal Transduction","false","Peptide ligand-binding receptors"
"#c77df4","0.03076923076923077","Amine ligand-binding receptors","Amine ligand-binding receptors","R-HSA-162582","#c77df4","Signal Transduction","false","Amine ligand-binding receptors"
"#c77df4",,,"R-HSA-375281","R-HSA-162582","#c77df4","Signal Transduction","false","R-HSA-375281"
"#c77df4","0.0625","Eicosanoid ligand-binding receptors","Eicosanoid ligand-binding receptors","R-HSA-162582","#c77df4","Signal Transduction","false","Eicosanoid ligand-binding receptors"
"#c77df4","0.09090909090909091","Nucleotide-like (purinergic) receptors","Nucleotide-like (purinergic) receptors","R-HSA-162582","#c77df4","Signal Transduction","false","Nucleotide-like (purinergic) receptors"
"#c77df4","0.0","Lysosphingolipid and LPA receptors","Lysosphingolipid and LPA receptors","R-HSA-162582","#c77df4","Signal Transduction","false","Lysosphingolipid and LPA receptors"
"#c77df4",,"Opsins","Opsins","R-HSA-162582","#c77df4","Signal Transduction","false","Opsins"
"#c77df4","0.4782608695652174","Free fatty acid receptors","Free fatty acid receptors","R-HSA-162582","#c77df4","Signal Transduction","false","Free fatty acid receptors"
"#c77df4","0.0","Class B/2 (Secretin family receptors)","Class B/2 (Secretin family receptors)","R-HSA-162582","#c77df4","Signal Transduction","false","Class B/2 (Secretin family receptors)"
"#c77df4",,,"R-HSA-419812","R-HSA-162582","#c77df4","Signal Transduction","false","R-HSA-419812"
"#c77df4",,"Glucagon-type ligand receptors","Glucagon-type ligand receptors","R-HSA-162582","#c77df4","Signal Transduction","false","Glucagon-type ligand receptors"
"#33b16a","0.0","Netrin-1 signaling","Netrin-1 signaling","R-HSA-1266738","#33b16a","Developmental Biology","false","Netrin-1 signaling"
"#33b16a",,,"R-HSA-376172","R-HSA-1266738","#33b16a","Developmental Biology","false","R-HSA-376172"
"#33b16a","0.0","DCC mediated attractive signaling","DCC mediated attractive signaling","R-HSA-1266738","#33b16a","Developmental Biology","false","DCC mediated attractive signaling"
"#33b16a","0.0","Netrin mediated repulsion signals","Netrin mediated repulsion signals","R-HSA-1266738","#33b16a","Developmental Biology","false","Netrin mediated repulsion signals"
"#33b16a","0.0","Role of second messengers in netrin-1 signaling","Role of second messengers in netrin-1 signaling","R-HSA-1266738","#33b16a","Developmental Biology","false","Role of second messengers in netrin-1 signaling"
"#33b16a","0.0","Semaphorin interactions","Semaphorin interactions","R-HSA-1266738","#33b16a","Developmental Biology","false","Semaphorin interactions"
"#33b16a","0.0","Sema3A PAK dependent Axon repulsion","Sema3A PAK dependent Axon repulsion","R-HSA-1266738","#33b16a","Developmental Biology","false","Sema3A PAK dependent Axon repulsion"
"#33b16a","0.0","SEMA3A-Plexin repulsion signaling by inhibiting Integrin adhesion","SEMA3A-Plexin repulsion signaling by inhibiting Integrin adhesion","R-HSA-1266738","#33b16a","Developmental Biology","false","SEMA3A-Plexin repulsion signaling by inhibiting Integrin adhesion"
"#33b16a","0.0","CRMPs in Sema3A signaling","CRMPs in Sema3A signaling","R-HSA-1266738","#33b16a","Developmental Biology","false","CRMPs in Sema3A signaling"
"#33b16a","0.0","Sema4D in semaphorin signaling","Sema4D in semaphorin signaling","R-HSA-1266738","#33b16a","Developmental Biology","false","Sema4D in semaphorin signaling"
"#33b16a",,,"R-HSA-416700","R-HSA-1266738","#33b16a","Developmental Biology","false","R-HSA-416700"
"#33b16a","0.0","L1CAM interactions","L1CAM interactions","R-HSA-1266738","#33b16a","Developmental Biology","false","L1CAM interactions"
"#33b16a","0.0","Recycling pathway of L1","Recycling pathway of L1","R-HSA-1266738","#33b16a","Developmental Biology","false","Recycling pathway of L1"
"#33b16a","0.0","Interaction between L1 and Ankyrins","Interaction between L1 and Ankyrins","R-HSA-1266738","#33b16a","Developmental Biology","false","Interaction between L1 and Ankyrins"
"#33b16a","0.0","Signal transduction by L1","Signal transduction by L1","R-HSA-1266738","#33b16a","Developmental Biology","false","Signal transduction by L1"
"#33b16a",,,"R-HSA-447038","R-HSA-1266738","#33b16a","Developmental Biology","false","R-HSA-447038"
"#33b16a",,"CHL1 interactions","CHL1 interactions","R-HSA-1266738","#33b16a","Developmental Biology","false","CHL1 interactions"
"#33b16a","0.0","Neurofascin interactions","Neurofascin interactions","R-HSA-1266738","#33b16a","Developmental Biology","false","Neurofascin interactions"
"#33b16a","0.0","NCAM signaling for neurite out-growth","NCAM signaling for neurite out-growth","R-HSA-1266738","#33b16a","Developmental Biology","false","NCAM signaling for neurite out-growth"
"#33b16a","0.0","NCAM1 interactions","NCAM1 interactions","R-HSA-1266738","#33b16a","Developmental Biology","false","NCAM1 interactions"
"#c77df4",,,"R-HSA-380095","R-HSA-162582","#c77df4","Signal Transduction","false","R-HSA-380095"
"#c77df4",,,"R-HSA-380108","R-HSA-162582","#c77df4","Signal Transduction","false","R-HSA-380108"
"#c77df4",,,"R-HSA-388479","R-HSA-162582","#c77df4","Signal Transduction","false","R-HSA-388479"
"#c77df4",,,"R-HSA-389397","R-HSA-162582","#c77df4","Signal Transduction","false","R-HSA-389397"
"#c77df4","0.0","Formyl peptide receptors bind formyl peptides and many other ligands","Formyl peptide receptors bind formyl peptides and many other ligands","R-HSA-162582","#c77df4","Signal Transduction","false","Formyl peptide receptors bind formyl peptides and many other ligands"
"#c77df4",,,"R-HSA-444821","R-HSA-162582","#c77df4","Signal Transduction","false","R-HSA-444821"
"#c77df4","1.0","Muscarinic acetylcholine receptors","Muscarinic acetylcholine receptors","R-HSA-162582","#c77df4","Signal Transduction","false","Muscarinic acetylcholine receptors"
"#c77df4","0.0","Histamine receptors","Histamine receptors","R-HSA-162582","#c77df4","Signal Transduction","false","Histamine receptors"
"#c77df4","0.0","Dopamine receptors","Dopamine receptors","R-HSA-162582","#c77df4","Signal Transduction","false","Dopamine receptors"
"#c77df4","0.0","Serotonin receptors","Serotonin receptors","R-HSA-162582","#c77df4","Signal Transduction","false","Serotonin receptors"
"#c77df4","0.0","Adrenoceptors","Adrenoceptors","R-HSA-162582","#c77df4","Signal Transduction","false","Adrenoceptors"
"#33b16a","0.0","Signaling by ROBO receptors","Signaling by ROBO receptors","R-HSA-1266738","#33b16a","Developmental Biology","false","Signaling by ROBO receptors"
"#33b16a","0.0","Activation of RAC1","Activation of RAC1","R-HSA-1266738","#33b16a","Developmental Biology","false","Activation of RAC1"
"#33b16a","0.0","Regulation of commissural axon pathfinding by SLIT and ROBO","Regulation of commissural axon pathfinding by SLIT and ROBO","R-HSA-1266738","#33b16a","Developmental Biology","false","Regulation of commissural axon pathfinding by SLIT and ROBO"
"#33b16a","0.0","Inactivation of CDC42 and RAC1","Inactivation of CDC42 and RAC1","R-HSA-1266738","#33b16a","Developmental Biology","false","Inactivation of CDC42 and RAC1"
"#33b16a","0.0","Role of ABL in ROBO-SLIT signaling","Role of ABL in ROBO-SLIT signaling","R-HSA-1266738","#33b16a","Developmental Biology","false","Role of ABL in ROBO-SLIT signaling"
"#33b16a","0.0","SLIT2:ROBO1 increases RHOA activity","SLIT2:ROBO1 increases RHOA activity","R-HSA-1266738","#33b16a","Developmental Biology","false","SLIT2:ROBO1 increases RHOA activity"
"#33b16a",,,"R-HSA-8985801","R-HSA-1266738","#33b16a","Developmental Biology","false","R-HSA-8985801"
"#33b16a","0.0","Regulation of expression of SLITs and ROBOs","Regulation of expression of SLITs and ROBOs","R-HSA-1266738","#33b16a","Developmental Biology","false","Regulation of expression of SLITs and ROBOs"
"#33b16a","0.0","ROBO receptors bind AKAP5","ROBO receptors bind AKAP5","R-HSA-1266738","#33b16a","Developmental Biology","false","ROBO receptors bind AKAP5"
"#34b331","0.0","Diseases associated with N-glycosylation of proteins","Diseases associated with N-glycosylation of proteins","R-HSA-1643685","#34b331","Disease","false","Diseases associated with N-glycosylation of proteins"
"#34b331","0.0","Defective NEU1 causes sialidosis","Defective NEU1 causes sialidosis","R-HSA-1643685","#34b331","Disease","false","Defective NEU1 causes sialidosis"
"#34b331","0.0","Defective ALG2 causes CDG-1i","Defective ALG2 causes CDG-1i","R-HSA-1643685","#34b331","Disease","false","Defective ALG2 causes CDG-1i"
"#34b331","0.0","Defective DPAGT1 causes CDG-1j, CMSTA2","Defective DPAGT1 causes CDG-1j, CMSTA2","R-HSA-1643685","#34b331","Disease","false","Defective DPAGT1 causes CDG-1j, CMSTA2"
"#34b331","0.0","Defective ALG1 causes CDG-1k","Defective ALG1 causes CDG-1k","R-HSA-1643685","#34b331","Disease","false","Defective ALG1 causes CDG-1k"
"#34b331","0.0","Defective ALG11 causes CDG-1p","Defective ALG11 causes CDG-1p","R-HSA-1643685","#34b331","Disease","false","Defective ALG11 causes CDG-1p"
"#34b331",,"Defective RFT1 causes CDG-1n","Defective RFT1 causes CDG-1n","R-HSA-1643685","#34b331","Disease","false","Defective RFT1 causes CDG-1n"
"#34b331","0.0","Defective MPDU1 causes CDG-1f","Defective MPDU1 causes CDG-1f","R-HSA-1643685","#34b331","Disease","false","Defective MPDU1 causes CDG-1f"
"#34b331","0.0","Defective ALG9 causes CDG-1l","Defective ALG9 causes CDG-1l","R-HSA-1643685","#34b331","Disease","false","Defective ALG9 causes CDG-1l"
"#34b331","0.0","Defective ALG3 causes CDG-1d","Defective ALG3 causes CDG-1d","R-HSA-1643685","#34b331","Disease","false","Defective ALG3 causes CDG-1d"
"#34b331","0.0","Defective ALG12 causes CDG-1g","Defective ALG12 causes CDG-1g","R-HSA-1643685","#34b331","Disease","false","Defective ALG12 causes CDG-1g"
"#34b331","0.0","Defective ALG6 causes CDG-1c","Defective ALG6 causes CDG-1c","R-HSA-1643685","#34b331","Disease","false","Defective ALG6 causes CDG-1c"
"#34b331","0.0","Defective ALG8 causes CDG-1h","Defective ALG8 causes CDG-1h","R-HSA-1643685","#34b331","Disease","false","Defective ALG8 causes CDG-1h"
"#34b331","0.0","Defective MAN1B1 causes MRT15","Defective MAN1B1 causes MRT15","R-HSA-1643685","#34b331","Disease","false","Defective MAN1B1 causes MRT15"
"#34b331","0.0","Defective MGAT2 causes CDG-2a","Defective MGAT2 causes CDG-2a","R-HSA-1643685","#34b331","Disease","false","Defective MGAT2 causes CDG-2a"
"#34b331","0.0","Defective B4GALT1 causes CDG-2d","Defective B4GALT1 causes CDG-2d","R-HSA-1643685","#34b331","Disease","false","Defective B4GALT1 causes CDG-2d"
"#34b331","0.0","Defective MOGS causes CDG-2b","Defective MOGS causes CDG-2b","R-HSA-1643685","#34b331","Disease","false","Defective MOGS causes CDG-2b"
"#34b331","0.0","Defective ALG14 causes ALG14-CMS","Defective ALG14 causes ALG14-CMS","R-HSA-1643685","#34b331","Disease","false","Defective ALG14 causes ALG14-CMS"
"#34b331","0.01818181818181818","Diseases of glycosylation","Diseases of glycosylation","R-HSA-1643685","#34b331","Disease","false","Diseases of glycosylation"
"#34b331","0.0","Diseases associated with O-glycosylation of proteins","Diseases associated with O-glycosylation of proteins","R-HSA-1643685","#34b331","Disease","false","Diseases associated with O-glycosylation of proteins"
"#34b331","0.05","Diseases associated with glycosylation precursor biosynthesis","Diseases associated with glycosylation precursor biosynthesis","R-HSA-1643685","#34b331","Disease","false","Diseases associated with glycosylation precursor biosynthesis"
"#36aca9","0.2","Enzymatic degradation of dopamine by COMT","Enzymatic degradation of dopamine by COMT","R-HSA-112316","#36aca9","Neuronal System","false","Enzymatic degradation of dopamine by COMT"
"#36aca9","0.2","Enzymatic degradation of Dopamine by monoamine oxidase","Enzymatic degradation of Dopamine by monoamine oxidase","R-HSA-112316","#36aca9","Neuronal System","false","Enzymatic degradation of Dopamine by monoamine oxidase"
"#35ae92","0.0","tRNA Aminoacylation","tRNA Aminoacylation","R-HSA-392499","#35ae92","Metabolism of proteins","false","tRNA Aminoacylation"
"#35ae92","0.0","Cytosolic tRNA aminoacylation","Cytosolic tRNA aminoacylation","R-HSA-392499","#35ae92","Metabolism of proteins","false","Cytosolic tRNA aminoacylation"
"#35ae92","0.0","Mitochondrial tRNA aminoacylation","Mitochondrial tRNA aminoacylation","R-HSA-392499","#35ae92","Metabolism of proteins","false","Mitochondrial tRNA aminoacylation"
"#f17b32","0.0","Loss of proteins required for interphase microtubule organization from the centrosome","Loss of proteins required for interphase microtubule organization from the centrosome","R-HSA-1640170","#f17b32","Cell Cycle","false","Loss of proteins required for interphase microtubule organization from the centrosome"
"#f17b32","0.0","Loss of Nlp from mitotic centrosomes","Loss of Nlp from mitotic centrosomes","R-HSA-1640170","#f17b32","Cell Cycle","false","Loss of Nlp from mitotic centrosomes"
"#f17b32","0.0","Centrosome maturation","Centrosome maturation","R-HSA-1640170","#f17b32","Cell Cycle","false","Centrosome maturation"
"#f17b32",,,"R-HSA-380270","R-HSA-1640170","#f17b32","Cell Cycle","false","R-HSA-380270"
"#36aca9","0.14285714285714285","Metabolism of serotonin","Metabolism of serotonin","R-HSA-112316","#36aca9","Neuronal System","false","Metabolism of serotonin"
"#38aac0",,"ATF6 (ATF6-alpha) activates chaperones","ATF6 (ATF6-alpha) activates chaperones","R-HSA-8953897","#38aac0","Cellular responses to stimuli","false","ATF6 (ATF6-alpha) activates chaperones"
"#38aac0",,,"R-HSA-381183","R-HSA-8953897","#38aac0","Cellular responses to stimuli","false","R-HSA-381183"
"#38aac0","0.0","PERK regulates gene expression","PERK regulates gene expression","R-HSA-8953897","#38aac0","Cellular responses to stimuli","false","PERK regulates gene expression"
"#38aac0",,"ATF4 activates genes in response to endoplasmic reticulum  stress","ATF4 activates genes in response to endoplasmic reticulum  stress","R-HSA-8953897","#38aac0","Cellular responses to stimuli","false","ATF4 activates genes in response to endoplasmic reticulum  stress"
"#38aac0","0.0","IRE1alpha activates chaperones","IRE1alpha activates chaperones","R-HSA-8953897","#38aac0","Cellular responses to stimuli","false","IRE1alpha activates chaperones"
"#38aac0",,,"R-HSA-381038","R-HSA-8953897","#38aac0","Cellular responses to stimuli","false","R-HSA-381038"
"#38aac0",,"ATF6B (ATF6-beta) activates chaperones","ATF6B (ATF6-beta) activates chaperones","R-HSA-8953897","#38aac0","Cellular responses to stimuli","false","ATF6B (ATF6-beta) activates chaperones"
"#38aac0",,,"R-HSA-8874211","R-HSA-8953897","#38aac0","Cellular responses to stimuli","false","R-HSA-8874211"
"#c89332","0.10526315789473684","Olfactory Signaling Pathway","Olfactory Signaling Pathway","R-HSA-9709957","#c89332","Sensory Perception","false","Olfactory Signaling Pathway"
"#c89332",,,"R-HSA-9752946","R-HSA-9709957","#c89332","Sensory Perception","false","R-HSA-9752946"
"#9ba331","0.17120622568093385","Transport of small molecules","Transport of small molecules","R-HSA-382551","#9ba331","Transport of small molecules","false","Transport of small molecules"
"#9ba331","0.1111111111111111","ABC-family proteins mediated transport","ABC-family proteins mediated transport","R-HSA-382551","#9ba331","Transport of small molecules","false","ABC-family proteins mediated transport"
"#9ba331","0.23076923076923078","SLC-mediated transmembrane transport","SLC-mediated transmembrane transport","R-HSA-382551","#9ba331","Transport of small molecules","false","SLC-mediated transmembrane transport"
"#9ba331","0.14285714285714285","Aquaporin-mediated transport","Aquaporin-mediated transport","R-HSA-382551","#9ba331","Transport of small molecules","false","Aquaporin-mediated transport"
"#9ba331","0.1","Miscellaneous transport and binding events","Miscellaneous transport and binding events","R-HSA-382551","#9ba331","Transport of small molecules","false","Miscellaneous transport and binding events"
"#9ba331","0.0","Mitochondrial calcium ion transport","Mitochondrial calcium ion transport","R-HSA-382551","#9ba331","Transport of small molecules","false","Mitochondrial calcium ion transport"
"#9ba331",,"Intracellular oxygen transport","Intracellular oxygen transport","R-HSA-382551","#9ba331","Transport of small molecules","false","Intracellular oxygen transport"
"#9ba331","0.0625","Iron uptake and transport","Iron uptake and transport","R-HSA-382551","#9ba331","Transport of small molecules","false","Iron uptake and transport"
"#9ba331","0.047619047619047616","Ion channel transport","Ion channel transport","R-HSA-382551","#9ba331","Transport of small molecules","false","Ion channel transport"
"#9ba331","0.0","Glycosphingolipid transport","Glycosphingolipid transport","R-HSA-382551","#9ba331","Transport of small molecules","false","Glycosphingolipid transport"
"#9ba331","0.0","Mitochondrial ABC transporters","Mitochondrial ABC transporters","R-HSA-382551","#9ba331","Transport of small molecules","false","Mitochondrial ABC transporters"
"#9ba331","0.1111111111111111","ABC transporters in lipid homeostasis","ABC transporters in lipid homeostasis","R-HSA-382551","#9ba331","Transport of small molecules","false","ABC transporters in lipid homeostasis"
"#c77df4","0.0","Ca2+ pathway","Ca2+ pathway","R-HSA-162582","#c77df4","Signal Transduction","false","Ca2+ pathway"
"#c77df4","0.0","PCP/CE pathway","PCP/CE pathway","R-HSA-162582","#c77df4","Signal Transduction","false","PCP/CE pathway"
"#c77df4","0.0","G-protein beta:gamma signalling","G-protein beta:gamma signalling","R-HSA-162582","#c77df4","Signal Transduction","false","G-protein beta:gamma signalling"
"#c77df4","0.2222222222222222","G alpha (q) signalling events","G alpha (q) signalling events","R-HSA-162582","#c77df4","Signal Transduction","false","G alpha (q) signalling events"
"#c77df4","0.0","G alpha (12/13) signalling events","G alpha (12/13) signalling events","R-HSA-162582","#c77df4","Signal Transduction","false","G alpha (12/13) signalling events"
"#c77df4","0.10714285714285714","G alpha (s) signalling events","G alpha (s) signalling events","R-HSA-162582","#c77df4","Signal Transduction","false","G alpha (s) signalling events"
"#c77df4","0.08490566037735849","G alpha (i) signalling events","G alpha (i) signalling events","R-HSA-162582","#c77df4","Signal Transduction","false","G alpha (i) signalling events"
"#c77df4","0.0","G alpha (z) signalling events","G alpha (z) signalling events","R-HSA-162582","#c77df4","Signal Transduction","false","G alpha (z) signalling events"
"#37abb4","0.0","CD28 co-stimulation","CD28 co-stimulation","R-HSA-168256","#37abb4","Immune System","false","CD28 co-stimulation"
"#37abb4","0.0","CTLA4 inhibitory signaling","CTLA4 inhibitory signaling","R-HSA-168256","#37abb4","Immune System","false","CTLA4 inhibitory signaling"
"#37abb4","0.0","PD-1 signaling","PD-1 signaling","R-HSA-168256","#37abb4","Immune System","false","PD-1 signaling"
"#37abb4","0.0","CD28 dependent PI3K/Akt signaling","CD28 dependent PI3K/Akt signaling","R-HSA-168256","#37abb4","Immune System","false","CD28 dependent PI3K/Akt signaling"
"#37abb4","0.0","CD28 dependent Vav1 pathway","CD28 dependent Vav1 pathway","R-HSA-168256","#37abb4","Immune System","false","CD28 dependent Vav1 pathway"
"#3ba5e3","0.06451612903225806","Glyoxylate metabolism and glycine degradation","Glyoxylate metabolism and glycine degradation","R-HSA-1430728","#3ba5e3","Metabolism","false","Glyoxylate metabolism and glycine degradation"
"#3ba5e3","0.0","Glycine degradation","Glycine degradation","R-HSA-1430728","#3ba5e3","Metabolism","false","Glycine degradation"
"#35ae92","0.0","Cooperation of Prefoldin and TriC/CCT  in actin and tubulin folding","Cooperation of Prefoldin and TriC/CCT  in actin and tubulin folding","R-HSA-392499","#35ae92","Metabolism of proteins","false","Cooperation of Prefoldin and TriC/CCT  in actin and tubulin folding"
"#35ae92",,"Prefoldin mediated transfer of substrate  to CCT/TriC","Prefoldin mediated transfer of substrate  to CCT/TriC","R-HSA-392499","#35ae92","Metabolism of proteins","false","Prefoldin mediated transfer of substrate  to CCT/TriC"
"#35ae92","0.0","Formation of tubulin folding intermediates by CCT/TriC","Formation of tubulin folding intermediates by CCT/TriC","R-HSA-392499","#35ae92","Metabolism of proteins","false","Formation of tubulin folding intermediates by CCT/TriC"
"#35ae92","0.0","Folding of actin by CCT/TriC","Folding of actin by CCT/TriC","R-HSA-392499","#35ae92","Metabolism of proteins","false","Folding of actin by CCT/TriC"
"#35ae92","0.0","Chaperonin-mediated protein folding","Chaperonin-mediated protein folding","R-HSA-392499","#35ae92","Metabolism of proteins","false","Chaperonin-mediated protein folding"
"#35ae92",,"Association of TriC/CCT with target proteins during biosynthesis","Association of TriC/CCT with target proteins during biosynthesis","R-HSA-392499","#35ae92","Metabolism of proteins","false","Association of TriC/CCT with target proteins during biosynthesis"
"#35ae92","0.0","Cooperation of PDCL (PhLP1) and TRiC/CCT in G-protein beta folding","Cooperation of PDCL (PhLP1) and TRiC/CCT in G-protein beta folding","R-HSA-392499","#35ae92","Metabolism of proteins","false","Cooperation of PDCL (PhLP1) and TRiC/CCT in G-protein beta folding"
"#34b331",,"Defective GALNT3 causes HFTC","Defective GALNT3 causes HFTC","R-HSA-1643685","#34b331","Disease","false","Defective GALNT3 causes HFTC"
"#34b331","0.0","Defective LARGE causes MDDGA6 and MDDGB6","Defective LARGE causes MDDGA6 and MDDGB6","R-HSA-1643685","#34b331","Disease","false","Defective LARGE causes MDDGA6 and MDDGB6"
"#34b331",,"Defective POMGNT1 causes MDDGA3, MDDGB3 and MDDGC3","Defective POMGNT1 causes MDDGA3, MDDGB3 and MDDGC3","R-HSA-1643685","#34b331","Disease","false","Defective POMGNT1 causes MDDGA3, MDDGB3 and MDDGC3"
"#34b331",,"Defective POMT2 causes MDDGA2, MDDGB2 and MDDGC2","Defective POMT2 causes MDDGA2, MDDGB2 and MDDGC2","R-HSA-1643685","#34b331","Disease","false","Defective POMT2 causes MDDGA2, MDDGB2 and MDDGC2"
"#34b331",,"Defective LFNG causes SCDO3","Defective LFNG causes SCDO3","R-HSA-1643685","#34b331","Disease","false","Defective LFNG causes SCDO3"
"#34b331",,"Defective C1GALT1C1 causes TNPS","Defective C1GALT1C1 causes TNPS","R-HSA-1643685","#34b331","Disease","false","Defective C1GALT1C1 causes TNPS"
"#34b331",,"Defective POMT1 causes MDDGA1, MDDGB1 and MDDGC1","Defective POMT1 causes MDDGA1, MDDGB1 and MDDGC1","R-HSA-1643685","#34b331","Disease","false","Defective POMT1 causes MDDGA1, MDDGB1 and MDDGC1"
"#34b331",,"Defective B3GALTL causes PpS","Defective B3GALTL causes PpS","R-HSA-1643685","#34b331","Disease","false","Defective B3GALTL causes PpS"
"#34b331",,"Defective GALNT12 causes CRCS1","Defective GALNT12 causes CRCS1","R-HSA-1643685","#34b331","Disease","false","Defective GALNT12 causes CRCS1"
"#3ba5e3","0.1111111111111111","Peroxisomal lipid metabolism","Peroxisomal lipid metabolism","R-HSA-1430728","#3ba5e3","Metabolism","false","Peroxisomal lipid metabolism"
"#3ba5e3","0.05263157894736842","Alpha-oxidation of phytanate","Alpha-oxidation of phytanate","R-HSA-1430728","#3ba5e3","Metabolism","false","Alpha-oxidation of phytanate"
"#3ba5e3","0.2222222222222222","Beta-oxidation of pristanoyl-CoA","Beta-oxidation of pristanoyl-CoA","R-HSA-1430728","#3ba5e3","Metabolism","false","Beta-oxidation of pristanoyl-CoA"
"#3ba5e3","0.047619047619047616","Beta-oxidation of very long chain fatty acids","Beta-oxidation of very long chain fatty acids","R-HSA-1430728","#3ba5e3","Metabolism","false","Beta-oxidation of very long chain fatty acids"
"#35ae92","0.0","Protein folding","Protein folding","R-HSA-392499","#35ae92","Metabolism of proteins","false","Protein folding"
"#35ae92","0.0","Post-chaperonin tubulin folding pathway","Post-chaperonin tubulin folding pathway","R-HSA-392499","#35ae92","Metabolism of proteins","false","Post-chaperonin tubulin folding pathway"
"#c77df4","0.16666666666666666","Leukotriene receptors","Leukotriene receptors","R-HSA-162582","#c77df4","Signal Transduction","false","Leukotriene receptors"
"#c77df4","0.0","Prostanoid ligand receptors","Prostanoid ligand receptors","R-HSA-162582","#c77df4","Signal Transduction","false","Prostanoid ligand receptors"
"#ab89f4","0.0","Nitric oxide stimulates guanylate cyclase","Nitric oxide stimulates guanylate cyclase","R-HSA-109582","#ab89f4","Hemostasis","false","Nitric oxide stimulates guanylate cyclase"
"#ab89f4","0.0","cGMP effects","cGMP effects","R-HSA-109582","#ab89f4","Hemostasis","false","cGMP effects"
"#35ae92","0.07120743034055728","Metabolism of proteins","Metabolism of proteins","R-HSA-392499","#35ae92","Metabolism of proteins","false","Metabolism of proteins"
"#35ae92","0.0","Regulation of Insulin-like Growth Factor (IGF) transport and uptake by Insulin-like Growth Factor Binding Proteins (IGFBPs)","Regulation of Insulin-like Growth Factor (IGF) transport and uptake by Insulin-like Growth Factor Binding Proteins (IGFBPs)","R-HSA-392499","#35ae92","Metabolism of proteins","false","Regulation of Insulin-like Growth Factor (IGF) transport and uptake by Insulin-like Growth Factor Binding Proteins (IGFBPs)"
"#35ae92","0.0","Protein repair","Protein repair","R-HSA-392499","#35ae92","Metabolism of proteins","false","Protein repair"
"#35ae92","0.16666666666666666","Surfactant metabolism","Surfactant metabolism","R-HSA-392499","#35ae92","Metabolism of proteins","false","Surfactant metabolism"
"#35ae92","0.04081632653061224","Post-translational protein modification","Post-translational protein modification","R-HSA-392499","#35ae92","Metabolism of proteins","false","Post-translational protein modification"
"#35ae92","0.0","Translation","Translation","R-HSA-392499","#35ae92","Metabolism of proteins","false","Translation"
"#35ae92","0.14285714285714285","Amyloid fiber formation","Amyloid fiber formation","R-HSA-392499","#35ae92","Metabolism of proteins","false","Amyloid fiber formation"
"#35ae92","0.0","Mitochondrial protein degradation","Mitochondrial protein degradation","R-HSA-392499","#35ae92","Metabolism of proteins","false","Mitochondrial protein degradation"
"#ab89f4","0.0","Signal amplification","Signal amplification","R-HSA-109582","#ab89f4","Hemostasis","false","Signal amplification"
"#ab89f4","0.0","ADP signalling through P2Y purinoceptor 12","ADP signalling through P2Y purinoceptor 12","R-HSA-109582","#ab89f4","Hemostasis","false","ADP signalling through P2Y purinoceptor 12"
"#ab89f4","0.0","ADP signalling through P2Y purinoceptor 1","ADP signalling through P2Y purinoceptor 1","R-HSA-109582","#ab89f4","Hemostasis","false","ADP signalling through P2Y purinoceptor 1"
"#ab89f4","0.0","Thromboxane signalling through TP receptor","Thromboxane signalling through TP receptor","R-HSA-109582","#ab89f4","Hemostasis","false","Thromboxane signalling through TP receptor"
"#39a8ce","0.0","Muscle contraction","Muscle contraction","R-HSA-397014","#39a8ce","Muscle contraction","false","Muscle contraction"
"#39a8ce","0.0","Striated Muscle Contraction","Striated Muscle Contraction","R-HSA-397014","#39a8ce","Muscle contraction","false","Striated Muscle Contraction"
"#39a8ce","0.0","Smooth Muscle Contraction","Smooth Muscle Contraction","R-HSA-397014","#39a8ce","Muscle contraction","false","Smooth Muscle Contraction"
"#39a8ce","0.0","Cardiac conduction","Cardiac conduction","R-HSA-397014","#39a8ce","Muscle contraction","false","Cardiac conduction"
"#c77df4","0.0","G beta:gamma signalling through PI3Kgamma","G beta:gamma signalling through PI3Kgamma","R-HSA-162582","#c77df4","Signal Transduction","false","G beta:gamma signalling through PI3Kgamma"
"#c77df4","0.0","G beta:gamma signalling through PLC beta","G beta:gamma signalling through PLC beta","R-HSA-162582","#c77df4","Signal Transduction","false","G beta:gamma signalling through PLC beta"
"#c77df4",,"G beta:gamma signalling through BTK","G beta:gamma signalling through BTK","R-HSA-162582","#c77df4","Signal Transduction","false","G beta:gamma signalling through BTK"
"#c77df4",,"G beta:gamma signalling through CDC42","G beta:gamma signalling through CDC42","R-HSA-162582","#c77df4","Signal Transduction","false","G beta:gamma signalling through CDC42"
"#36aca9","0.0","Trafficking of AMPA receptors","Trafficking of AMPA receptors","R-HSA-112316","#36aca9","Neuronal System","false","Trafficking of AMPA receptors"
"#36aca9","0.0","Trafficking of GluR2-containing AMPA receptors","Trafficking of GluR2-containing AMPA receptors","R-HSA-112316","#36aca9","Neuronal System","false","Trafficking of GluR2-containing AMPA receptors"
"#36aca9","0.0","Activation of AMPA receptors","Activation of AMPA receptors","R-HSA-112316","#36aca9","Neuronal System","false","Activation of AMPA receptors"
"#3ba5e3","0.35714285714285715","Regulation of lipid metabolism by PPARalpha","Regulation of lipid metabolism by PPARalpha","R-HSA-1430728","#3ba5e3","Metabolism","false","Regulation of lipid metabolism by PPARalpha"
"#3ba5e3","0.35714285714285715","PPARA activates gene expression","PPARA activates gene expression","R-HSA-1430728","#3ba5e3","Metabolism","false","PPARA activates gene expression"
"#f669b9","0.46153846153846156","Circadian Clock","Circadian Clock","R-HSA-400253","#f669b9","Circadian Clock","false","Circadian Clock"
"#f669b9",,"NR1D1 (REV-ERBA) represses gene expression","NR1D1 (REV-ERBA) represses gene expression","R-HSA-400253","#f669b9","Circadian Clock","false","NR1D1 (REV-ERBA) represses gene expression"
"#f669b9","0.5","RORA activates gene expression","RORA activates gene expression","R-HSA-400253","#f669b9","Circadian Clock","false","RORA activates gene expression"
"#f669b9","0.5","BMAL1:CLOCK,NPAS2 activates circadian gene expression","BMAL1:CLOCK,NPAS2 activates circadian gene expression","R-HSA-400253","#f669b9","Circadian Clock","false","BMAL1:CLOCK,NPAS2 activates circadian gene expression"
"#3ba5e3","0.125","Free fatty acids regulate insulin secretion","Free fatty acids regulate insulin secretion","R-HSA-1430728","#3ba5e3","Metabolism","false","Free fatty acids regulate insulin secretion"
"#3ba5e3","0.0","Intracellular metabolism of fatty acids regulates insulin secretion","Intracellular metabolism of fatty acids regulates insulin secretion","R-HSA-1430728","#3ba5e3","Metabolism","false","Intracellular metabolism of fatty acids regulates insulin secretion"
"#3ba5e3","0.18181818181818182","Fatty Acids bound to GPR40 (FFAR1) regulate insulin secretion","Fatty Acids bound to GPR40 (FFAR1) regulate insulin secretion","R-HSA-1430728","#3ba5e3","Metabolism","false","Fatty Acids bound to GPR40 (FFAR1) regulate insulin secretion"
"#35ae92","0.5714285714285714","Synthesis, secretion, and inactivation of Glucagon-like Peptide-1 (GLP-1)","Synthesis, secretion, and inactivation of Glucagon-like Peptide-1 (GLP-1)","R-HSA-392499","#35ae92","Metabolism of proteins","false","Synthesis, secretion, and inactivation of Glucagon-like Peptide-1 (GLP-1)"
"#35ae92","0.2857142857142857","Synthesis, secretion, and inactivation of Glucose-dependent Insulinotropic Polypeptide (GIP)","Synthesis, secretion, and inactivation of Glucose-dependent Insulinotropic Polypeptide (GIP)","R-HSA-392499","#35ae92","Metabolism of proteins","false","Synthesis, secretion, and inactivation of Glucose-dependent Insulinotropic Polypeptide (GIP)"
"#33b16a","0.0","Sema4D mediated inhibition of cell attachment and migration","Sema4D mediated inhibition of cell attachment and migration","R-HSA-1266738","#33b16a","Developmental Biology","false","Sema4D mediated inhibition of cell attachment and migration"
"#33b16a","0.0","Sema4D induced cell migration and growth-cone collapse","Sema4D induced cell migration and growth-cone collapse","R-HSA-1266738","#33b16a","Developmental Biology","false","Sema4D induced cell migration and growth-cone collapse"
"#c77df4","0.0","Asymmetric localization of PCP proteins","Asymmetric localization of PCP proteins","R-HSA-162582","#c77df4","Signal Transduction","false","Asymmetric localization of PCP proteins"
"#c77df4","0.0","WNT5A-dependent internalization of FZD4","WNT5A-dependent internalization of FZD4","R-HSA-162582","#c77df4","Signal Transduction","false","WNT5A-dependent internalization of FZD4"
"#c77df4",,,"R-HSA-5140745","R-HSA-162582","#c77df4","Signal Transduction","false","R-HSA-5140745"
"#c77df4","0.0","Gastrin-CREB signalling pathway via PKC and MAPK","Gastrin-CREB signalling pathway via PKC and MAPK","R-HSA-162582","#c77df4","Signal Transduction","false","Gastrin-CREB signalling pathway via PKC and MAPK"
"#c77df4","0.0","P2Y receptors","P2Y receptors","R-HSA-162582","#c77df4","Signal Transduction","false","P2Y receptors"
"#c77df4",,"Adenosine P1 receptors","Adenosine P1 receptors","R-HSA-162582","#c77df4","Signal Transduction","false","Adenosine P1 receptors"
"#ab89f4","0.0","Prostacyclin signalling through prostacyclin receptor","Prostacyclin signalling through prostacyclin receptor","R-HSA-109582","#ab89f4","Hemostasis","false","Prostacyclin signalling through prostacyclin receptor"
"#ab89f4","0.0","Platelet calcium homeostasis","Platelet calcium homeostasis","R-HSA-109582","#ab89f4","Hemostasis","false","Platelet calcium homeostasis"
"#ab89f4","0.0","Platelet sensitization by LDL","Platelet sensitization by LDL","R-HSA-109582","#ab89f4","Hemostasis","false","Platelet sensitization by LDL"
"#ab89f4","0.0","Elevation of cytosolic Ca2+ levels","Elevation of cytosolic Ca2+ levels","R-HSA-109582","#ab89f4","Hemostasis","false","Elevation of cytosolic Ca2+ levels"
"#ab89f4","0.0","Reduction of cytosolic Ca++ levels","Reduction of cytosolic Ca++ levels","R-HSA-109582","#ab89f4","Hemostasis","false","Reduction of cytosolic Ca++ levels"
"#c77df4","0.0","GPER1 signaling","GPER1 signaling","R-HSA-162582","#c77df4","Signal Transduction","false","GPER1 signaling"
"#f66da3","0.0","Adherens junctions interactions","Adherens junctions interactions","R-HSA-1500931","#f66da3","Cell-Cell communication","false","Adherens junctions interactions"
"#f66da3",,,"R-HSA-420597","R-HSA-1500931","#f66da3","Cell-Cell communication","false","R-HSA-420597"
"#f66da3",,"Regulation of Homotypic Cell-Cell Adhesion","Regulation of Homotypic Cell-Cell Adhesion","R-HSA-1500931","#f66da3","Cell-Cell communication","false","Regulation of Homotypic Cell-Cell Adhesion"
"#f66da3","0.0","Cell-cell junction organization","Cell-cell junction organization","R-HSA-1500931","#f66da3","Cell-Cell communication","false","Cell-cell junction organization"
"#f66da3",,,"R-HSA-373756","R-HSA-1500931","#f66da3","Cell-Cell communication","false","R-HSA-373756"
"#f66da3",,,"R-HSA-420029","R-HSA-1500931","#f66da3","Cell-Cell communication","false","R-HSA-420029"
"#3ba5e3","0.0","Glucagon-like Peptide-1 (GLP1) regulates insulin secretion","Glucagon-like Peptide-1 (GLP1) regulates insulin secretion","R-HSA-1430728","#3ba5e3","Metabolism","false","Glucagon-like Peptide-1 (GLP1) regulates insulin secretion"
"#3ba5e3","0.1111111111111111","Acetylcholine regulates insulin secretion","Acetylcholine regulates insulin secretion","R-HSA-1430728","#3ba5e3","Metabolism","false","Acetylcholine regulates insulin secretion"
"#3ba5e3","0.0","Adrenaline,noradrenaline inhibits insulin secretion","Adrenaline,noradrenaline inhibits insulin secretion","R-HSA-1430728","#3ba5e3","Metabolism","false","Adrenaline,noradrenaline inhibits insulin secretion"
"#33b16a","0.0","Axon guidance","Axon guidance","R-HSA-1266738","#33b16a","Developmental Biology","false","Axon guidance"
"#33b16a","0.0","RET signaling","RET signaling","R-HSA-1266738","#33b16a","Developmental Biology","false","RET signaling"
"#33b16a","0.0","Reelin signalling pathway","Reelin signalling pathway","R-HSA-1266738","#33b16a","Developmental Biology","false","Reelin signalling pathway"
"#9ba331","0.16455696202531644","Transport of bile salts and organic acids, metal ions and amine compounds","Transport of bile salts and organic acids, metal ions and amine compounds","R-HSA-382551","#9ba331","Transport of small molecules","false","Transport of bile salts and organic acids, metal ions and amine compounds"
"#9ba331","0.0","Metal ion SLC transporters","Metal ion SLC transporters","R-HSA-382551","#9ba331","Transport of small molecules","false","Metal ion SLC transporters"
"#9ba331","0.5","Inositol transporters","Inositol transporters","R-HSA-382551","#9ba331","Transport of small molecules","false","Inositol transporters"
"#9ba331","0.0","Sodium-coupled sulphate, di- and tri-carboxylate transporters","Sodium-coupled sulphate, di- and tri-carboxylate transporters","R-HSA-382551","#9ba331","Transport of small molecules","false","Sodium-coupled sulphate, di- and tri-carboxylate transporters"
"#9ba331","0.25","Proton-coupled monocarboxylate transport","Proton-coupled monocarboxylate transport","R-HSA-382551","#9ba331","Transport of small molecules","false","Proton-coupled monocarboxylate transport"
"#9ba331","0.06451612903225806","Na+/Cl- dependent neurotransmitter transporters","Na+/Cl- dependent neurotransmitter transporters","R-HSA-382551","#9ba331","Transport of small molecules","false","Na+/Cl- dependent neurotransmitter transporters"
"#9ba331","0.0","Rhesus glycoproteins mediate ammonium transport.","Rhesus glycoproteins mediate ammonium transport.","R-HSA-382551","#9ba331","Transport of small molecules","false","Rhesus glycoproteins mediate ammonium transport."
"#9ba331","0.20588235294117646","Organic cation/anion/zwitterion transport","Organic cation/anion/zwitterion transport","R-HSA-382551","#9ba331","Transport of small molecules","false","Organic cation/anion/zwitterion transport"
"#9ba331","0.11864406779661017","Transport of inorganic cations/anions and amino acids/oligopeptides","Transport of inorganic cations/anions and amino acids/oligopeptides","R-HSA-382551","#9ba331","Transport of small molecules","false","Transport of inorganic cations/anions and amino acids/oligopeptides"
"#9ba331","0.09090909090909091","Amino acid transport across the plasma membrane","Amino acid transport across the plasma membrane","R-HSA-382551","#9ba331","Transport of small molecules","false","Amino acid transport across the plasma membrane"
"#9ba331","0.0","Bicarbonate transporters","Bicarbonate transporters","R-HSA-382551","#9ba331","Transport of small molecules","false","Bicarbonate transporters"
"#9ba331","0.0","Sodium/Calcium exchangers","Sodium/Calcium exchangers","R-HSA-382551","#9ba331","Transport of small molecules","false","Sodium/Calcium exchangers"
"#9ba331",,"Sodium/Proton exchangers","Sodium/Proton exchangers","R-HSA-382551","#9ba331","Transport of small molecules","false","Sodium/Proton exchangers"
"#9ba331","0.0","Cation-coupled Chloride cotransporters","Cation-coupled Chloride cotransporters","R-HSA-382551","#9ba331","Transport of small molecules","false","Cation-coupled Chloride cotransporters"
"#9ba331","0.2857142857142857","Multifunctional anion exchangers","Multifunctional anion exchangers","R-HSA-382551","#9ba331","Transport of small molecules","false","Multifunctional anion exchangers"
"#9ba331",,"Sodium-coupled phosphate cotransporters","Sodium-coupled phosphate cotransporters","R-HSA-382551","#9ba331","Transport of small molecules","false","Sodium-coupled phosphate cotransporters"
"#9ba331","0.0","Proton/oligopeptide cotransporters","Proton/oligopeptide cotransporters","R-HSA-382551","#9ba331","Transport of small molecules","false","Proton/oligopeptide cotransporters"
"#9ba331","0.0","Proton-coupled neutral amino acid transporters","Proton-coupled neutral amino acid transporters","R-HSA-382551","#9ba331","Transport of small molecules","false","Proton-coupled neutral amino acid transporters"
"#9ba331","0.23529411764705882","Organic anion transporters","Organic anion transporters","R-HSA-382551","#9ba331","Transport of small molecules","false","Organic anion transporters"
"#9ba331","0.34375","Transport of vitamins, nucleosides, and related molecules","Transport of vitamins, nucleosides, and related molecules","R-HSA-382551","#9ba331","Transport of small molecules","false","Transport of vitamins, nucleosides, and related molecules"
"#9ba331","0.07692307692307693","Transport of nucleotide sugars","Transport of nucleotide sugars","R-HSA-382551","#9ba331","Transport of small molecules","false","Transport of nucleotide sugars"
"#9ba331","0.4444444444444444","Transport of fatty acids","Transport of fatty acids","R-HSA-382551","#9ba331","Transport of small molecules","false","Transport of fatty acids"
"#9ba331","0.631578947368421","Transport of nucleosides and free purine and pyrimidine bases across the plasma membrane","Transport of nucleosides and free purine and pyrimidine bases across the plasma membrane","R-HSA-382551","#9ba331","Transport of small molecules","false","Transport of nucleosides and free purine and pyrimidine bases across the plasma membrane"
"#9ba331","0.25","Transport of organic anions","Transport of organic anions","R-HSA-382551","#9ba331","Transport of small molecules","false","Transport of organic anions"
"#9ba331","0.5","Cellular hexose transport","Cellular hexose transport","R-HSA-382551","#9ba331","Transport of small molecules","false","Cellular hexose transport"
"#9ba331",,"Zinc transporters","Zinc transporters","R-HSA-382551","#9ba331","Transport of small molecules","false","Zinc transporters"
"#9ba331",,"Type II Na+/Pi cotransporters","Type II Na+/Pi cotransporters","R-HSA-382551","#9ba331","Transport of small molecules","false","Type II Na+/Pi cotransporters"
"#3ba5e3","0.045454545454545456","Sphingolipid metabolism","Sphingolipid metabolism","R-HSA-1430728","#3ba5e3","Metabolism","false","Sphingolipid metabolism"
"#3ba5e3","0.0","Sphingolipid de novo biosynthesis","Sphingolipid de novo biosynthesis","R-HSA-1430728","#3ba5e3","Metabolism","false","Sphingolipid de novo biosynthesis"
"#3ba5e3","0.05555555555555555","Sphingolipid catabolism","Sphingolipid catabolism","R-HSA-1430728","#3ba5e3","Metabolism","false","Sphingolipid catabolism"
"#f565ce","0.0","Deadenylation-dependent mRNA decay","Deadenylation-dependent mRNA decay","R-HSA-8953854","#f565ce","Metabolism of RNA","false","Deadenylation-dependent mRNA decay"
"#f565ce","0.0","Deadenylation of mRNA","Deadenylation of mRNA","R-HSA-8953854","#f565ce","Metabolism of RNA","false","Deadenylation of mRNA"
"#f565ce","0.0","mRNA decay by 3' to 5' exoribonuclease","mRNA decay by 3' to 5' exoribonuclease","R-HSA-8953854","#f565ce","Metabolism of RNA","false","mRNA decay by 3' to 5' exoribonuclease"
"#f565ce","0.0","mRNA decay by 5' to 3' exoribonuclease","mRNA decay by 5' to 3' exoribonuclease","R-HSA-8953854","#f565ce","Metabolism of RNA","false","mRNA decay by 5' to 3' exoribonuclease"
"#9ba331",,"Zinc efflux and compartmentalization by the SLC30 family","Zinc efflux and compartmentalization by the SLC30 family","R-HSA-382551","#9ba331","Transport of small molecules","false","Zinc efflux and compartmentalization by the SLC30 family"
"#9ba331",,"Zinc influx into cells by the SLC39 gene family","Zinc influx into cells by the SLC39 gene family","R-HSA-382551","#9ba331","Transport of small molecules","false","Zinc influx into cells by the SLC39 gene family"
"#36aca9","0.0","Post NMDA receptor activation events","Post NMDA receptor activation events","R-HSA-112316","#36aca9","Neuronal System","false","Post NMDA receptor activation events"
"#36aca9","0.0","CREB1 phosphorylation through the activation of Adenylate Cyclase","CREB1 phosphorylation through the activation of Adenylate Cyclase","R-HSA-112316","#36aca9","Neuronal System","false","CREB1 phosphorylation through the activation of Adenylate Cyclase"
"#36aca9","0.0","CREB1 phosphorylation through the activation of CaMKII/CaMKK/CaMKIV cascasde","CREB1 phosphorylation through the activation of CaMKII/CaMKK/CaMKIV cascasde","R-HSA-112316","#36aca9","Neuronal System","false","CREB1 phosphorylation through the activation of CaMKII/CaMKK/CaMKIV cascasde"
"#36aca9","0.0","CREB1 phosphorylation through NMDA receptor-mediated activation of RAS signaling","CREB1 phosphorylation through NMDA receptor-mediated activation of RAS signaling","R-HSA-112316","#36aca9","Neuronal System","false","CREB1 phosphorylation through NMDA receptor-mediated activation of RAS signaling"
"#36aca9","0.0","Activation of RAC1 downstream of NMDARs","Activation of RAC1 downstream of NMDARs","R-HSA-112316","#36aca9","Neuronal System","false","Activation of RAC1 downstream of NMDARs"
"#36aca9","0.0","Activation of AMPK downstream of NMDARs","Activation of AMPK downstream of NMDARs","R-HSA-112316","#36aca9","Neuronal System","false","Activation of AMPK downstream of NMDARs"
"#36aca9","0.0","Long-term potentiation","Long-term potentiation","R-HSA-112316","#36aca9","Neuronal System","false","Long-term potentiation"
"#c77df4","0.0","VEGFR2 mediated vascular permeability","VEGFR2 mediated vascular permeability","R-HSA-162582","#c77df4","Signal Transduction","false","VEGFR2 mediated vascular permeability"
"#c77df4","0.0","VEGFR2 mediated cell proliferation","VEGFR2 mediated cell proliferation","R-HSA-162582","#c77df4","Signal Transduction","false","VEGFR2 mediated cell proliferation"
"#36aca9","0.0","Ras activation upon Ca2+ influx through NMDA receptor","Ras activation upon Ca2+ influx through NMDA receptor","R-HSA-112316","#36aca9","Neuronal System","false","Ras activation upon Ca2+ influx through NMDA receptor"
"#36aca9","0.0","RSK activation","RSK activation","R-HSA-112316","#36aca9","Neuronal System","false","RSK activation"
"#36aca9","0.0","Unblocking of NMDA receptors, glutamate binding and activation","Unblocking of NMDA receptors, glutamate binding and activation","R-HSA-112316","#36aca9","Neuronal System","false","Unblocking of NMDA receptors, glutamate binding and activation"
"#36aca9","0.0","Assembly and cell surface presentation of NMDA receptors","Assembly and cell surface presentation of NMDA receptors","R-HSA-112316","#36aca9","Neuronal System","false","Assembly and cell surface presentation of NMDA receptors"
"#36aca9","0.0","Negative regulation of NMDA receptor-mediated neuronal transmission","Negative regulation of NMDA receptor-mediated neuronal transmission","R-HSA-112316","#36aca9","Neuronal System","false","Negative regulation of NMDA receptor-mediated neuronal transmission"
"#9ba331",,"Transport of glycerol from adipocytes to the liver by Aquaporins","Transport of glycerol from adipocytes to the liver by Aquaporins","R-HSA-382551","#9ba331","Transport of small molecules","false","Transport of glycerol from adipocytes to the liver by Aquaporins"
"#9ba331","0.14285714285714285","Vasopressin regulates renal water homeostasis via Aquaporins","Vasopressin regulates renal water homeostasis via Aquaporins","R-HSA-382551","#9ba331","Transport of small molecules","false","Vasopressin regulates renal water homeostasis via Aquaporins"
"#9ba331","0.16666666666666666","Passive transport by Aquaporins","Passive transport by Aquaporins","R-HSA-382551","#9ba331","Transport of small molecules","false","Passive transport by Aquaporins"
"#37abb4",,"Regulation of NF-kappa B signaling","Regulation of NF-kappa B signaling","R-HSA-168256","#37abb4","Immune System","false","Regulation of NF-kappa B signaling"
"#35ae92","0.022727272727272728","Biosynthesis of the N-glycan precursor (dolichol lipid-linked oligosaccharide, LLO) and transfer to a nascent protein","Biosynthesis of the N-glycan precursor (dolichol lipid-linked oligosaccharide, LLO) and transfer to a nascent protein","R-HSA-392499","#35ae92","Metabolism of proteins","false","Biosynthesis of the N-glycan precursor (dolichol lipid-linked oligosaccharide, LLO) and transfer to a nascent protein"
"#35ae92","0.02666666666666667","Synthesis of substrates in N-glycan biosythesis","Synthesis of substrates in N-glycan biosythesis","R-HSA-392499","#35ae92","Metabolism of proteins","false","Synthesis of substrates in N-glycan biosythesis"
"#35ae92","0.015748031496062992","Asparagine N-linked glycosylation","Asparagine N-linked glycosylation","R-HSA-392499","#35ae92","Metabolism of proteins","false","Asparagine N-linked glycosylation"
"#35ae92","0.043478260869565216","N-glycan trimming in the ER and Calnexin/Calreticulin cycle","N-glycan trimming in the ER and Calnexin/Calreticulin cycle","R-HSA-392499","#35ae92","Metabolism of proteins","false","N-glycan trimming in the ER and Calnexin/Calreticulin cycle"
"#35ae92","0.02857142857142857","Transport to the Golgi and subsequent modification","Transport to the Golgi and subsequent modification","R-HSA-392499","#35ae92","Metabolism of proteins","false","Transport to the Golgi and subsequent modification"
"#35ae92","0.0","Sialic acid metabolism","Sialic acid metabolism","R-HSA-392499","#35ae92","Metabolism of proteins","false","Sialic acid metabolism"
"#35ae92","0.0","Synthesis of Dolichyl-phosphate","Synthesis of Dolichyl-phosphate","R-HSA-392499","#35ae92","Metabolism of proteins","false","Synthesis of Dolichyl-phosphate"
"#35ae92","0.1111111111111111","Synthesis of GDP-mannose","Synthesis of GDP-mannose","R-HSA-392499","#35ae92","Metabolism of proteins","false","Synthesis of GDP-mannose"
"#35ae92","0.0","Synthesis of UDP-N-acetyl-glucosamine","Synthesis of UDP-N-acetyl-glucosamine","R-HSA-392499","#35ae92","Metabolism of proteins","false","Synthesis of UDP-N-acetyl-glucosamine"
"#35ae92","0.0","Synthesis of dolichyl-phosphate-glucose","Synthesis of dolichyl-phosphate-glucose","R-HSA-392499","#35ae92","Metabolism of proteins","false","Synthesis of dolichyl-phosphate-glucose"
"#35ae92","0.07142857142857142","GDP-fucose biosynthesis","GDP-fucose biosynthesis","R-HSA-392499","#35ae92","Metabolism of proteins","false","GDP-fucose biosynthesis"
"#f66da3","0.0","Cell-extracellular matrix interactions","Cell-extracellular matrix interactions","R-HSA-1500931","#f66da3","Cell-Cell communication","false","Cell-extracellular matrix interactions"
"#f66da3",,,"R-HSA-446343","R-HSA-1500931","#f66da3","Cell-Cell communication","false","R-HSA-446343"
"#f66da3",,,"R-HSA-446388","R-HSA-1500931","#f66da3","Cell-Cell communication","false","R-HSA-446388"
"#37abb4","0.0","Interleukin-1 family signaling","Interleukin-1 family signaling","R-HSA-168256","#37abb4","Immune System","false","Interleukin-1 family signaling"
"#37abb4","0.0","Interleukin-1 processing","Interleukin-1 processing","R-HSA-168256","#37abb4","Immune System","false","Interleukin-1 processing"
"#37abb4","0.0","Interleukin-38 signaling","Interleukin-38 signaling","R-HSA-168256","#37abb4","Immune System","false","Interleukin-38 signaling"
"#37abb4","0.0","Interleukin-37 signaling","Interleukin-37 signaling","R-HSA-168256","#37abb4","Immune System","false","Interleukin-37 signaling"
"#37abb4",,,"R-HSA-9012546","R-HSA-168256","#37abb4","Immune System","false","R-HSA-9012546"
"#37abb4",,,"R-HSA-9014826","R-HSA-168256","#37abb4","Immune System","false","R-HSA-9014826"
"#37abb4",,,"R-HSA-9014843","R-HSA-168256","#37abb4","Immune System","false","R-HSA-9014843"
"#37abb4","0.0","Interleukin-1 signaling","Interleukin-1 signaling","R-HSA-168256","#37abb4","Immune System","false","Interleukin-1 signaling"
"#f66da3",,"Type I hemidesmosome assembly","Type I hemidesmosome assembly","R-HSA-1500931","#f66da3","Cell-Cell communication","false","Type I hemidesmosome assembly"
"#37abb4","0.0","Interleukin-12 family signaling","Interleukin-12 family signaling","R-HSA-168256","#37abb4","Immune System","false","Interleukin-12 family signaling"
"#37abb4","0.0","Interleukin-35 Signalling","Interleukin-35 Signalling","R-HSA-168256","#37abb4","Immune System","false","Interleukin-35 Signalling"
"#37abb4","0.0","Interleukin-12 signaling","Interleukin-12 signaling","R-HSA-168256","#37abb4","Immune System","false","Interleukin-12 signaling"
"#37abb4","0.0","Interleukin-23 signaling","Interleukin-23 signaling","R-HSA-168256","#37abb4","Immune System","false","Interleukin-23 signaling"
"#37abb4","0.0","Interleukin-27 signaling","Interleukin-27 signaling","R-HSA-168256","#37abb4","Immune System","false","Interleukin-27 signaling"
"#37abb4","0.0","Interleukin-17 signaling","Interleukin-17 signaling","R-HSA-168256","#37abb4","Immune System","false","Interleukin-17 signaling"
"#37abb4","0.0","Interleukin-7 signaling","Interleukin-7 signaling","R-HSA-168256","#37abb4","Immune System","false","Interleukin-7 signaling"
"#37abb4",,,"R-HSA-449836","R-HSA-168256","#37abb4","Immune System","false","R-HSA-449836"
"#37abb4","0.0","Interleukin-2 family signaling","Interleukin-2 family signaling","R-HSA-168256","#37abb4","Immune System","false","Interleukin-2 family signaling"
"#37abb4","0.0","Interleukin-3, Interleukin-5 and GM-CSF signaling","Interleukin-3, Interleukin-5 and GM-CSF signaling","R-HSA-168256","#37abb4","Immune System","false","Interleukin-3, Interleukin-5 and GM-CSF signaling"
"#37abb4","0.0","Interleukin-6 family signaling","Interleukin-6 family signaling","R-HSA-168256","#37abb4","Immune System","false","Interleukin-6 family signaling"
"#37abb4","0.0","Interleukin-10 signaling","Interleukin-10 signaling","R-HSA-168256","#37abb4","Immune System","false","Interleukin-10 signaling"
"#37abb4","0.0","Interleukin-4 and Interleukin-13 signaling","Interleukin-4 and Interleukin-13 signaling","R-HSA-168256","#37abb4","Immune System","false","Interleukin-4 and Interleukin-13 signaling"
"#37abb4","0.0","Interleukin-20 family signaling","Interleukin-20 family signaling","R-HSA-168256","#37abb4","Immune System","false","Interleukin-20 family signaling"
"#37abb4","0.0","MAPK targets/ Nuclear events mediated by MAP kinases","MAPK targets/ Nuclear events mediated by MAP kinases","R-HSA-168256","#37abb4","Immune System","false","MAPK targets/ Nuclear events mediated by MAP kinases"
"#37abb4","0.0","Activation of the AP-1 family of transcription factors","Activation of the AP-1 family of transcription factors","R-HSA-168256","#37abb4","Immune System","false","Activation of the AP-1 family of transcription factors"
"#37abb4","0.0","activated TAK1 mediates p38 MAPK activation","activated TAK1 mediates p38 MAPK activation","R-HSA-168256","#37abb4","Immune System","false","activated TAK1 mediates p38 MAPK activation"
"#37abb4","0.0","JNK (c-Jun kinases) phosphorylation and  activation mediated by activated human TAK1","JNK (c-Jun kinases) phosphorylation and  activation mediated by activated human TAK1","R-HSA-168256","#37abb4","Immune System","false","JNK (c-Jun kinases) phosphorylation and  activation mediated by activated human TAK1"
"#37abb4","0.0","MAP3K8 (TPL2)-dependent MAPK1/3 activation","MAP3K8 (TPL2)-dependent MAPK1/3 activation","R-HSA-168256","#37abb4","Immune System","false","MAP3K8 (TPL2)-dependent MAPK1/3 activation"
"#f565ce","0.0","Regulation of mRNA stability by proteins that bind AU-rich elements","Regulation of mRNA stability by proteins that bind AU-rich elements","R-HSA-8953854","#f565ce","Metabolism of RNA","false","Regulation of mRNA stability by proteins that bind AU-rich elements"
"#f565ce","0.0","Butyrate Response Factor 1 (BRF1) binds and destabilizes mRNA","Butyrate Response Factor 1 (BRF1) binds and destabilizes mRNA","R-HSA-8953854","#f565ce","Metabolism of RNA","false","Butyrate Response Factor 1 (BRF1) binds and destabilizes mRNA"
"#f565ce",,"AUF1 (hnRNP D0) binds and destabilizes mRNA","AUF1 (hnRNP D0) binds and destabilizes mRNA","R-HSA-8953854","#f565ce","Metabolism of RNA","false","AUF1 (hnRNP D0) binds and destabilizes mRNA"
"#f565ce","0.0","Tristetraprolin (TTP, ZFP36) binds and destabilizes mRNA","Tristetraprolin (TTP, ZFP36) binds and destabilizes mRNA","R-HSA-8953854","#f565ce","Metabolism of RNA","false","Tristetraprolin (TTP, ZFP36) binds and destabilizes mRNA"
"#f565ce","0.0","HuR (ELAVL1) binds and stabilizes mRNA","HuR (ELAVL1) binds and stabilizes mRNA","R-HSA-8953854","#f565ce","Metabolism of RNA","false","HuR (ELAVL1) binds and stabilizes mRNA"
"#f565ce","0.0","KSRP (KHSRP) binds and destabilizes mRNA","KSRP (KHSRP) binds and destabilizes mRNA","R-HSA-8953854","#f565ce","Metabolism of RNA","false","KSRP (KHSRP) binds and destabilizes mRNA"
"#36aca9","0.0","Ionotropic activity of kainate receptors","Ionotropic activity of kainate receptors","R-HSA-112316","#36aca9","Neuronal System","false","Ionotropic activity of kainate receptors"
"#36aca9","0.0","Activation of Na-permeable kainate receptors","Activation of Na-permeable kainate receptors","R-HSA-112316","#36aca9","Neuronal System","false","Activation of Na-permeable kainate receptors"
"#36aca9","0.0","Activation of Ca-permeable Kainate Receptor","Activation of Ca-permeable Kainate Receptor","R-HSA-112316","#36aca9","Neuronal System","false","Activation of Ca-permeable Kainate Receptor"
"#36aca9","0.0","Presynaptic function of Kainate receptors","Presynaptic function of Kainate receptors","R-HSA-112316","#36aca9","Neuronal System","false","Presynaptic function of Kainate receptors"
"#37abb4","0.0","Interleukin-15 signaling","Interleukin-15 signaling","R-HSA-168256","#37abb4","Immune System","false","Interleukin-15 signaling"
"#37abb4","0.0","Interleukin-9 signaling","Interleukin-9 signaling","R-HSA-168256","#37abb4","Immune System","false","Interleukin-9 signaling"
"#37abb4","0.0","Interleukin-2 signaling","Interleukin-2 signaling","R-HSA-168256","#37abb4","Immune System","false","Interleukin-2 signaling"
"#37abb4","0.0","Interleukin-21 signaling","Interleukin-21 signaling","R-HSA-168256","#37abb4","Immune System","false","Interleukin-21 signaling"
"#37abb4","0.0","Interleukin receptor SHC signaling","Interleukin receptor SHC signaling","R-HSA-168256","#37abb4","Immune System","false","Interleukin receptor SHC signaling"
"#33b16a",,,"R-HSA-2892245","R-HSA-1266738","#33b16a","Developmental Biology","false","R-HSA-2892245"
"#33b16a",,,"R-HSA-2892247","R-HSA-1266738","#33b16a","Developmental Biology","false","R-HSA-2892247"
"#f17b32","0.0","Mitotic G2-G2/M phases","Mitotic G2-G2/M phases","R-HSA-1640170","#f17b32","Cell Cycle","false","Mitotic G2-G2/M phases"
"#f17b32","0.0","G2 Phase","G2 Phase","R-HSA-1640170","#f17b32","Cell Cycle","false","G2 Phase"
"#f17b32","0.0","G2/M Transition","G2/M Transition","R-HSA-1640170","#f17b32","Cell Cycle","false","G2/M Transition"
"#f17b32","0.0","Regulation of mitotic cell cycle","Regulation of mitotic cell cycle","R-HSA-1640170","#f17b32","Cell Cycle","false","Regulation of mitotic cell cycle"
"#f17b32","0.0","Mitotic G1 phase and G1/S transition","Mitotic G1 phase and G1/S transition","R-HSA-1640170","#f17b32","Cell Cycle","false","Mitotic G1 phase and G1/S transition"
"#f17b32","0.0","G1/S Transition","G1/S Transition","R-HSA-1640170","#f17b32","Cell Cycle","false","G1/S Transition"
"#f17b32","0.0","G1 Phase","G1 Phase","R-HSA-1640170","#f17b32","Cell Cycle","false","G1 Phase"
"#34b331","0.0","Signaling by WNT in cancer","Signaling by WNT in cancer","R-HSA-1643685","#34b331","Disease","false","Signaling by WNT in cancer"
"#34b331",,,"R-HSA-4839735","R-HSA-1643685","#34b331","Disease","false","R-HSA-4839735"
"#34b331",,"Signaling by CTNNB1 phospho-site mutants","Signaling by CTNNB1 phospho-site mutants","R-HSA-1643685","#34b331","Disease","false","Signaling by CTNNB1 phospho-site mutants"
"#34b331",,,"R-HSA-4839744","R-HSA-1643685","#34b331","Disease","false","R-HSA-4839744"
"#34b331",,,"R-HSA-4839748","R-HSA-1643685","#34b331","Disease","false","R-HSA-4839748"
"#34b331",,,"R-HSA-5339700","R-HSA-1643685","#34b331","Disease","false","R-HSA-5339700"
"#34b331",,,"R-HSA-5339716","R-HSA-1643685","#34b331","Disease","false","R-HSA-5339716"
"#34b331",,,"R-HSA-5339717","R-HSA-1643685","#34b331","Disease","false","R-HSA-5339717"
"#34b331",,"LGK974 inhibits PORCN","LGK974 inhibits PORCN","R-HSA-1643685","#34b331","Disease","false","LGK974 inhibits PORCN"
"#34b331",,,"R-HSA-5340588","R-HSA-1643685","#34b331","Disease","false","R-HSA-5340588"
"#34b331",,"XAV939 stabilizes AXIN","XAV939 stabilizes AXIN","R-HSA-1643685","#34b331","Disease","false","XAV939 stabilizes AXIN"
"#b99932","0.0","Chromatin organization","Chromatin organization","R-HSA-4839726","#b99932","Chromatin organization","false","Chromatin organization"
"#34b331",,,"R-HSA-5467340","R-HSA-1643685","#34b331","Disease","false","R-HSA-5467340"
"#34b331",,,"R-HSA-5467345","R-HSA-1643685","#34b331","Disease","false","R-HSA-5467345"
"#34b331",,"CTNNB1 S33 mutants aren't phosphorylated","CTNNB1 S33 mutants aren't phosphorylated","R-HSA-1643685","#34b331","Disease","false","CTNNB1 S33 mutants aren't phosphorylated"
"#34b331",,"CTNNB1 S37 mutants aren't phosphorylated","CTNNB1 S37 mutants aren't phosphorylated","R-HSA-1643685","#34b331","Disease","false","CTNNB1 S37 mutants aren't phosphorylated"
"#34b331",,"CTNNB1 S45 mutants aren't phosphorylated","CTNNB1 S45 mutants aren't phosphorylated","R-HSA-1643685","#34b331","Disease","false","CTNNB1 S45 mutants aren't phosphorylated"
"#34b331",,"CTNNB1 T41 mutants aren't phosphorylated","CTNNB1 T41 mutants aren't phosphorylated","R-HSA-1643685","#34b331","Disease","false","CTNNB1 T41 mutants aren't phosphorylated"
"#34b331",,,"R-HSA-5467333","R-HSA-1643685","#34b331","Disease","false","R-HSA-5467333"
"#34b331",,,"R-HSA-5467337","R-HSA-1643685","#34b331","Disease","false","R-HSA-5467337"
"#34b331",,,"R-HSA-5467343","R-HSA-1643685","#34b331","Disease","false","R-HSA-5467343"
"#34b331",,,"R-HSA-5467348","R-HSA-1643685","#34b331","Disease","false","R-HSA-5467348"
"#c77df4","0.017857142857142856","Class C/3 (Metabotropic glutamate/pheromone receptors)","Class C/3 (Metabotropic glutamate/pheromone receptors)","R-HSA-162582","#c77df4","Signal Transduction","false","Class C/3 (Metabotropic glutamate/pheromone receptors)"
"#37abb4","0.0","Regulation of signaling by CBL","Regulation of signaling by CBL","R-HSA-168256","#37abb4","Immune System","false","Regulation of signaling by CBL"
"#35ae92","0.0","O-linked glycosylation","O-linked glycosylation","R-HSA-392499","#35ae92","Metabolism of proteins","false","O-linked glycosylation"
"#35ae92","0.0","O-glycosylation of TSR domain-containing proteins","O-glycosylation of TSR domain-containing proteins","R-HSA-392499","#35ae92","Metabolism of proteins","false","O-glycosylation of TSR domain-containing proteins"
"#35ae92","0.0","O-linked glycosylation of mucins","O-linked glycosylation of mucins","R-HSA-392499","#35ae92","Metabolism of proteins","false","O-linked glycosylation of mucins"
"#f77189","0.0","Mitophagy","Mitophagy","R-HSA-9612973","#f77189","Autophagy","false","Mitophagy"
"#f77189","0.0","PINK1-PRKN Mediated Mitophagy","PINK1-PRKN Mediated Mitophagy","R-HSA-9612973","#f77189","Autophagy","false","PINK1-PRKN Mediated Mitophagy"
"#f77189","0.0","Receptor Mediated Mitophagy","Receptor Mediated Mitophagy","R-HSA-9612973","#f77189","Autophagy","false","Receptor Mediated Mitophagy"
"#f77467","0.0","RIPK1-mediated regulated necrosis","RIPK1-mediated regulated necrosis","R-HSA-5357801","#f77467","Programmed Cell Death","false","RIPK1-mediated regulated necrosis"
"#f77467","0.0","Regulation of necroptotic cell death","Regulation of necroptotic cell death","R-HSA-5357801","#f77467","Programmed Cell Death","false","Regulation of necroptotic cell death"
"#f77467","0.0","Regulated Necrosis","Regulated Necrosis","R-HSA-5357801","#f77467","Programmed Cell Death","false","Regulated Necrosis"
"#f77467","0.0","Pyroptosis","Pyroptosis","R-HSA-5357801","#f77467","Programmed Cell Death","false","Pyroptosis"
"#35ad9f","0.0","ERCC6 (CSB) and EHMT2 (G9a) positively regulate rRNA expression","ERCC6 (CSB) and EHMT2 (G9a) positively regulate rRNA expression","R-HSA-74160","#35ad9f","Gene expression (Transcription)","false","ERCC6 (CSB) and EHMT2 (G9a) positively regulate rRNA expression"
"#35ad9f","0.0","B-WICH complex positively regulates rRNA expression","B-WICH complex positively regulates rRNA expression","R-HSA-74160","#35ad9f","Gene expression (Transcription)","false","B-WICH complex positively regulates rRNA expression"
"#35ad9f","0.2","SIRT1 negatively regulates rRNA expression","SIRT1 negatively regulates rRNA expression","R-HSA-74160","#35ad9f","Gene expression (Transcription)","false","SIRT1 negatively regulates rRNA expression"
"#35ad9f","0.16666666666666666","NoRC negatively regulates rRNA expression","NoRC negatively regulates rRNA expression","R-HSA-74160","#35ad9f","Gene expression (Transcription)","false","NoRC negatively regulates rRNA expression"
"#34b331","0.14285714285714285","Diseases associated with the TLR signaling cascade","Diseases associated with the TLR signaling cascade","R-HSA-1643685","#34b331","Disease","false","Diseases associated with the TLR signaling cascade"
"#35ae92","0.06666666666666667","Calnexin/calreticulin cycle","Calnexin/calreticulin cycle","R-HSA-392499","#35ae92","Metabolism of proteins","false","Calnexin/calreticulin cycle"
"#34b331","0.0","Uptake and actions of bacterial toxins","Uptake and actions of bacterial toxins","R-HSA-1643685","#34b331","Disease","false","Uptake and actions of bacterial toxins"
"#34b331","0.0","Uptake and function of anthrax toxins","Uptake and function of anthrax toxins","R-HSA-1643685","#34b331","Disease","false","Uptake and function of anthrax toxins"
"#34b331","0.5","Uptake and function of diphtheria toxin","Uptake and function of diphtheria toxin","R-HSA-1643685","#34b331","Disease","false","Uptake and function of diphtheria toxin"
"#34b331",,,"R-HSA-8942233","R-HSA-1643685","#34b331","Disease","false","R-HSA-8942233"
"#f77467","0.0","Caspase activation via Dependence Receptors in the absence of ligand","Caspase activation via Dependence Receptors in the absence of ligand","R-HSA-5357801","#f77467","Programmed Cell Death","false","Caspase activation via Dependence Receptors in the absence of ligand"
"#f77467","0.0","Programmed Cell Death","Programmed Cell Death","R-HSA-5357801","#f77467","Programmed Cell Death","false","Programmed Cell Death"
"#c77df4","0.0","Hedgehog ligand biogenesis","Hedgehog ligand biogenesis","R-HSA-162582","#c77df4","Signal Transduction","false","Hedgehog ligand biogenesis"
"#c77df4",,,"R-HSA-5362798","R-HSA-162582","#c77df4","Signal Transduction","false","R-HSA-5362798"
"#c77df4","0.0","Hedgehog 'off' state","Hedgehog 'off' state","R-HSA-162582","#c77df4","Signal Transduction","false","Hedgehog 'off' state"
"#c77df4","0.0","Hedgehog 'on' state","Hedgehog 'on' state","R-HSA-162582","#c77df4","Signal Transduction","false","Hedgehog 'on' state"
"#e36bf4","0.0","Mismatch Repair","Mismatch Repair","R-HSA-73894","#e36bf4","DNA Repair","false","Mismatch Repair"
"#e36bf4","0.0","Mismatch repair (MMR) directed by MSH2:MSH6 (MutSalpha)","Mismatch repair (MMR) directed by MSH2:MSH6 (MutSalpha)","R-HSA-73894","#e36bf4","DNA Repair","false","Mismatch repair (MMR) directed by MSH2:MSH6 (MutSalpha)"
"#e36bf4","0.0","Mismatch repair (MMR) directed by MSH2:MSH3 (MutSbeta)","Mismatch repair (MMR) directed by MSH2:MSH3 (MutSbeta)","R-HSA-73894","#e36bf4","DNA Repair","false","Mismatch repair (MMR) directed by MSH2:MSH3 (MutSbeta)"
"#c77df4","0.13793103448275862","Signaling by Retinoic Acid","Signaling by Retinoic Acid","R-HSA-162582","#c77df4","Signal Transduction","false","Signaling by Retinoic Acid"
"#c77df4","0.14285714285714285","RA biosynthesis pathway","RA biosynthesis pathway","R-HSA-162582","#c77df4","Signal Transduction","false","RA biosynthesis pathway"
"#35ae92","0.0","Mitochondrial translation","Mitochondrial translation","R-HSA-392499","#35ae92","Metabolism of proteins","false","Mitochondrial translation"
"#35ae92","0.0","Mitochondrial translation initiation","Mitochondrial translation initiation","R-HSA-392499","#35ae92","Metabolism of proteins","false","Mitochondrial translation initiation"
"#35ae92","0.0","Mitochondrial translation elongation","Mitochondrial translation elongation","R-HSA-392499","#35ae92","Metabolism of proteins","false","Mitochondrial translation elongation"
"#35ae92","0.0","Mitochondrial translation termination","Mitochondrial translation termination","R-HSA-392499","#35ae92","Metabolism of proteins","false","Mitochondrial translation termination"
"#34b331","0.0","Hh mutants abrogate ligand secretion","Hh mutants abrogate ligand secretion","R-HSA-1643685","#34b331","Disease","false","Hh mutants abrogate ligand secretion"
"#34b331","0.0","Hh mutants are degraded by ERAD","Hh mutants are degraded by ERAD","R-HSA-1643685","#34b331","Disease","false","Hh mutants are degraded by ERAD"
"#34b331",,,"R-HSA-5658034","R-HSA-1643685","#34b331","Disease","false","R-HSA-5658034"
"#34b331",,,"R-HSA-5423599","R-HSA-1643685","#34b331","Disease","false","R-HSA-5423599"
"#34b331",,,"R-HSA-5545483","R-HSA-1643685","#34b331","Disease","false","R-HSA-5545483"
"#34b331",,,"R-HSA-5632927","R-HSA-1643685","#34b331","Disease","false","R-HSA-5632927"
"#34b331",,,"R-HSA-5632928","R-HSA-1643685","#34b331","Disease","false","R-HSA-5632928"
"#34b331",,,"R-HSA-5632968","R-HSA-1643685","#34b331","Disease","false","R-HSA-5632968"
"#34b331",,,"R-HSA-5632987","R-HSA-1643685","#34b331","Disease","false","R-HSA-5632987"
"#9ba331","0.15384615384615385","Organic cation transport","Organic cation transport","R-HSA-382551","#9ba331","Transport of small molecules","false","Organic cation transport"
"#9ba331","0.25","Organic anion transport","Organic anion transport","R-HSA-382551","#9ba331","Transport of small molecules","false","Organic anion transport"
"#3ba5e3","0.1111111111111111","Ketone body metabolism","Ketone body metabolism","R-HSA-1430728","#3ba5e3","Metabolism","false","Ketone body metabolism"
"#3ba5e3","0.05555555555555555","Wax and plasmalogen biosynthesis","Wax and plasmalogen biosynthesis","R-HSA-1430728","#3ba5e3","Metabolism","false","Wax and plasmalogen biosynthesis"
"#3ba5e3","0.16981132075471697","Metabolism of steroids","Metabolism of steroids","R-HSA-1430728","#3ba5e3","Metabolism","false","Metabolism of steroids"
"#3ba5e3","0.0","Lipid particle organization","Lipid particle organization","R-HSA-1430728","#3ba5e3","Metabolism","false","Lipid particle organization"
"#3ba5e3","0.08764940239043825","Fatty acid metabolism","Fatty acid metabolism","R-HSA-1430728","#3ba5e3","Metabolism","false","Fatty acid metabolism"
"#3ba5e3","0.04","Triglyceride metabolism","Triglyceride metabolism","R-HSA-1430728","#3ba5e3","Metabolism","false","Triglyceride metabolism"
"#3ba5e3","0.014492753623188406","Biosynthesis of specialized proresolving mediators (SPMs)","Biosynthesis of specialized proresolving mediators (SPMs)","R-HSA-1430728","#3ba5e3","Metabolism","false","Biosynthesis of specialized proresolving mediators (SPMs)"
"#39a8ce",,"Phase 4 - resting membrane potential","Phase 4 - resting membrane potential","R-HSA-397014","#39a8ce","Muscle contraction","false","Phase 4 - resting membrane potential"
"#39a8ce","0.0","Phase 3 - rapid repolarisation","Phase 3 - rapid repolarisation","R-HSA-397014","#39a8ce","Muscle contraction","false","Phase 3 - rapid repolarisation"
"#39a8ce",,"Phase 0 - rapid depolarisation","Phase 0 - rapid depolarisation","R-HSA-397014","#39a8ce","Muscle contraction","false","Phase 0 - rapid depolarisation"
"#39a8ce","0.0","Phase 2 - plateau phase","Phase 2 - plateau phase","R-HSA-397014","#39a8ce","Muscle contraction","false","Phase 2 - plateau phase"
"#39a8ce",,"Phase 1 - inactivation of fast Na+ channels","Phase 1 - inactivation of fast Na+ channels","R-HSA-397014","#39a8ce","Muscle contraction","false","Phase 1 - inactivation of fast Na+ channels"
"#39a8ce","0.0","Physiological factors","Physiological factors","R-HSA-397014","#39a8ce","Muscle contraction","false","Physiological factors"
"#39a8ce","0.0","Ion homeostasis","Ion homeostasis","R-HSA-397014","#39a8ce","Muscle contraction","false","Ion homeostasis"
"#34b331","0.24489795918367346","Metabolic disorders of biological oxidation enzymes","Metabolic disorders of biological oxidation enzymes","R-HSA-1643685","#34b331","Disease","false","Metabolic disorders of biological oxidation enzymes"
"#34b331","0.0","Defective TPMT causes TPMT deficiency","Defective TPMT causes TPMT deficiency","R-HSA-1643685","#34b331","Disease","false","Defective TPMT causes TPMT deficiency"
"#34b331","0.0","Defective CYP27A1 causes CTX","Defective CYP27A1 causes CTX","R-HSA-1643685","#34b331","Disease","false","Defective CYP27A1 causes CTX"
"#34b331","0.0","Defective AHCY causes HMAHCHD","Defective AHCY causes HMAHCHD","R-HSA-1643685","#34b331","Disease","false","Defective AHCY causes HMAHCHD"
"#34b331","0.0","Defective OPLAH causes OPLAHD","Defective OPLAH causes OPLAHD","R-HSA-1643685","#34b331","Disease","false","Defective OPLAH causes OPLAHD"
"#34b331","0.0","Defective GCLC causes HAGGSD","Defective GCLC causes HAGGSD","R-HSA-1643685","#34b331","Disease","false","Defective GCLC causes HAGGSD"
"#34b331","0.5","Defective CYP1B1 causes Glaucoma","Defective CYP1B1 causes Glaucoma","R-HSA-1643685","#34b331","Disease","false","Defective CYP1B1 causes Glaucoma"
"#34b331","0.0","Defective UGT1A1 causes hyperbilirubinemia","Defective UGT1A1 causes hyperbilirubinemia","R-HSA-1643685","#34b331","Disease","false","Defective UGT1A1 causes hyperbilirubinemia"
"#34b331","0.0","Defective CYP26C1 causes FFDD4","Defective CYP26C1 causes FFDD4","R-HSA-1643685","#34b331","Disease","false","Defective CYP26C1 causes FFDD4"
"#34b331","0.0","Defective CYP4F22 causes ARCI5","Defective CYP4F22 causes ARCI5","R-HSA-1643685","#34b331","Disease","false","Defective CYP4F22 causes ARCI5"
"#34b331","0.0","Defective GSS causes GSS deficiency","Defective GSS causes GSS deficiency","R-HSA-1643685","#34b331","Disease","false","Defective GSS causes GSS deficiency"
"#34b331","0.0","Defective ACY1 causes encephalopathy","Defective ACY1 causes encephalopathy","R-HSA-1643685","#34b331","Disease","false","Defective ACY1 causes encephalopathy"
"#34b331","0.5","Defective CYP11B2 causes CMO-1 deficiency","Defective CYP11B2 causes CMO-1 deficiency","R-HSA-1643685","#34b331","Disease","false","Defective CYP11B2 causes CMO-1 deficiency"
"#34b331","0.5","Defective CYP24A1 causes HCAI","Defective CYP24A1 causes HCAI","R-HSA-1643685","#34b331","Disease","false","Defective CYP24A1 causes HCAI"
"#34b331","0.0","Defective CYP2U1 causes SPG56","Defective CYP2U1 causes SPG56","R-HSA-1643685","#34b331","Disease","false","Defective CYP2U1 causes SPG56"
"#34b331","0.0","Defective MAOA causes BRUNS","Defective MAOA causes BRUNS","R-HSA-1643685","#34b331","Disease","false","Defective MAOA causes BRUNS"
"#34b331","0.0","Defective CYP7B1 causes SPG5A and CBAS3","Defective CYP7B1 causes SPG5A and CBAS3","R-HSA-1643685","#34b331","Disease","false","Defective CYP7B1 causes SPG5A and CBAS3"
"#34b331","0.5","Defective CYP27B1 causes VDDR1A","Defective CYP27B1 causes VDDR1A","R-HSA-1643685","#34b331","Disease","false","Defective CYP27B1 causes VDDR1A"
"#34b331","1.0","Defective CYP26B1 causes RHFCA","Defective CYP26B1 causes RHFCA","R-HSA-1643685","#34b331","Disease","false","Defective CYP26B1 causes RHFCA"
"#34b331","0.0","Defective UGT1A4 causes hyperbilirubinemia","Defective UGT1A4 causes hyperbilirubinemia","R-HSA-1643685","#34b331","Disease","false","Defective UGT1A4 causes hyperbilirubinemia"
"#34b331","0.5","Defective CYP11B1 causes AH4","Defective CYP11B1 causes AH4","R-HSA-1643685","#34b331","Disease","false","Defective CYP11B1 causes AH4"
"#34b331","0.0","Defective FMO3 causes TMAU","Defective FMO3 causes TMAU","R-HSA-1643685","#34b331","Disease","false","Defective FMO3 causes TMAU"
"#34b331","0.0","Defective SLC35D1 causes SCHBCKD","Defective SLC35D1 causes SCHBCKD","R-HSA-1643685","#34b331","Disease","false","Defective SLC35D1 causes SCHBCKD"
"#34b331","0.5","Defective CYP21A2 causes AH3","Defective CYP21A2 causes AH3","R-HSA-1643685","#34b331","Disease","false","Defective CYP21A2 causes AH3"
"#34b331",,"Defective GGT1 causes GLUTH","Defective GGT1 causes GLUTH","R-HSA-1643685","#34b331","Disease","false","Defective GGT1 causes GLUTH"
"#34b331","0.0","Defective MAT1A causes MATD","Defective MAT1A causes MATD","R-HSA-1643685","#34b331","Disease","false","Defective MAT1A causes MATD"
"#34b331","0.0","Defective CYP11A1 causes AICSR","Defective CYP11A1 causes AICSR","R-HSA-1643685","#34b331","Disease","false","Defective CYP11A1 causes AICSR"
"#34b331","0.0","Defective CYP27B1 causes VDDR1B","Defective CYP27B1 causes VDDR1B","R-HSA-1643685","#34b331","Disease","false","Defective CYP27B1 causes VDDR1B"
"#34b331","0.5","Defective CYP17A1 causes AH5","Defective CYP17A1 causes AH5","R-HSA-1643685","#34b331","Disease","false","Defective CYP17A1 causes AH5"
"#34b331","0.5","Defective CYP19A1 causes AEXS","Defective CYP19A1 causes AEXS","R-HSA-1643685","#34b331","Disease","false","Defective CYP19A1 causes AEXS"
"#34b331",,"Defective TBXAS1 causes GHDD","Defective TBXAS1 causes GHDD","R-HSA-1643685","#34b331","Disease","false","Defective TBXAS1 causes GHDD"
"#34b331","0.0","Defective GGT1 in aflatoxin detoxification causes GLUTH","Defective GGT1 in aflatoxin detoxification causes GLUTH","R-HSA-1643685","#34b331","Disease","false","Defective GGT1 in aflatoxin detoxification causes GLUTH"
"#34b331",,"TLR3 deficiency - HSE","TLR3 deficiency - HSE","R-HSA-1643685","#34b331","Disease","false","TLR3 deficiency - HSE"
"#34b331",,,"R-HSA-5602415","R-HSA-1643685","#34b331","Disease","false","R-HSA-5602415"
"#34b331","0.0","MyD88 deficiency (TLR2/4)","MyD88 deficiency (TLR2/4)","R-HSA-1643685","#34b331","Disease","false","MyD88 deficiency (TLR2/4)"
"#34b331","0.0","TICAM1 deficiency - HSE","TICAM1 deficiency - HSE","R-HSA-1643685","#34b331","Disease","false","TICAM1 deficiency - HSE"
"#34b331","0.0","TRAF3 deficiency - HSE","TRAF3 deficiency - HSE","R-HSA-1643685","#34b331","Disease","false","TRAF3 deficiency - HSE"
"#34b331",,,"R-HSA-5602636","R-HSA-1643685","#34b331","Disease","false","R-HSA-5602636"
"#34b331",,,"R-HSA-5602680","R-HSA-1643685","#34b331","Disease","false","R-HSA-5602680"
"#34b331",,,"R-HSA-5603027","R-HSA-1643685","#34b331","Disease","false","R-HSA-5603027"
"#34b331",,"IkBA variant leads to EDA-ID","IkBA variant leads to EDA-ID","R-HSA-1643685","#34b331","Disease","false","IkBA variant leads to EDA-ID"
"#34b331",,"IRAK4 deficiency (TLR5)","IRAK4 deficiency (TLR5)","R-HSA-1643685","#34b331","Disease","false","IRAK4 deficiency (TLR5)"
"#34b331","0.0","IRAK4 deficiency (TLR2/4)","IRAK4 deficiency (TLR2/4)","R-HSA-1643685","#34b331","Disease","false","IRAK4 deficiency (TLR2/4)"
"#34b331","0.6666666666666666","Defective regulation of TLR7 by endogenous ligand","Defective regulation of TLR7 by endogenous ligand","R-HSA-1643685","#34b331","Disease","false","Defective regulation of TLR7 by endogenous ligand"
"#37abb4","0.0","CLEC7A (Dectin-1) signaling","CLEC7A (Dectin-1) signaling","R-HSA-168256","#37abb4","Immune System","false","CLEC7A (Dectin-1) signaling"
"#37abb4","0.0","Dectin-1 mediated noncanonical NF-kB signaling","Dectin-1 mediated noncanonical NF-kB signaling","R-HSA-168256","#37abb4","Immune System","false","Dectin-1 mediated noncanonical NF-kB signaling"
"#37abb4","0.0","CLEC7A (Dectin-1) induces NFAT activation","CLEC7A (Dectin-1) induces NFAT activation","R-HSA-168256","#37abb4","Immune System","false","CLEC7A (Dectin-1) induces NFAT activation"
"#37abb4",,,"R-HSA-5660668","R-HSA-168256","#37abb4","Immune System","false","R-HSA-5660668"
"#34b331",,"Defective PMM2 causes PMM2-CDG","Defective PMM2 causes PMM2-CDG","R-HSA-1643685","#34b331","Disease","false","Defective PMM2 causes PMM2-CDG"
"#34b331",,"Defective MPI causes MPI-CDG","Defective MPI causes MPI-CDG","R-HSA-1643685","#34b331","Disease","false","Defective MPI causes MPI-CDG"
"#34b331","0.0","Defective GNE causes sialuria, NK and IBM2","Defective GNE causes sialuria, NK and IBM2","R-HSA-1643685","#34b331","Disease","false","Defective GNE causes sialuria, NK and IBM2"
"#34b331","0.0","Defective GFPT1 causes CMSTA1","Defective GFPT1 causes CMSTA1","R-HSA-1643685","#34b331","Disease","false","Defective GFPT1 causes CMSTA1"
"#34b331","0.0","Defective DPM1 causes DPM1-CDG","Defective DPM1 causes DPM1-CDG","R-HSA-1643685","#34b331","Disease","false","Defective DPM1 causes DPM1-CDG"
"#34b331","0.0","Defective DPM3 causes DPM3-CDG","Defective DPM3 causes DPM3-CDG","R-HSA-1643685","#34b331","Disease","false","Defective DPM3 causes DPM3-CDG"
"#34b331","0.0","Defective DPM2 causes DPM2-CDG","Defective DPM2 causes DPM2-CDG","R-HSA-1643685","#34b331","Disease","false","Defective DPM2 causes DPM2-CDG"
"#34b331","0.0","Defective SRD5A3 causes SRD5A3-CDG, KHRZ","Defective SRD5A3 causes SRD5A3-CDG, KHRZ","R-HSA-1643685","#34b331","Disease","false","Defective SRD5A3 causes SRD5A3-CDG, KHRZ"
"#34b331","0.0","Defective DOLK causes DOLK-CDG","Defective DOLK causes DOLK-CDG","R-HSA-1643685","#34b331","Disease","false","Defective DOLK causes DOLK-CDG"
"#34b331","0.0","Defective DHDDS causes RP59","Defective DHDDS causes RP59","R-HSA-1643685","#34b331","Disease","false","Defective DHDDS causes RP59"
"#34b331","0.0","Defective PGM1 causes PGM1-CDG","Defective PGM1 causes PGM1-CDG","R-HSA-1643685","#34b331","Disease","false","Defective PGM1 causes PGM1-CDG"
"#34b331","0.0","Defective GALK1 causes GALCT2","Defective GALK1 causes GALCT2","R-HSA-1643685","#34b331","Disease","false","Defective GALK1 causes GALCT2"
"#34b331","0.0","Defective GALE causes EDG","Defective GALE causes EDG","R-HSA-1643685","#34b331","Disease","false","Defective GALE causes EDG"
"#34b331","0.0","Defective GALT can cause GALCT","Defective GALT can cause GALCT","R-HSA-1643685","#34b331","Disease","false","Defective GALT can cause GALCT"
"#c77df4","0.0","Degradation of GLI1 by the proteasome","Degradation of GLI1 by the proteasome","R-HSA-162582","#c77df4","Signal Transduction","false","Degradation of GLI1 by the proteasome"
"#c77df4","0.0","Degradation of GLI2 by the proteasome","Degradation of GLI2 by the proteasome","R-HSA-162582","#c77df4","Signal Transduction","false","Degradation of GLI2 by the proteasome"
"#c77df4","0.0","GLI3 is processed to GLI3R by the proteasome","GLI3 is processed to GLI3R by the proteasome","R-HSA-162582","#c77df4","Signal Transduction","false","GLI3 is processed to GLI3R by the proteasome"
"#f55fe7","0.0","Anchoring of the basal body to the plasma membrane","Anchoring of the basal body to the plasma membrane","R-HSA-1852241","#f55fe7","Organelle biogenesis and maintenance","false","Anchoring of the basal body to the plasma membrane"
"#f55fe7","0.25","Cargo trafficking to the periciliary membrane","Cargo trafficking to the periciliary membrane","R-HSA-1852241","#f55fe7","Organelle biogenesis and maintenance","false","Cargo trafficking to the periciliary membrane"
"#f55fe7","0.5","Intraflagellar transport","Intraflagellar transport","R-HSA-1852241","#f55fe7","Organelle biogenesis and maintenance","false","Intraflagellar transport"
"#34b331","0.1","ABC transporter disorders","ABC transporter disorders","R-HSA-1643685","#34b331","Disease","false","ABC transporter disorders"
"#34b331",,"Defective ABCC9 causes CMD10, ATFB12 and Cantu syndrome","Defective ABCC9 causes CMD10, ATFB12 and Cantu syndrome","R-HSA-1643685","#34b331","Disease","false","Defective ABCC9 causes CMD10, ATFB12 and Cantu syndrome"
"#34b331","0.5","Defective ABCB11 causes PFIC2 and BRIC2","Defective ABCB11 causes PFIC2 and BRIC2","R-HSA-1643685","#34b331","Disease","false","Defective ABCB11 causes PFIC2 and BRIC2"
"#34b331","0.0","Defective ABCB4 causes PFIC3, ICP3 and GBD1","Defective ABCB4 causes PFIC3, ICP3 and GBD1","R-HSA-1643685","#34b331","Disease","false","Defective ABCB4 causes PFIC3, ICP3 and GBD1"
"#34b331","0.0","Defective CFTR causes cystic fibrosis","Defective CFTR causes cystic fibrosis","R-HSA-1643685","#34b331","Disease","false","Defective CFTR causes cystic fibrosis"
"#34b331","0.0","Defective ABCC2 causes DJS","Defective ABCC2 causes DJS","R-HSA-1643685","#34b331","Disease","false","Defective ABCC2 causes DJS"
"#34b331","0.0","Defective ABCG8 causes GBD4 and sitosterolemia","Defective ABCG8 causes GBD4 and sitosterolemia","R-HSA-1643685","#34b331","Disease","false","Defective ABCG8 causes GBD4 and sitosterolemia"
"#34b331","0.0","Defective ABCG5 causes sitosterolemia","Defective ABCG5 causes sitosterolemia","R-HSA-1643685","#34b331","Disease","false","Defective ABCG5 causes sitosterolemia"
"#34b331","0.0","Defective ABCA1 causes TGD","Defective ABCA1 causes TGD","R-HSA-1643685","#34b331","Disease","false","Defective ABCA1 causes TGD"
"#34b331","0.0","Defective ABCA12 causes ARCI4B","Defective ABCA12 causes ARCI4B","R-HSA-1643685","#34b331","Disease","false","Defective ABCA12 causes ARCI4B"
"#34b331","0.0","Defective ABCC8 can cause hypo- and hyper-glycemias","Defective ABCC8 can cause hypo- and hyper-glycemias","R-HSA-1643685","#34b331","Disease","false","Defective ABCC8 can cause hypo- and hyper-glycemias"
"#34b331","0.0","Defective ABCB6 causes MCOPCB7","Defective ABCB6 causes MCOPCB7","R-HSA-1643685","#34b331","Disease","false","Defective ABCB6 causes MCOPCB7"
"#34b331","0.0","Defective ABCA3 causes SMDP3","Defective ABCA3 causes SMDP3","R-HSA-1643685","#34b331","Disease","false","Defective ABCA3 causes SMDP3"
"#34b331","0.0","Defective ABCD1 causes ALD","Defective ABCD1 causes ALD","R-HSA-1643685","#34b331","Disease","false","Defective ABCD1 causes ALD"
"#34b331","0.0","Defective ABCC6 causes PXE","Defective ABCC6 causes PXE","R-HSA-1643685","#34b331","Disease","false","Defective ABCC6 causes PXE"
"#34b331","0.23376623376623376","SLC transporter disorders","SLC transporter disorders","R-HSA-1643685","#34b331","Disease","false","SLC transporter disorders"
"#34b331","0.0","Defective SLC17A5 causes Salla disease (SD) and ISSD","Defective SLC17A5 causes Salla disease (SD) and ISSD","R-HSA-1643685","#34b331","Disease","false","Defective SLC17A5 causes Salla disease (SD) and ISSD"
"#34b331","0.0","Defective SLC24A5 causes oculocutaneous albinism 6 (OCA6)","Defective SLC24A5 causes oculocutaneous albinism 6 (OCA6)","R-HSA-1643685","#34b331","Disease","false","Defective SLC24A5 causes oculocutaneous albinism 6 (OCA6)"
"#34b331","0.0","Defective SLC35A1 causes congenital disorder of glycosylation 2F (CDG2F)","Defective SLC35A1 causes congenital disorder of glycosylation 2F (CDG2F)","R-HSA-1643685","#34b331","Disease","false","Defective SLC35A1 causes congenital disorder of glycosylation 2F (CDG2F)"
"#34b331","0.0","Defective SLC12A6 causes agenesis of the corpus callosum, with peripheral neuropathy (ACCPN)","Defective SLC12A6 causes agenesis of the corpus callosum, with peripheral neuropathy (ACCPN)","R-HSA-1643685","#34b331","Disease","false","Defective SLC12A6 causes agenesis of the corpus callosum, with peripheral neuropathy (ACCPN)"
"#34b331",,"Defective SLC34A1 causes hypophosphatemic nephrolithiasis/osteoporosis 1 (NPHLOP1)","Defective SLC34A1 causes hypophosphatemic nephrolithiasis/osteoporosis 1 (NPHLOP1)","R-HSA-1643685","#34b331","Disease","false","Defective SLC34A1 causes hypophosphatemic nephrolithiasis/osteoporosis 1 (NPHLOP1)"
"#34b331","0.0","Defective SLC36A2 causes iminoglycinuria (IG) and hyperglycinuria (HG)","Defective SLC36A2 causes iminoglycinuria (IG) and hyperglycinuria (HG)","R-HSA-1643685","#34b331","Disease","false","Defective SLC36A2 causes iminoglycinuria (IG) and hyperglycinuria (HG)"
"#34b331",,"Defective RHAG causes regulator type Rh-null hemolytic anemia (RHN)","Defective RHAG causes regulator type Rh-null hemolytic anemia (RHN)","R-HSA-1643685","#34b331","Disease","false","Defective RHAG causes regulator type Rh-null hemolytic anemia (RHN)"
"#34b331",,"Defective SLC2A1 causes GLUT1 deficiency syndrome 1 (GLUT1DS1)","Defective SLC2A1 causes GLUT1 deficiency syndrome 1 (GLUT1DS1)","R-HSA-1643685","#34b331","Disease","false","Defective SLC2A1 causes GLUT1 deficiency syndrome 1 (GLUT1DS1)"
"#34b331","0.0","Defective SLC6A19 causes Hartnup disorder (HND)","Defective SLC6A19 causes Hartnup disorder (HND)","R-HSA-1643685","#34b331","Disease","false","Defective SLC6A19 causes Hartnup disorder (HND)"
"#34b331",,"Defective SLC34A2 causes pulmonary alveolar microlithiasis (PALM)","Defective SLC34A2 causes pulmonary alveolar microlithiasis (PALM)","R-HSA-1643685","#34b331","Disease","false","Defective SLC34A2 causes pulmonary alveolar microlithiasis (PALM)"
"#34b331",,"Defective SLC26A4 causes Pendred syndrome (PDS)","Defective SLC26A4 causes Pendred syndrome (PDS)","R-HSA-1643685","#34b331","Disease","false","Defective SLC26A4 causes Pendred syndrome (PDS)"
"#34b331","0.5","Defective SLC2A9 causes hypouricemia renal 2 (RHUC2)","Defective SLC2A9 causes hypouricemia renal 2 (RHUC2)","R-HSA-1643685","#34b331","Disease","false","Defective SLC2A9 causes hypouricemia renal 2 (RHUC2)"
"#34b331","0.0","Defective SLC11A2 causes hypochromic microcytic anemia, with iron overload 1 (AHMIO1)","Defective SLC11A2 causes hypochromic microcytic anemia, with iron overload 1 (AHMIO1)","R-HSA-1643685","#34b331","Disease","false","Defective SLC11A2 causes hypochromic microcytic anemia, with iron overload 1 (AHMIO1)"
"#34b331","0.0","Defective SLC40A1 causes hemochromatosis 4 (HFE4) (macrophages)","Defective SLC40A1 causes hemochromatosis 4 (HFE4) (macrophages)","R-HSA-1643685","#34b331","Disease","false","Defective SLC40A1 causes hemochromatosis 4 (HFE4) (macrophages)"
"#34b331","0.0","Defective SLC4A1 causes hereditary spherocytosis type 4 (HSP4),  distal renal tubular acidosis (dRTA) and dRTA with hemolytic anemia (dRTA-HA)","Defective SLC4A1 causes hereditary spherocytosis type 4 (HSP4),  distal renal tubular acidosis (dRTA) and dRTA with hemolytic anemia (dRTA-HA)","R-HSA-1643685","#34b331","Disease","false","Defective SLC4A1 causes hereditary spherocytosis type 4 (HSP4),  distal renal tubular acidosis (dRTA) and dRTA with hemolytic anemia (dRTA-HA)"
"#34b331",,"Defective SLC9A9 causes autism 16 (AUTS16)","Defective SLC9A9 causes autism 16 (AUTS16)","R-HSA-1643685","#34b331","Disease","false","Defective SLC9A9 causes autism 16 (AUTS16)"
"#34b331","0.0","Defective SLC22A5 causes systemic primary carnitine deficiency (CDSP)","Defective SLC22A5 causes systemic primary carnitine deficiency (CDSP)","R-HSA-1643685","#34b331","Disease","false","Defective SLC22A5 causes systemic primary carnitine deficiency (CDSP)"
"#34b331",,"Defective SLC4A4 causes renal tubular acidosis, proximal, with ocular abnormalities and mental retardation (pRTA-OA)","Defective SLC4A4 causes renal tubular acidosis, proximal, with ocular abnormalities and mental retardation (pRTA-OA)","R-HSA-1643685","#34b331","Disease","false","Defective SLC4A4 causes renal tubular acidosis, proximal, with ocular abnormalities and mental retardation (pRTA-OA)"
"#34b331","0.0","Defective SLC24A4 causes hypomineralized amelogenesis imperfecta (AI)","Defective SLC24A4 causes hypomineralized amelogenesis imperfecta (AI)","R-HSA-1643685","#34b331","Disease","false","Defective SLC24A4 causes hypomineralized amelogenesis imperfecta (AI)"
"#34b331","0.0","Defective HK1 causes hexokinase deficiency (HK deficiency)","Defective HK1 causes hexokinase deficiency (HK deficiency)","R-HSA-1643685","#34b331","Disease","false","Defective HK1 causes hexokinase deficiency (HK deficiency)"
"#34b331",,"Defective SLCO1B3 causes hyperbilirubinemia, Rotor type (HBLRR)","Defective SLCO1B3 causes hyperbilirubinemia, Rotor type (HBLRR)","R-HSA-1643685","#34b331","Disease","false","Defective SLCO1B3 causes hyperbilirubinemia, Rotor type (HBLRR)"
"#34b331","0.0","Defective CP causes aceruloplasminemia (ACERULOP)","Defective CP causes aceruloplasminemia (ACERULOP)","R-HSA-1643685","#34b331","Disease","false","Defective CP causes aceruloplasminemia (ACERULOP)"
"#34b331",,"Defective SLC33A1 causes spastic paraplegia 42 (SPG42)","Defective SLC33A1 causes spastic paraplegia 42 (SPG42)","R-HSA-1643685","#34b331","Disease","false","Defective SLC33A1 causes spastic paraplegia 42 (SPG42)"
"#34b331","0.0","Defective SLC1A3 causes episodic ataxia 6 (EA6)","Defective SLC1A3 causes episodic ataxia 6 (EA6)","R-HSA-1643685","#34b331","Disease","false","Defective SLC1A3 causes episodic ataxia 6 (EA6)"
"#34b331","1.0","Defective SLC29A3 causes histiocytosis-lymphadenopathy plus syndrome (HLAS)","Defective SLC29A3 causes histiocytosis-lymphadenopathy plus syndrome (HLAS)","R-HSA-1643685","#34b331","Disease","false","Defective SLC29A3 causes histiocytosis-lymphadenopathy plus syndrome (HLAS)"
"#34b331","0.0","Defective SLC22A18 causes lung cancer (LNCR) and embryonal rhabdomyosarcoma 1 (RMSE1)","Defective SLC22A18 causes lung cancer (LNCR) and embryonal rhabdomyosarcoma 1 (RMSE1)","R-HSA-1643685","#34b331","Disease","false","Defective SLC22A18 causes lung cancer (LNCR) and embryonal rhabdomyosarcoma 1 (RMSE1)"
"#34b331","0.0","Defective SLC1A1 is implicated in schizophrenia 18 (SCZD18) and dicarboxylic aminoaciduria (DCBXA)","Defective SLC1A1 is implicated in schizophrenia 18 (SCZD18) and dicarboxylic aminoaciduria (DCBXA)","R-HSA-1643685","#34b331","Disease","false","Defective SLC1A1 is implicated in schizophrenia 18 (SCZD18) and dicarboxylic aminoaciduria (DCBXA)"
"#34b331",,"Defective SLC2A10 causes arterial tortuosity syndrome (ATS)","Defective SLC2A10 causes arterial tortuosity syndrome (ATS)","R-HSA-1643685","#34b331","Disease","false","Defective SLC2A10 causes arterial tortuosity syndrome (ATS)"
"#34b331","0.3333333333333333","Defective SLC16A1 causes symptomatic deficiency in lactate transport (SDLT)","Defective SLC16A1 causes symptomatic deficiency in lactate transport (SDLT)","R-HSA-1643685","#34b331","Disease","false","Defective SLC16A1 causes symptomatic deficiency in lactate transport (SDLT)"
"#34b331","1.0","Defective SLC22A12 causes renal hypouricemia 1 (RHUC1)","Defective SLC22A12 causes renal hypouricemia 1 (RHUC1)","R-HSA-1643685","#34b331","Disease","false","Defective SLC22A12 causes renal hypouricemia 1 (RHUC1)"
"#34b331","0.0","Defective SLC35A2 causes congenital disorder of glycosylation 2M (CDG2M)","Defective SLC35A2 causes congenital disorder of glycosylation 2M (CDG2M)","R-HSA-1643685","#34b331","Disease","false","Defective SLC35A2 causes congenital disorder of glycosylation 2M (CDG2M)"
"#34b331","0.0","Defective GCK causes maturity-onset diabetes of the young 2 (MODY2)","Defective GCK causes maturity-onset diabetes of the young 2 (MODY2)","R-HSA-1643685","#34b331","Disease","false","Defective GCK causes maturity-onset diabetes of the young 2 (MODY2)"
"#34b331","0.0","Defective SLC17A8 causes autosomal dominant deafness 25 (DFNA25)","Defective SLC17A8 causes autosomal dominant deafness 25 (DFNA25)","R-HSA-1643685","#34b331","Disease","false","Defective SLC17A8 causes autosomal dominant deafness 25 (DFNA25)"
"#34b331","0.0","Defective SLC24A1 causes congenital stationary night blindness 1D (CSNB1D)","Defective SLC24A1 causes congenital stationary night blindness 1D (CSNB1D)","R-HSA-1643685","#34b331","Disease","false","Defective SLC24A1 causes congenital stationary night blindness 1D (CSNB1D)"
"#34b331",,"Defective SLC35C1 causes congenital disorder of glycosylation 2C (CDG2C)","Defective SLC35C1 causes congenital disorder of glycosylation 2C (CDG2C)","R-HSA-1643685","#34b331","Disease","false","Defective SLC35C1 causes congenital disorder of glycosylation 2C (CDG2C)"
"#34b331",,"Defective SLC6A18 may confer susceptibility to iminoglycinuria and/or hyperglycinuria","Defective SLC6A18 may confer susceptibility to iminoglycinuria and/or hyperglycinuria","R-HSA-1643685","#34b331","Disease","false","Defective SLC6A18 may confer susceptibility to iminoglycinuria and/or hyperglycinuria"
"#34b331",,"Defective SLC6A3 causes Parkinsonism-dystonia infantile (PKDYS)","Defective SLC6A3 causes Parkinsonism-dystonia infantile (PKDYS)","R-HSA-1643685","#34b331","Disease","false","Defective SLC6A3 causes Parkinsonism-dystonia infantile (PKDYS)"
"#34b331","0.0","Defective SLC35A3 causes arthrogryposis, mental retardation, and seizures (AMRS)","Defective SLC35A3 causes arthrogryposis, mental retardation, and seizures (AMRS)","R-HSA-1643685","#34b331","Disease","false","Defective SLC35A3 causes arthrogryposis, mental retardation, and seizures (AMRS)"
"#34b331","0.0","Defective SLC26A3 causes congenital secretory chloride diarrhea 1 (DIAR1)","Defective SLC26A3 causes congenital secretory chloride diarrhea 1 (DIAR1)","R-HSA-1643685","#34b331","Disease","false","Defective SLC26A3 causes congenital secretory chloride diarrhea 1 (DIAR1)"
"#34b331",,"Defective SLC12A3 causes Gitelman syndrome (GS)","Defective SLC12A3 causes Gitelman syndrome (GS)","R-HSA-1643685","#34b331","Disease","false","Defective SLC12A3 causes Gitelman syndrome (GS)"
"#34b331",,"Defective SLC39A4 causes acrodermatitis enteropathica, zinc-deficiency type (AEZ)","Defective SLC39A4 causes acrodermatitis enteropathica, zinc-deficiency type (AEZ)","R-HSA-1643685","#34b331","Disease","false","Defective SLC39A4 causes acrodermatitis enteropathica, zinc-deficiency type (AEZ)"
"#34b331","0.0","Defective SLC6A5 causes hyperekplexia 3 (HKPX3)","Defective SLC6A5 causes hyperekplexia 3 (HKPX3)","R-HSA-1643685","#34b331","Disease","false","Defective SLC6A5 causes hyperekplexia 3 (HKPX3)"
"#34b331",,"Defective SLC9A6 causes  X-linked, syndromic mental retardation,, Christianson type (MRXSCH)","Defective SLC9A6 causes  X-linked, syndromic mental retardation,, Christianson type (MRXSCH)","R-HSA-1643685","#34b331","Disease","false","Defective SLC9A6 causes  X-linked, syndromic mental retardation,, Christianson type (MRXSCH)"
"#34b331","0.07692307692307693","Variant SLC6A14 may confer susceptibility towards obesity","Variant SLC6A14 may confer susceptibility towards obesity","R-HSA-1643685","#34b331","Disease","false","Variant SLC6A14 may confer susceptibility towards obesity"
"#34b331","0.0","Defective SLCO2A1 causes primary, autosomal recessive hypertrophic osteoarthropathy 2 (PHOAR2)","Defective SLCO2A1 causes primary, autosomal recessive hypertrophic osteoarthropathy 2 (PHOAR2)","R-HSA-1643685","#34b331","Disease","false","Defective SLCO2A1 causes primary, autosomal recessive hypertrophic osteoarthropathy 2 (PHOAR2)"
"#34b331","0.0","Defective SLC5A5 causes thyroid dyshormonogenesis 1 (TDH1)","Defective SLC5A5 causes thyroid dyshormonogenesis 1 (TDH1)","R-HSA-1643685","#34b331","Disease","false","Defective SLC5A5 causes thyroid dyshormonogenesis 1 (TDH1)"
"#34b331",,"Defective SLC34A3 causes Hereditary hypophosphatemic rickets with hypercalciuria (HHRH)","Defective SLC34A3 causes Hereditary hypophosphatemic rickets with hypercalciuria (HHRH)","R-HSA-1643685","#34b331","Disease","false","Defective SLC34A3 causes Hereditary hypophosphatemic rickets with hypercalciuria (HHRH)"
"#34b331","0.0","Defective SLC2A2 causes Fanconi-Bickel syndrome (FBS)","Defective SLC2A2 causes Fanconi-Bickel syndrome (FBS)","R-HSA-1643685","#34b331","Disease","false","Defective SLC2A2 causes Fanconi-Bickel syndrome (FBS)"
"#34b331",,,"R-HSA-5619099","R-HSA-1643685","#34b331","Disease","false","R-HSA-5619099"
"#34b331","0.0","Variant SLC6A20 contributes towards hyperglycinuria (HG) and iminoglycinuria (IG)","Variant SLC6A20 contributes towards hyperglycinuria (HG) and iminoglycinuria (IG)","R-HSA-1643685","#34b331","Disease","false","Variant SLC6A20 contributes towards hyperglycinuria (HG) and iminoglycinuria (IG)"
"#34b331","0.0","Defective SLC12A1 causes Bartter syndrome 1 (BS1)","Defective SLC12A1 causes Bartter syndrome 1 (BS1)","R-HSA-1643685","#34b331","Disease","false","Defective SLC12A1 causes Bartter syndrome 1 (BS1)"
"#34b331",,,"R-HSA-5619107","R-HSA-1643685","#34b331","Disease","false","R-HSA-5619107"
"#34b331","0.5","Defective SLC27A4 causes ichthyosis prematurity syndrome (IPS)","Defective SLC27A4 causes ichthyosis prematurity syndrome (IPS)","R-HSA-1643685","#34b331","Disease","false","Defective SLC27A4 causes ichthyosis prematurity syndrome (IPS)"
"#34b331",,"Defective SLC6A2 causes orthostatic intolerance (OI)","Defective SLC6A2 causes orthostatic intolerance (OI)","R-HSA-1643685","#34b331","Disease","false","Defective SLC6A2 causes orthostatic intolerance (OI)"
"#34b331",,"Defective SLCO1B1 causes hyperbilirubinemia, Rotor type (HBLRR)","Defective SLCO1B1 causes hyperbilirubinemia, Rotor type (HBLRR)","R-HSA-1643685","#34b331","Disease","false","Defective SLCO1B1 causes hyperbilirubinemia, Rotor type (HBLRR)"
"#34b331",,"Defective SLC20A2 causes idiopathic basal ganglia calcification 1 (IBGC1)","Defective SLC20A2 causes idiopathic basal ganglia calcification 1 (IBGC1)","R-HSA-1643685","#34b331","Disease","false","Defective SLC20A2 causes idiopathic basal ganglia calcification 1 (IBGC1)"
"#34b331","0.3333333333333333","Defective SLC3A1 causes cystinuria (CSNU)","Defective SLC3A1 causes cystinuria (CSNU)","R-HSA-1643685","#34b331","Disease","false","Defective SLC3A1 causes cystinuria (CSNU)"
"#34b331","0.0","Defective SLC5A7 causes distal hereditary motor neuronopathy 7A (HMN7A)","Defective SLC5A7 causes distal hereditary motor neuronopathy 7A (HMN7A)","R-HSA-1643685","#34b331","Disease","false","Defective SLC5A7 causes distal hereditary motor neuronopathy 7A (HMN7A)"
"#34b331","0.0","Defective SLC40A1 causes hemochromatosis 4 (HFE4) (duodenum)","Defective SLC40A1 causes hemochromatosis 4 (HFE4) (duodenum)","R-HSA-1643685","#34b331","Disease","false","Defective SLC40A1 causes hemochromatosis 4 (HFE4) (duodenum)"
"#34b331",,"Defective SLC5A1 causes congenital glucose/galactose malabsorption (GGM)","Defective SLC5A1 causes congenital glucose/galactose malabsorption (GGM)","R-HSA-1643685","#34b331","Disease","false","Defective SLC5A1 causes congenital glucose/galactose malabsorption (GGM)"
"#34b331",,"Defective SLC5A2 causes renal glucosuria (GLYS1)","Defective SLC5A2 causes renal glucosuria (GLYS1)","R-HSA-1643685","#34b331","Disease","false","Defective SLC5A2 causes renal glucosuria (GLYS1)"
"#34b331","0.0","Defective SLC5A7 causes distal hereditary motor neuronopathy 7A (HMN7A)","Defective SLC5A7 causes distal hereditary motor neuronopathy 7A (HMN7A)","R-HSA-1643685","#34b331","Disease","false","Defective SLC5A7 causes distal hereditary motor neuronopathy 7A (HMN7A)"
"#34b331",,"Defective SLC6A18 may confer susceptibility to iminoglycinuria and/or hyperglycinuria","Defective SLC6A18 may confer susceptibility to iminoglycinuria and/or hyperglycinuria","R-HSA-1643685","#34b331","Disease","false","Defective SLC6A18 may confer susceptibility to iminoglycinuria and/or hyperglycinuria"
"#34b331","0.0","Defective SLC6A19 causes Hartnup disorder (HND)","Defective SLC6A19 causes Hartnup disorder (HND)","R-HSA-1643685","#34b331","Disease","false","Defective SLC6A19 causes Hartnup disorder (HND)"
"#34b331","0.0","Variant SLC6A20 contributes towards hyperglycinuria (HG) and iminoglycinuria (IG)","Variant SLC6A20 contributes towards hyperglycinuria (HG) and iminoglycinuria (IG)","R-HSA-1643685","#34b331","Disease","false","Variant SLC6A20 contributes towards hyperglycinuria (HG) and iminoglycinuria (IG)"
"#34b331",,"Defective SLC6A3 causes Parkinsonism-dystonia infantile (PKDYS)","Defective SLC6A3 causes Parkinsonism-dystonia infantile (PKDYS)","R-HSA-1643685","#34b331","Disease","false","Defective SLC6A3 causes Parkinsonism-dystonia infantile (PKDYS)"
"#34b331","0.0","Defective SLC7A7 causes lysinuric protein intolerance (LPI)","Defective SLC7A7 causes lysinuric protein intolerance (LPI)","R-HSA-1643685","#34b331","Disease","false","Defective SLC7A7 causes lysinuric protein intolerance (LPI)"
"#34b331","0.3333333333333333","Defective SLC7A9 causes cystinuria (CSNU)","Defective SLC7A9 causes cystinuria (CSNU)","R-HSA-1643685","#34b331","Disease","false","Defective SLC7A9 causes cystinuria (CSNU)"
"#34b331","0.0","Defective SLC35A1 causes congenital disorder of glycosylation 2F (CDG2F)","Defective SLC35A1 causes congenital disorder of glycosylation 2F (CDG2F)","R-HSA-1643685","#34b331","Disease","false","Defective SLC35A1 causes congenital disorder of glycosylation 2F (CDG2F)"
"#34b331",,,"R-HSA-9036092","R-HSA-1643685","#34b331","Disease","false","R-HSA-9036092"
"#33b16a",,"Activation of anterior HOX genes in hindbrain development during early embryogenesis","Activation of anterior HOX genes in hindbrain development during early embryogenesis","R-HSA-1266738","#33b16a","Developmental Biology","false","Activation of anterior HOX genes in hindbrain development during early embryogenesis"
"#f55fe7","0.0","VxPx cargo-targeting to cilium","VxPx cargo-targeting to cilium","R-HSA-1852241","#f55fe7","Organelle biogenesis and maintenance","false","VxPx cargo-targeting to cilium"
"#f55fe7","0.0","BBSome-mediated cargo-targeting to cilium","BBSome-mediated cargo-targeting to cilium","R-HSA-1852241","#f55fe7","Organelle biogenesis and maintenance","false","BBSome-mediated cargo-targeting to cilium"
"#f55fe7","1.0","Trafficking of myristoylated proteins to the cilium","Trafficking of myristoylated proteins to the cilium","R-HSA-1852241","#f55fe7","Organelle biogenesis and maintenance","false","Trafficking of myristoylated proteins to the cilium"
"#f55fe7",,,"R-HSA-5624958","R-HSA-1852241","#f55fe7","Organelle biogenesis and maintenance","false","R-HSA-5624958"
"#37abb4","0.0","Dectin-2 family","Dectin-2 family","R-HSA-168256","#37abb4","Immune System","false","Dectin-2 family"
"#37abb4","0.0","CD209 (DC-SIGN) signaling","CD209 (DC-SIGN) signaling","R-HSA-168256","#37abb4","Immune System","false","CD209 (DC-SIGN) signaling"
"#c77df4","0.25","Activated PKN1 stimulates transcription of AR (androgen receptor) regulated genes KLK2 and KLK3","Activated PKN1 stimulates transcription of AR (androgen receptor) regulated genes KLK2 and KLK3","R-HSA-162582","#c77df4","Signal Transduction","false","Activated PKN1 stimulates transcription of AR (androgen receptor) regulated genes KLK2 and KLK3"
"#c77df4",,,"R-HSA-5632681","R-HSA-162582","#c77df4","Signal Transduction","false","R-HSA-5632681"
"#c77df4","0.0","Activation of SMO","Activation of SMO","R-HSA-162582","#c77df4","Signal Transduction","false","Activation of SMO"
"#c77df4",,,"R-HSA-5635851","R-HSA-162582","#c77df4","Signal Transduction","false","R-HSA-5635851"
"#35ad9f","0.0","Regulation of TP53 Activity through Phosphorylation","Regulation of TP53 Activity through Phosphorylation","R-HSA-74160","#35ad9f","Gene expression (Transcription)","false","Regulation of TP53 Activity through Phosphorylation"
"#35ad9f","0.0","Regulation of TP53 Activity through Acetylation","Regulation of TP53 Activity through Acetylation","R-HSA-74160","#35ad9f","Gene expression (Transcription)","false","Regulation of TP53 Activity through Acetylation"
"#35ad9f","0.0","Regulation of TP53 Activity through Association with Co-factors","Regulation of TP53 Activity through Association with Co-factors","R-HSA-74160","#35ad9f","Gene expression (Transcription)","false","Regulation of TP53 Activity through Association with Co-factors"
"#35ad9f","0.0","Regulation of TP53 Activity through Methylation","Regulation of TP53 Activity through Methylation","R-HSA-74160","#35ad9f","Gene expression (Transcription)","false","Regulation of TP53 Activity through Methylation"
"#35ad9f","0.0","Regulation of TP53 Expression and Degradation","Regulation of TP53 Expression and Degradation","R-HSA-74160","#35ad9f","Gene expression (Transcription)","false","Regulation of TP53 Expression and Degradation"
"#35ad9f","0.0","TP53 Regulates Transcription of Genes Involved in Cytochrome C Release","TP53 Regulates Transcription of Genes Involved in Cytochrome C Release","R-HSA-74160","#35ad9f","Gene expression (Transcription)","false","TP53 Regulates Transcription of Genes Involved in Cytochrome C Release"
"#35ad9f","0.0","TP53 regulates transcription of several additional cell death genes whose specific roles in p53-dependent apoptosis remain uncertain","TP53 regulates transcription of several additional cell death genes whose specific roles in p53-dependent apoptosis remain uncertain","R-HSA-74160","#35ad9f","Gene expression (Transcription)","false","TP53 regulates transcription of several additional cell death genes whose specific roles in p53-dependent apoptosis remain uncertain"
"#35ad9f","0.0","TP53 Regulates Transcription of Caspase Activators and Caspases","TP53 Regulates Transcription of Caspase Activators and Caspases","R-HSA-74160","#35ad9f","Gene expression (Transcription)","false","TP53 Regulates Transcription of Caspase Activators and Caspases"
"#35ad9f",,,"R-HSA-6803211","R-HSA-74160","#35ad9f","Gene expression (Transcription)","false","R-HSA-6803211"
"#34b331","0.0","Constitutive Signaling by EGFRvIII","Constitutive Signaling by EGFRvIII","R-HSA-1643685","#34b331","Disease","false","Constitutive Signaling by EGFRvIII"
"#34b331","0.0","Constitutive Signaling by Ligand-Responsive EGFR Cancer Variants","Constitutive Signaling by Ligand-Responsive EGFR Cancer Variants","R-HSA-1643685","#34b331","Disease","false","Constitutive Signaling by Ligand-Responsive EGFR Cancer Variants"
"#34b331","0.0","Inhibition of Signaling by Overexpressed EGFR","Inhibition of Signaling by Overexpressed EGFR","R-HSA-1643685","#34b331","Disease","false","Inhibition of Signaling by Overexpressed EGFR"
"#3ba5e3","0.10526315789473684","Fructose metabolism","Fructose metabolism","R-HSA-1430728","#3ba5e3","Metabolism","false","Fructose metabolism"
"#3ba5e3","0.0","Fructose biosynthesis","Fructose biosynthesis","R-HSA-1430728","#3ba5e3","Metabolism","false","Fructose biosynthesis"
"#3ba5e3","0.07692307692307693","Fructose catabolism","Fructose catabolism","R-HSA-1430728","#3ba5e3","Metabolism","false","Fructose catabolism"
"#34b082","0.07462686567164178","Vesicle-mediated transport","Vesicle-mediated transport","R-HSA-5653656","#34b082","Vesicle-mediated transport","false","Vesicle-mediated transport"
"#c77df4","0.0","Downstream signaling of activated FGFR1","Downstream signaling of activated FGFR1","R-HSA-162582","#c77df4","Signal Transduction","false","Downstream signaling of activated FGFR1"
"#c77df4","0.0","Phospholipase C-mediated cascade: FGFR1","Phospholipase C-mediated cascade: FGFR1","R-HSA-162582","#c77df4","Signal Transduction","false","Phospholipase C-mediated cascade: FGFR1"
"#c77df4","0.0","SHC-mediated cascade:FGFR1","SHC-mediated cascade:FGFR1","R-HSA-162582","#c77df4","Signal Transduction","false","SHC-mediated cascade:FGFR1"
"#c77df4","0.0","PI-3K cascade:FGFR1","PI-3K cascade:FGFR1","R-HSA-162582","#c77df4","Signal Transduction","false","PI-3K cascade:FGFR1"
"#c77df4","0.0","FRS-mediated FGFR1 signaling","FRS-mediated FGFR1 signaling","R-HSA-162582","#c77df4","Signal Transduction","false","FRS-mediated FGFR1 signaling"
"#c77df4","0.0","Downstream signaling of activated FGFR2","Downstream signaling of activated FGFR2","R-HSA-162582","#c77df4","Signal Transduction","false","Downstream signaling of activated FGFR2"
"#c77df4","0.0","Phospholipase C-mediated cascade; FGFR2","Phospholipase C-mediated cascade; FGFR2","R-HSA-162582","#c77df4","Signal Transduction","false","Phospholipase C-mediated cascade; FGFR2"
"#c77df4","0.0","PI-3K cascade:FGFR2","PI-3K cascade:FGFR2","R-HSA-162582","#c77df4","Signal Transduction","false","PI-3K cascade:FGFR2"
"#c77df4","0.0","SHC-mediated cascade:FGFR2","SHC-mediated cascade:FGFR2","R-HSA-162582","#c77df4","Signal Transduction","false","SHC-mediated cascade:FGFR2"
"#c77df4","0.0","FRS-mediated FGFR2 signaling","FRS-mediated FGFR2 signaling","R-HSA-162582","#c77df4","Signal Transduction","false","FRS-mediated FGFR2 signaling"
"#c77df4","0.0","Downstream signaling of activated FGFR3","Downstream signaling of activated FGFR3","R-HSA-162582","#c77df4","Signal Transduction","false","Downstream signaling of activated FGFR3"
"#c77df4","0.0","Phospholipase C-mediated cascade; FGFR3","Phospholipase C-mediated cascade; FGFR3","R-HSA-162582","#c77df4","Signal Transduction","false","Phospholipase C-mediated cascade; FGFR3"
"#c77df4","0.0","SHC-mediated cascade:FGFR3","SHC-mediated cascade:FGFR3","R-HSA-162582","#c77df4","Signal Transduction","false","SHC-mediated cascade:FGFR3"
"#c77df4","0.0","FRS-mediated FGFR3 signaling","FRS-mediated FGFR3 signaling","R-HSA-162582","#c77df4","Signal Transduction","false","FRS-mediated FGFR3 signaling"
"#c77df4","0.0","PI-3K cascade:FGFR3","PI-3K cascade:FGFR3","R-HSA-162582","#c77df4","Signal Transduction","false","PI-3K cascade:FGFR3"
"#c77df4","0.0","Downstream signaling of activated FGFR4","Downstream signaling of activated FGFR4","R-HSA-162582","#c77df4","Signal Transduction","false","Downstream signaling of activated FGFR4"
"#c77df4","0.0","Phospholipase C-mediated cascade; FGFR4","Phospholipase C-mediated cascade; FGFR4","R-HSA-162582","#c77df4","Signal Transduction","false","Phospholipase C-mediated cascade; FGFR4"
"#c77df4","0.0","FRS-mediated FGFR4 signaling","FRS-mediated FGFR4 signaling","R-HSA-162582","#c77df4","Signal Transduction","false","FRS-mediated FGFR4 signaling"
"#c77df4","0.0","SHC-mediated cascade:FGFR4","SHC-mediated cascade:FGFR4","R-HSA-162582","#c77df4","Signal Transduction","false","SHC-mediated cascade:FGFR4"
"#c77df4","0.0","PI-3K cascade:FGFR4","PI-3K cascade:FGFR4","R-HSA-162582","#c77df4","Signal Transduction","false","PI-3K cascade:FGFR4"
"#c77df4","0.0","Negative regulation of FGFR1 signaling","Negative regulation of FGFR1 signaling","R-HSA-162582","#c77df4","Signal Transduction","false","Negative regulation of FGFR1 signaling"
"#c77df4","0.0","Spry regulation of FGF signaling","Spry regulation of FGF signaling","R-HSA-162582","#c77df4","Signal Transduction","false","Spry regulation of FGF signaling"
"#c77df4","0.0","Negative regulation of FGFR2 signaling","Negative regulation of FGFR2 signaling","R-HSA-162582","#c77df4","Signal Transduction","false","Negative regulation of FGFR2 signaling"
"#c77df4","0.0","Negative regulation of FGFR3 signaling","Negative regulation of FGFR3 signaling","R-HSA-162582","#c77df4","Signal Transduction","false","Negative regulation of FGFR3 signaling"
"#c77df4","0.0","Negative regulation of FGFR4 signaling","Negative regulation of FGFR4 signaling","R-HSA-162582","#c77df4","Signal Transduction","false","Negative regulation of FGFR4 signaling"
"#c77df4",,"FGFRL1 modulation of FGFR1 signaling","FGFRL1 modulation of FGFR1 signaling","R-HSA-162582","#c77df4","Signal Transduction","false","FGFRL1 modulation of FGFR1 signaling"
"#c77df4",,"FGFR2 alternative splicing","FGFR2 alternative splicing","R-HSA-162582","#c77df4","Signal Transduction","false","FGFR2 alternative splicing"
"#34b331","0.0","FGFR4 mutant receptor activation","FGFR4 mutant receptor activation","R-HSA-1643685","#34b331","Disease","false","FGFR4 mutant receptor activation"
"#38aac0","0.0","Response to metal ions","Response to metal ions","R-HSA-8953897","#38aac0","Cellular responses to stimuli","false","Response to metal ions"
"#38aac0",,"MTF1 activates gene expression","MTF1 activates gene expression","R-HSA-8953897","#38aac0","Cellular responses to stimuli","false","MTF1 activates gene expression"
"#38aac0","0.0","Metallothioneins bind metals","Metallothioneins bind metals","R-HSA-8953897","#38aac0","Cellular responses to stimuli","false","Metallothioneins bind metals"
"#34b331","0.044444444444444446","Diseases of carbohydrate metabolism","Diseases of carbohydrate metabolism","R-HSA-1643685","#34b331","Disease","false","Diseases of carbohydrate metabolism"
"#34b331",,"Hereditary fructose intolerance","Hereditary fructose intolerance","R-HSA-1643685","#34b331","Disease","false","Hereditary fructose intolerance"
"#34b331","0.0","Essential fructosuria","Essential fructosuria","R-HSA-1643685","#34b331","Disease","false","Essential fructosuria"
"#34b331","0.25","Intestinal saccharidase deficiencies","Intestinal saccharidase deficiencies","R-HSA-1643685","#34b331","Disease","false","Intestinal saccharidase deficiencies"
"#34b331","0.0","Essential pentosuria","Essential pentosuria","R-HSA-1643685","#34b331","Disease","false","Essential pentosuria"
"#34b331","0.0","Pentose phosphate pathway disease","Pentose phosphate pathway disease","R-HSA-1643685","#34b331","Disease","false","Pentose phosphate pathway disease"
"#34b331","0.0","Oncogenic MAPK signaling","Oncogenic MAPK signaling","R-HSA-1643685","#34b331","Disease","false","Oncogenic MAPK signaling"
"#34b331","0.0","Signaling by KIT in disease","Signaling by KIT in disease","R-HSA-1643685","#34b331","Disease","false","Signaling by KIT in disease"
"#34b331","0.0","Signaling by PDGFR in disease","Signaling by PDGFR in disease","R-HSA-1643685","#34b331","Disease","false","Signaling by PDGFR in disease"
"#34b331","0.0","FLT3 signaling in disease","FLT3 signaling in disease","R-HSA-1643685","#34b331","Disease","false","FLT3 signaling in disease"
"#34b331","0.0","Signaling by ALK in cancer","Signaling by ALK in cancer","R-HSA-1643685","#34b331","Disease","false","Signaling by ALK in cancer"
"#34b331","0.0","Signaling by LTK in cancer","Signaling by LTK in cancer","R-HSA-1643685","#34b331","Disease","false","Signaling by LTK in cancer"
"#34b331","0.03389830508474576","Bacterial Infection Pathways","Bacterial Infection Pathways","R-HSA-1643685","#34b331","Disease","false","Bacterial Infection Pathways"
"#34b331","0.047619047619047616","Parasitic Infection Pathways","Parasitic Infection Pathways","R-HSA-1643685","#34b331","Disease","false","Parasitic Infection Pathways"
"#34b331","0.023076923076923078","Viral Infection Pathways","Viral Infection Pathways","R-HSA-1643685","#34b331","Disease","false","Viral Infection Pathways"
"#37abb4",,,"R-HSA-5669034","R-HSA-168256","#37abb4","Immune System","false","R-HSA-5669034"
"#37abb4","0.0","NIK-->noncanonical NF-kB signaling","NIK-->noncanonical NF-kB signaling","R-HSA-168256","#37abb4","Immune System","false","NIK-->noncanonical NF-kB signaling"
"#37abb4",,,"R-HSA-5676594","R-HSA-168256","#37abb4","Immune System","false","R-HSA-5676594"
"#34b331","0.0","Phenylketonuria","Phenylketonuria","R-HSA-1643685","#34b331","Disease","false","Phenylketonuria"
"#34b331","0.0","Abnormal conversion of 2-oxoglutarate to 2-hydroxyglutarate","Abnormal conversion of 2-oxoglutarate to 2-hydroxyglutarate","R-HSA-1643685","#34b331","Disease","false","Abnormal conversion of 2-oxoglutarate to 2-hydroxyglutarate"
"#34b331",,,"R-HSA-5579031","R-HSA-1643685","#34b331","Disease","false","R-HSA-5579031"
"#34b331","0.0","Diseases associated with surfactant metabolism","Diseases associated with surfactant metabolism","R-HSA-1643685","#34b331","Disease","false","Diseases associated with surfactant metabolism"
"#34b331","0.6363636363636364","Diseases of nucleotide metabolism","Diseases of nucleotide metabolism","R-HSA-1643685","#34b331","Disease","false","Diseases of nucleotide metabolism"
"#34b331","0.0","Diseases of mitochondrial beta oxidation","Diseases of mitochondrial beta oxidation","R-HSA-1643685","#34b331","Disease","false","Diseases of mitochondrial beta oxidation"
"#c77df4","0.0","RAF/MAP kinase cascade","RAF/MAP kinase cascade","R-HSA-162582","#c77df4","Signal Transduction","false","RAF/MAP kinase cascade"
"#c77df4","0.0","Regulation of RAS by GAPs","Regulation of RAS by GAPs","R-HSA-162582","#c77df4","Signal Transduction","false","Regulation of RAS by GAPs"
"#c77df4","0.0","RAF activation","RAF activation","R-HSA-162582","#c77df4","Signal Transduction","false","RAF activation"
"#c77df4","0.0","MAP2K and MAPK activation","MAP2K and MAPK activation","R-HSA-162582","#c77df4","Signal Transduction","false","MAP2K and MAPK activation"
"#c77df4","0.0","Negative regulation of MAPK pathway","Negative regulation of MAPK pathway","R-HSA-162582","#c77df4","Signal Transduction","false","Negative regulation of MAPK pathway"
"#c77df4","0.0","RAS processing","RAS processing","R-HSA-162582","#c77df4","Signal Transduction","false","RAS processing"
"#c77df4","0.0","Negative feedback regulation of MAPK pathway","Negative feedback regulation of MAPK pathway","R-HSA-162582","#c77df4","Signal Transduction","false","Negative feedback regulation of MAPK pathway"
"#f77467",,,"R-HSA-5218900","R-HSA-5357801","#f77467","Programmed Cell Death","false","R-HSA-5218900"
"#c77df4","0.0","MAPK1/MAPK3 signaling","MAPK1/MAPK3 signaling","R-HSA-162582","#c77df4","Signal Transduction","false","MAPK1/MAPK3 signaling"
"#c77df4","0.0","MAPK6/MAPK4 signaling","MAPK6/MAPK4 signaling","R-HSA-162582","#c77df4","Signal Transduction","false","MAPK6/MAPK4 signaling"
"#e36bf4","0.0","HDR through Homologous Recombination (HRR)","HDR through Homologous Recombination (HRR)","R-HSA-73894","#e36bf4","DNA Repair","false","HDR through Homologous Recombination (HRR)"
"#e36bf4","0.0","Resolution of D-Loop Structures","Resolution of D-Loop Structures","R-HSA-73894","#e36bf4","DNA Repair","false","Resolution of D-Loop Structures"
"#e36bf4","0.0","Homologous DNA Pairing and Strand Exchange","Homologous DNA Pairing and Strand Exchange","R-HSA-73894","#e36bf4","DNA Repair","false","Homologous DNA Pairing and Strand Exchange"
"#34b331",,"Defective SLC34A2 causes PALM","Defective SLC34A2 causes PALM","R-HSA-1643685","#34b331","Disease","false","Defective SLC34A2 causes PALM"
"#34b331",,,"R-HSA-5687868","R-HSA-1643685","#34b331","Disease","false","R-HSA-5687868"
"#34b331",,,"R-HSA-5688031","R-HSA-1643685","#34b331","Disease","false","R-HSA-5688031"
"#34b331",,,"R-HSA-5688354","R-HSA-1643685","#34b331","Disease","false","R-HSA-5688354"
"#34b331","0.0","Defective ABCA3 causes SMDP3","Defective ABCA3 causes SMDP3","R-HSA-1643685","#34b331","Disease","false","Defective ABCA3 causes SMDP3"
"#34b331",,,"R-HSA-5688849","R-HSA-1643685","#34b331","Disease","false","R-HSA-5688849"
"#34b331",,,"R-HSA-5688890","R-HSA-1643685","#34b331","Disease","false","R-HSA-5688890"
"#35ae92","0.0","Deubiquitination","Deubiquitination","R-HSA-392499","#35ae92","Metabolism of proteins","false","Deubiquitination"
"#35ae92","0.0","UCH proteinases","UCH proteinases","R-HSA-392499","#35ae92","Metabolism of proteins","false","UCH proteinases"
"#35ae92",,"Josephin domain DUBs","Josephin domain DUBs","R-HSA-392499","#35ae92","Metabolism of proteins","false","Josephin domain DUBs"
"#35ae92",,"Ub-specific processing proteases","Ub-specific processing proteases","R-HSA-392499","#35ae92","Metabolism of proteins","false","Ub-specific processing proteases"
"#35ae92","0.0","Ovarian tumor domain proteases","Ovarian tumor domain proteases","R-HSA-392499","#35ae92","Metabolism of proteins","false","Ovarian tumor domain proteases"
"#35ae92",,"Metalloprotease DUBs","Metalloprotease DUBs","R-HSA-392499","#35ae92","Metabolism of proteins","false","Metalloprotease DUBs"
"#e36bf4","0.05263157894736842","DNA Double-Strand Break Repair","DNA Double-Strand Break Repair","R-HSA-73894","#e36bf4","DNA Repair","false","DNA Double-Strand Break Repair"
"#e36bf4","0.09090909090909091","Homology Directed Repair","Homology Directed Repair","R-HSA-73894","#e36bf4","DNA Repair","false","Homology Directed Repair"
"#e36bf4","0.0","Nonhomologous End-Joining (NHEJ)","Nonhomologous End-Joining (NHEJ)","R-HSA-73894","#e36bf4","DNA Repair","false","Nonhomologous End-Joining (NHEJ)"
"#e36bf4","0.0","DNA Double Strand Break Response","DNA Double Strand Break Response","R-HSA-73894","#e36bf4","DNA Repair","false","DNA Double Strand Break Response"
"#e36bf4","0.0","Resolution of D-loop Structures through Synthesis-Dependent Strand Annealing (SDSA)","Resolution of D-loop Structures through Synthesis-Dependent Strand Annealing (SDSA)","R-HSA-73894","#e36bf4","DNA Repair","false","Resolution of D-loop Structures through Synthesis-Dependent Strand Annealing (SDSA)"
"#e36bf4","0.0","Resolution of D-loop Structures through Holliday Junction Intermediates","Resolution of D-loop Structures through Holliday Junction Intermediates","R-HSA-73894","#e36bf4","DNA Repair","false","Resolution of D-loop Structures through Holliday Junction Intermediates"
"#e36bf4","0.25","HDR through MMEJ (alt-NHEJ)","HDR through MMEJ (alt-NHEJ)","R-HSA-73894","#e36bf4","DNA Repair","false","HDR through MMEJ (alt-NHEJ)"
"#e36bf4","0.09090909090909091","HDR through Homologous Recombination (HRR) or Single Strand Annealing (SSA)","HDR through Homologous Recombination (HRR) or Single Strand Annealing (SSA)","R-HSA-73894","#e36bf4","DNA Repair","false","HDR through Homologous Recombination (HRR) or Single Strand Annealing (SSA)"
"#e36bf4","0.0","HDR through Single Strand Annealing (SSA)","HDR through Single Strand Annealing (SSA)","R-HSA-73894","#e36bf4","DNA Repair","false","HDR through Single Strand Annealing (SSA)"
"#e36bf4","0.125","Processing of DNA double-strand break ends","Processing of DNA double-strand break ends","R-HSA-73894","#e36bf4","DNA Repair","false","Processing of DNA double-strand break ends"
"#e36bf4","0.0","Presynaptic phase of homologous DNA pairing and strand exchange","Presynaptic phase of homologous DNA pairing and strand exchange","R-HSA-73894","#e36bf4","DNA Repair","false","Presynaptic phase of homologous DNA pairing and strand exchange"
"#e36bf4","0.0","Sensing of DNA Double Strand Breaks","Sensing of DNA Double Strand Breaks","R-HSA-73894","#e36bf4","DNA Repair","false","Sensing of DNA Double Strand Breaks"
"#e36bf4","0.0","Recruitment and ATM-mediated phosphorylation of repair and signaling proteins at DNA double strand breaks","Recruitment and ATM-mediated phosphorylation of repair and signaling proteins at DNA double strand breaks","R-HSA-73894","#e36bf4","DNA Repair","false","Recruitment and ATM-mediated phosphorylation of repair and signaling proteins at DNA double strand breaks"
"#e36bf4","0.1","Nucleotide Excision Repair","Nucleotide Excision Repair","R-HSA-73894","#e36bf4","DNA Repair","false","Nucleotide Excision Repair"
"#e36bf4","0.125","Global Genome Nucleotide Excision Repair (GG-NER)","Global Genome Nucleotide Excision Repair (GG-NER)","R-HSA-73894","#e36bf4","DNA Repair","false","Global Genome Nucleotide Excision Repair (GG-NER)"
"#e36bf4","0.0","Transcription-Coupled Nucleotide Excision Repair (TC-NER)","Transcription-Coupled Nucleotide Excision Repair (TC-NER)","R-HSA-73894","#e36bf4","DNA Repair","false","Transcription-Coupled Nucleotide Excision Repair (TC-NER)"
"#e36bf4","0.5","DNA Damage Recognition in GG-NER","DNA Damage Recognition in GG-NER","R-HSA-73894","#e36bf4","DNA Repair","false","DNA Damage Recognition in GG-NER"
"#e36bf4","0.0","Formation of Incision Complex in GG-NER","Formation of Incision Complex in GG-NER","R-HSA-73894","#e36bf4","DNA Repair","false","Formation of Incision Complex in GG-NER"
"#e36bf4","0.0","Gap-filling DNA repair synthesis and ligation in GG-NER","Gap-filling DNA repair synthesis and ligation in GG-NER","R-HSA-73894","#e36bf4","DNA Repair","false","Gap-filling DNA repair synthesis and ligation in GG-NER"
"#e36bf4",,"Dual Incision in GG-NER","Dual Incision in GG-NER","R-HSA-73894","#e36bf4","DNA Repair","false","Dual Incision in GG-NER"
"#35ae92","0.0","Protein ubiquitination","Protein ubiquitination","R-HSA-392499","#35ae92","Metabolism of proteins","false","Protein ubiquitination"
"#35ae92","0.0","RAB geranylgeranylation","RAB geranylgeranylation","R-HSA-392499","#35ae92","Metabolism of proteins","false","RAB geranylgeranylation"
"#35ae92","0.0","Protein methylation","Protein methylation","R-HSA-392499","#35ae92","Metabolism of proteins","false","Protein methylation"
"#35ae92","0.0","Neddylation","Neddylation","R-HSA-392499","#35ae92","Metabolism of proteins","false","Neddylation"
"#35ae92","0.0","Carboxyterminal post-translational modifications of tubulin","Carboxyterminal post-translational modifications of tubulin","R-HSA-392499","#35ae92","Metabolism of proteins","false","Carboxyterminal post-translational modifications of tubulin"
"#35ae92","0.0","Post-translational protein phosphorylation","Post-translational protein phosphorylation","R-HSA-392499","#35ae92","Metabolism of proteins","false","Post-translational protein phosphorylation"
"#35ae92","0.0","Protein lipoylation","Protein lipoylation","R-HSA-392499","#35ae92","Metabolism of proteins","false","Protein lipoylation"
"#3ba5e3","0.0","Complex I biogenesis","Complex I biogenesis","R-HSA-1430728","#3ba5e3","Metabolism","false","Complex I biogenesis"
"#3ba5e3","0.0","Malate-aspartate shuttle","Malate-aspartate shuttle","R-HSA-1430728","#3ba5e3","Metabolism","false","Malate-aspartate shuttle"
"#3ba5e3","0.0","Complex IV assembly","Complex IV assembly","R-HSA-1430728","#3ba5e3","Metabolism","false","Complex IV assembly"
"#3ba5e3","0.0","Complex III assembly","Complex III assembly","R-HSA-1430728","#3ba5e3","Metabolism","false","Complex III assembly"
"#37abb4","0.0","The NLRP1 inflammasome","The NLRP1 inflammasome","R-HSA-168256","#37abb4","Immune System","false","The NLRP1 inflammasome"
"#37abb4","0.0","The NLRP3 inflammasome","The NLRP3 inflammasome","R-HSA-168256","#37abb4","Immune System","false","The NLRP3 inflammasome"
"#37abb4","0.0","The AIM2 inflammasome","The AIM2 inflammasome","R-HSA-168256","#37abb4","Immune System","false","The AIM2 inflammasome"
"#37abb4",,,"R-HSA-844623","R-HSA-168256","#37abb4","Immune System","false","R-HSA-844623"
"#36aca9",,"Highly sodium permeable postsynaptic acetylcholine nicotinic receptors","Highly sodium permeable postsynaptic acetylcholine nicotinic receptors","R-HSA-112316","#36aca9","Neuronal System","false","Highly sodium permeable postsynaptic acetylcholine nicotinic receptors"
"#36aca9","0.0","Highly calcium permeable nicotinic acetylcholine receptors","Highly calcium permeable nicotinic acetylcholine receptors","R-HSA-112316","#36aca9","Neuronal System","false","Highly calcium permeable nicotinic acetylcholine receptors"
"#36aca9","0.0","Highly calcium permeable postsynaptic nicotinic acetylcholine receptors","Highly calcium permeable postsynaptic nicotinic acetylcholine receptors","R-HSA-112316","#36aca9","Neuronal System","false","Highly calcium permeable postsynaptic nicotinic acetylcholine receptors"
"#e36bf4","0.0","Formation of TC-NER Pre-Incision Complex","Formation of TC-NER Pre-Incision Complex","R-HSA-73894","#e36bf4","DNA Repair","false","Formation of TC-NER Pre-Incision Complex"
"#e36bf4","0.0","Dual incision in TC-NER","Dual incision in TC-NER","R-HSA-73894","#e36bf4","DNA Repair","false","Dual incision in TC-NER"
"#e36bf4","0.0","Gap-filling DNA repair synthesis and ligation in TC-NER","Gap-filling DNA repair synthesis and ligation in TC-NER","R-HSA-73894","#e36bf4","DNA Repair","false","Gap-filling DNA repair synthesis and ligation in TC-NER"
"#f565ce","0.0410958904109589","tRNA modification in the nucleus and cytosol","tRNA modification in the nucleus and cytosol","R-HSA-8953854","#f565ce","Metabolism of RNA","false","tRNA modification in the nucleus and cytosol"
"#f565ce","0.05263157894736842","Synthesis of wybutosine at G37 of tRNA(Phe)","Synthesis of wybutosine at G37 of tRNA(Phe)","R-HSA-8953854","#f565ce","Metabolism of RNA","false","Synthesis of wybutosine at G37 of tRNA(Phe)"
"#e36bf4","0.0","Fanconi Anemia Pathway","Fanconi Anemia Pathway","R-HSA-73894","#e36bf4","DNA Repair","false","Fanconi Anemia Pathway"
"#e36bf4","0.0","Drug-induced formation of DNA interstrand crosslinks","Drug-induced formation of DNA interstrand crosslinks","R-HSA-73894","#e36bf4","DNA Repair","false","Drug-induced formation of DNA interstrand crosslinks"
"#37abb4","0.0","Interleukin-6 signaling","Interleukin-6 signaling","R-HSA-168256","#37abb4","Immune System","false","Interleukin-6 signaling"
"#37abb4",,,"R-HSA-6788467","R-HSA-168256","#37abb4","Immune System","false","R-HSA-6788467"
"#35ad9f",,,"R-HSA-6804114","R-HSA-74160","#35ad9f","Gene expression (Transcription)","false","R-HSA-6804114"
"#35ad9f","0.0","TP53 regulates transcription of additional cell cycle genes whose exact role in the p53 pathway remain uncertain","TP53 regulates transcription of additional cell cycle genes whose exact role in the p53 pathway remain uncertain","R-HSA-74160","#35ad9f","Gene expression (Transcription)","false","TP53 regulates transcription of additional cell cycle genes whose exact role in the p53 pathway remain uncertain"
"#35ad9f",,,"R-HSA-6804116","R-HSA-74160","#35ad9f","Gene expression (Transcription)","false","R-HSA-6804116"
"#34b331",,"RPIA deficiency: failed conversion of R5P to RU5P","RPIA deficiency: failed conversion of R5P to RU5P","R-HSA-1643685","#34b331","Disease","false","RPIA deficiency: failed conversion of R5P to RU5P"
"#34b331","0.0","TALDO1 deficiency: failed conversion of SH7P, GA3P to Fru(6)P, E4P","TALDO1 deficiency: failed conversion of SH7P, GA3P to Fru(6)P, E4P","R-HSA-1643685","#34b331","Disease","false","TALDO1 deficiency: failed conversion of SH7P, GA3P to Fru(6)P, E4P"
"#34b331",,"RPIA deficiency: failed conversion of RU5P to R5P","RPIA deficiency: failed conversion of RU5P to R5P","R-HSA-1643685","#34b331","Disease","false","RPIA deficiency: failed conversion of RU5P to R5P"
"#34b331","0.0","TALDO1 deficiency: failed conversion of  Fru(6)P, E4P to SH7P, GA3P","TALDO1 deficiency: failed conversion of  Fru(6)P, E4P to SH7P, GA3P","R-HSA-1643685","#34b331","Disease","false","TALDO1 deficiency: failed conversion of  Fru(6)P, E4P to SH7P, GA3P"
"#36aca9",,,"R-HSA-388844","R-HSA-112316","#36aca9","Neuronal System","false","R-HSA-388844"
"#36aca9",,,"R-HSA-6794361","R-HSA-112316","#36aca9","Neuronal System","false","R-HSA-6794361"
"#36aca9","0.0","Synaptic adhesion-like molecules","Synaptic adhesion-like molecules","R-HSA-112316","#36aca9","Neuronal System","false","Synaptic adhesion-like molecules"
"#34b331","0.0","Signaling by RAS mutants","Signaling by RAS mutants","R-HSA-1643685","#34b331","Disease","false","Signaling by RAS mutants"
"#34b331",,"RAS GTPase cycle mutants","RAS GTPase cycle mutants","R-HSA-1643685","#34b331","Disease","false","RAS GTPase cycle mutants"
"#34b331","0.0","Signaling downstream of RAS mutants","Signaling downstream of RAS mutants","R-HSA-1643685","#34b331","Disease","false","Signaling downstream of RAS mutants"
"#34b331","0.0","Signaling by moderate kinase activity BRAF mutants","Signaling by moderate kinase activity BRAF mutants","R-HSA-1643685","#34b331","Disease","false","Signaling by moderate kinase activity BRAF mutants"
"#34b331","0.0","Signaling by high-kinase activity BRAF mutants","Signaling by high-kinase activity BRAF mutants","R-HSA-1643685","#34b331","Disease","false","Signaling by high-kinase activity BRAF mutants"
"#34b331","0.0","Signaling by BRAF and RAF1 fusions","Signaling by BRAF and RAF1 fusions","R-HSA-1643685","#34b331","Disease","false","Signaling by BRAF and RAF1 fusions"
"#34b331",,"RAS signaling downstream of NF1 loss-of-function variants","RAS signaling downstream of NF1 loss-of-function variants","R-HSA-1643685","#34b331","Disease","false","RAS signaling downstream of NF1 loss-of-function variants"
"#34b331","0.0","Paradoxical activation of RAF signaling by kinase inactive BRAF","Paradoxical activation of RAF signaling by kinase inactive BRAF","R-HSA-1643685","#34b331","Disease","false","Paradoxical activation of RAF signaling by kinase inactive BRAF"
"#34b331","0.0","Signaling by MAP2K mutants","Signaling by MAP2K mutants","R-HSA-1643685","#34b331","Disease","false","Signaling by MAP2K mutants"
"#34b331",,"Signaling by MAPK mutants","Signaling by MAPK mutants","R-HSA-1643685","#34b331","Disease","false","Signaling by MAPK mutants"
"#34b331","0.0","Signaling by RAF1 mutants","Signaling by RAF1 mutants","R-HSA-1643685","#34b331","Disease","false","Signaling by RAF1 mutants"
"#34b331","0.0","Signaling by MRAS-complex mutants","Signaling by MRAS-complex mutants","R-HSA-1643685","#34b331","Disease","false","Signaling by MRAS-complex mutants"
"#37abb4","0.0","Metal sequestration by antimicrobial proteins","Metal sequestration by antimicrobial proteins","R-HSA-168256","#37abb4","Immune System","false","Metal sequestration by antimicrobial proteins"
"#37abb4","0.0","Ion influx/efflux at host-pathogen interface","Ion influx/efflux at host-pathogen interface","R-HSA-168256","#37abb4","Immune System","false","Ion influx/efflux at host-pathogen interface"
"#35ad9f","0.0","PI5P Regulates TP53 Acetylation","PI5P Regulates TP53 Acetylation","R-HSA-74160","#35ad9f","Gene expression (Transcription)","false","PI5P Regulates TP53 Acetylation"
"#33b16a","0.0","Formation of the cornified envelope","Formation of the cornified envelope","R-HSA-1266738","#33b16a","Developmental Biology","false","Formation of the cornified envelope"
"#35ad9f",,,"R-HSA-6804754","R-HSA-74160","#35ad9f","Gene expression (Transcription)","false","R-HSA-6804754"
"#35ad9f","0.0","Regulation of TP53 Degradation","Regulation of TP53 Degradation","R-HSA-74160","#35ad9f","Gene expression (Transcription)","false","Regulation of TP53 Degradation"
"#3ba5e3","0.0","Metabolism of vitamin K","Metabolism of vitamin K","R-HSA-1430728","#3ba5e3","Metabolism","false","Metabolism of vitamin K"
"#3ba5e3",,"Vitamin E","Vitamin E","R-HSA-1430728","#3ba5e3","Metabolism","false","Vitamin E"
"#c77df4","0.0","Signaling by MET","Signaling by MET","R-HSA-162582","#c77df4","Signal Transduction","false","Signaling by MET"
"#c77df4","0.0","MET Receptor Activation","MET Receptor Activation","R-HSA-162582","#c77df4","Signal Transduction","false","MET Receptor Activation"
"#c77df4","0.0","Negative regulation of MET activity","Negative regulation of MET activity","R-HSA-162582","#c77df4","Signal Transduction","false","Negative regulation of MET activity"
"#c77df4","0.0","MET activates RAS signaling","MET activates RAS signaling","R-HSA-162582","#c77df4","Signal Transduction","false","MET activates RAS signaling"
"#c77df4","0.0","MET activates PI3K/AKT signaling","MET activates PI3K/AKT signaling","R-HSA-162582","#c77df4","Signal Transduction","false","MET activates PI3K/AKT signaling"
"#c77df4",,,"R-HSA-8865999","R-HSA-162582","#c77df4","Signal Transduction","false","R-HSA-8865999"
"#c77df4",,"MET receptor recycling","MET receptor recycling","R-HSA-162582","#c77df4","Signal Transduction","false","MET receptor recycling"
"#c77df4","0.0","MET activates STAT3","MET activates STAT3","R-HSA-162582","#c77df4","Signal Transduction","false","MET activates STAT3"
"#c77df4","0.0","MET promotes cell motility","MET promotes cell motility","R-HSA-162582","#c77df4","Signal Transduction","false","MET promotes cell motility"
"#c77df4",,,"R-HSA-9734091","R-HSA-162582","#c77df4","Signal Transduction","false","R-HSA-9734091"
"#c77df4",,,"R-HSA-8943723","R-HSA-162582","#c77df4","Signal Transduction","false","R-HSA-8943723"
"#c77df4","0.2","Regulation of PTEN gene transcription","Regulation of PTEN gene transcription","R-HSA-162582","#c77df4","Signal Transduction","false","Regulation of PTEN gene transcription"
"#c77df4",,"Regulation of PTEN localization","Regulation of PTEN localization","R-HSA-162582","#c77df4","Signal Transduction","false","Regulation of PTEN localization"
"#c77df4","0.0","Regulation of PTEN stability and activity","Regulation of PTEN stability and activity","R-HSA-162582","#c77df4","Signal Transduction","false","Regulation of PTEN stability and activity"
"#34b082","0.25","Intra-Golgi traffic","Intra-Golgi traffic","R-HSA-5653656","#34b082","Vesicle-mediated transport","false","Intra-Golgi traffic"
"#34b082","0.0","Retrograde transport at the Trans-Golgi-Network","Retrograde transport at the Trans-Golgi-Network","R-HSA-5653656","#34b082","Vesicle-mediated transport","false","Retrograde transport at the Trans-Golgi-Network"
"#34b082","0.0","Golgi-to-ER retrograde transport","Golgi-to-ER retrograde transport","R-HSA-5653656","#34b082","Vesicle-mediated transport","false","Golgi-to-ER retrograde transport"
"#da8a32","0.0","Assembly of the pre-replicative complex","Assembly of the pre-replicative complex","R-HSA-69306","#da8a32","DNA Replication","false","Assembly of the pre-replicative complex"
"#da8a32","0.0","Assembly of the ORC complex at the origin of replication","Assembly of the ORC complex at the origin of replication","R-HSA-69306","#da8a32","DNA Replication","false","Assembly of the ORC complex at the origin of replication"
"#da8a32",,"CDC6 association with the ORC:origin complex","CDC6 association with the ORC:origin complex","R-HSA-69306","#da8a32","DNA Replication","false","CDC6 association with the ORC:origin complex"
"#f17b32","0.0","Mitotic Prophase","Mitotic Prophase","R-HSA-1640170","#f17b32","Cell Cycle","false","Mitotic Prophase"
"#f17b32","0.0","Golgi Cisternae Pericentriolar Stack Reorganization","Golgi Cisternae Pericentriolar Stack Reorganization","R-HSA-1640170","#f17b32","Cell Cycle","false","Golgi Cisternae Pericentriolar Stack Reorganization"
"#f17b32","0.0","Condensation of Prophase Chromosomes","Condensation of Prophase Chromosomes","R-HSA-1640170","#f17b32","Cell Cycle","false","Condensation of Prophase Chromosomes"
"#f17b32","0.0","MASTL Facilitates Mitotic Progression","MASTL Facilitates Mitotic Progression","R-HSA-1640170","#f17b32","Cell Cycle","false","MASTL Facilitates Mitotic Progression"
"#f17b32","0.0","Mitotic Prometaphase","Mitotic Prometaphase","R-HSA-1640170","#f17b32","Cell Cycle","false","Mitotic Prometaphase"
"#f17b32","0.0","Resolution of Sister Chromatid Cohesion","Resolution of Sister Chromatid Cohesion","R-HSA-1640170","#f17b32","Cell Cycle","false","Resolution of Sister Chromatid Cohesion"
"#f17b32","0.0","Condensation of Prometaphase Chromosomes","Condensation of Prometaphase Chromosomes","R-HSA-1640170","#f17b32","Cell Cycle","false","Condensation of Prometaphase Chromosomes"
"#f17b32","0.0","Recruitment of NuMA to mitotic centrosomes","Recruitment of NuMA to mitotic centrosomes","R-HSA-1640170","#f17b32","Cell Cycle","false","Recruitment of NuMA to mitotic centrosomes"
"#f17b32","0.0","EML4 and NUDC in mitotic spindle formation","EML4 and NUDC in mitotic spindle formation","R-HSA-1640170","#f17b32","Cell Cycle","false","EML4 and NUDC in mitotic spindle formation"
"#f17b32","0.0","Separation of Sister Chromatids","Separation of Sister Chromatids","R-HSA-1640170","#f17b32","Cell Cycle","false","Separation of Sister Chromatids"
"#f17b32","0.0","Mitotic Telophase/Cytokinesis","Mitotic Telophase/Cytokinesis","R-HSA-1640170","#f17b32","Cell Cycle","false","Mitotic Telophase/Cytokinesis"
"#f17b32",,"Cohesin Loading onto Chromatin","Cohesin Loading onto Chromatin","R-HSA-1640170","#f17b32","Cell Cycle","false","Cohesin Loading onto Chromatin"
"#f17b32","0.05","M Phase","M Phase","R-HSA-1640170","#f17b32","Cell Cycle","false","M Phase"
"#da8a32","0.0","DNA Replication Pre-Initiation","DNA Replication Pre-Initiation","R-HSA-69306","#da8a32","DNA Replication","false","DNA Replication Pre-Initiation"
"#da8a32","0.0","Activation of the pre-replicative complex","Activation of the pre-replicative complex","R-HSA-69306","#da8a32","DNA Replication","false","Activation of the pre-replicative complex"
"#f17b32","0.0","Switching of origins to a post-replicative state","Switching of origins to a post-replicative state","R-HSA-1640170","#f17b32","Cell Cycle","false","Switching of origins to a post-replicative state"
"#f17b32","0.0","Orc1 removal from chromatin","Orc1 removal from chromatin","R-HSA-1640170","#f17b32","Cell Cycle","false","Orc1 removal from chromatin"
"#f17b32","0.0","CDK-mediated phosphorylation and removal of Cdc6","CDK-mediated phosphorylation and removal of Cdc6","R-HSA-1640170","#f17b32","Cell Cycle","false","CDK-mediated phosphorylation and removal of Cdc6"
"#f17b32","0.0","Leading Strand Synthesis","Leading Strand Synthesis","R-HSA-1640170","#f17b32","Cell Cycle","false","Leading Strand Synthesis"
"#f17b32","0.0","Polymerase switching","Polymerase switching","R-HSA-1640170","#f17b32","Cell Cycle","false","Polymerase switching"
"#f17b32","0.0","Processive synthesis on the lagging strand","Processive synthesis on the lagging strand","R-HSA-1640170","#f17b32","Cell Cycle","false","Processive synthesis on the lagging strand"
"#f17b32","0.0","Removal of the Flap Intermediate","Removal of the Flap Intermediate","R-HSA-1640170","#f17b32","Cell Cycle","false","Removal of the Flap Intermediate"
"#f17b32","0.0","Lagging Strand Synthesis","Lagging Strand Synthesis","R-HSA-1640170","#f17b32","Cell Cycle","false","Lagging Strand Synthesis"
"#f17b32","0.0","DNA strand elongation","DNA strand elongation","R-HSA-1640170","#f17b32","Cell Cycle","false","DNA strand elongation"
"#f17b32",,"Unwinding of DNA","Unwinding of DNA","R-HSA-1640170","#f17b32","Cell Cycle","false","Unwinding of DNA"
"#f17b32","0.0","Cyclin E associated events during G1/S transition","Cyclin E associated events during G1/S transition","R-HSA-1640170","#f17b32","Cell Cycle","false","Cyclin E associated events during G1/S transition"
"#f17b32","0.0","SCF(Skp2)-mediated degradation of p27/p21","SCF(Skp2)-mediated degradation of p27/p21","R-HSA-1640170","#f17b32","Cell Cycle","false","SCF(Skp2)-mediated degradation of p27/p21"
"#f17b32","0.0","Phosphorylation of proteins involved in G1/S transition by active Cyclin E:Cdk2 complexes","Phosphorylation of proteins involved in G1/S transition by active Cyclin E:Cdk2 complexes","R-HSA-1640170","#f17b32","Cell Cycle","false","Phosphorylation of proteins involved in G1/S transition by active Cyclin E:Cdk2 complexes"
"#f17b32",,,"R-HSA-69205","R-HSA-1640170","#f17b32","Cell Cycle","false","R-HSA-69205"
"#f17b32","0.0","Cyclin D associated events in G1","Cyclin D associated events in G1","R-HSA-1640170","#f17b32","Cell Cycle","false","Cyclin D associated events in G1"
"#f17b32",,,"R-HSA-9754119","R-HSA-1640170","#f17b32","Cell Cycle","false","R-HSA-9754119"
"#f17b32","0.0","Synthesis of DNA","Synthesis of DNA","R-HSA-1640170","#f17b32","Cell Cycle","false","Synthesis of DNA"
"#f17b32","0.0","DNA replication initiation","DNA replication initiation","R-HSA-1640170","#f17b32","Cell Cycle","false","DNA replication initiation"
"#f17b32","0.0","S Phase","S Phase","R-HSA-1640170","#f17b32","Cell Cycle","false","S Phase"
"#f17b32","0.0","Establishment of Sister Chromatid Cohesion","Establishment of Sister Chromatid Cohesion","R-HSA-1640170","#f17b32","Cell Cycle","false","Establishment of Sister Chromatid Cohesion"
"#f17b32","0.0","Cyclin A:Cdk2-associated events at S phase entry","Cyclin A:Cdk2-associated events at S phase entry","R-HSA-1640170","#f17b32","Cell Cycle","false","Cyclin A:Cdk2-associated events at S phase entry"
"#f17b32","0.0","Ubiquitin-dependent degradation of Cyclin D","Ubiquitin-dependent degradation of Cyclin D","R-HSA-1640170","#f17b32","Cell Cycle","false","Ubiquitin-dependent degradation of Cyclin D"
"#f17b32","0.0","Cyclin A/B1/B2 associated events during G2/M transition","Cyclin A/B1/B2 associated events during G2/M transition","R-HSA-1640170","#f17b32","Cell Cycle","false","Cyclin A/B1/B2 associated events during G2/M transition"
"#f17b32","0.0","Phosphorylation of proteins involved in the G2/M transition by Cyclin A:Cdc2 complexes","Phosphorylation of proteins involved in the G2/M transition by Cyclin A:Cdc2 complexes","R-HSA-1640170","#f17b32","Cell Cycle","false","Phosphorylation of proteins involved in the G2/M transition by Cyclin A:Cdc2 complexes"
"#f17b32","0.0","Polo-like kinase mediated events","Polo-like kinase mediated events","R-HSA-1640170","#f17b32","Cell Cycle","false","Polo-like kinase mediated events"
"#f17b32","0.0","Regulation of PLK1 Activity at G2/M Transition","Regulation of PLK1 Activity at G2/M Transition","R-HSA-1640170","#f17b32","Cell Cycle","false","Regulation of PLK1 Activity at G2/M Transition"
"#f17b32","0.0","The role of GTSE1 in G2/M progression after G2 checkpoint","The role of GTSE1 in G2/M progression after G2 checkpoint","R-HSA-1640170","#f17b32","Cell Cycle","false","The role of GTSE1 in G2/M progression after G2 checkpoint"
"#f17b32",,,"R-HSA-8854050","R-HSA-1640170","#f17b32","Cell Cycle","false","R-HSA-8854050"
"#f17b32","0.0","AURKA Activation by TPX2","AURKA Activation by TPX2","R-HSA-1640170","#f17b32","Cell Cycle","false","AURKA Activation by TPX2"
"#f17b32","0.0","Interaction between PHLDA1 and AURKA","Interaction between PHLDA1 and AURKA","R-HSA-1640170","#f17b32","Cell Cycle","false","Interaction between PHLDA1 and AURKA"
"#da8a32","0.0","DNA Replication","DNA Replication","R-HSA-69306","#da8a32","DNA Replication","false","DNA Replication"
"#f17b32","0.0","G2/M DNA damage checkpoint","G2/M DNA damage checkpoint","R-HSA-1640170","#f17b32","Cell Cycle","false","G2/M DNA damage checkpoint"
"#f17b32","0.0","Chk1/Chk2(Cds1) mediated inactivation of Cyclin B:Cdk1 complex","Chk1/Chk2(Cds1) mediated inactivation of Cyclin B:Cdk1 complex","R-HSA-1640170","#f17b32","Cell Cycle","false","Chk1/Chk2(Cds1) mediated inactivation of Cyclin B:Cdk1 complex"
"#f17b32","0.0","G2/M Checkpoints","G2/M Checkpoints","R-HSA-1640170","#f17b32","Cell Cycle","false","G2/M Checkpoints"
"#f17b32","0.0","Activation of ATR in response to replication stress","Activation of ATR in response to replication stress","R-HSA-1640170","#f17b32","Cell Cycle","false","Activation of ATR in response to replication stress"
"#f17b32","0.0","G2/M DNA replication checkpoint","G2/M DNA replication checkpoint","R-HSA-1640170","#f17b32","Cell Cycle","false","G2/M DNA replication checkpoint"
"#f17b32","0.0","Stabilization of p53","Stabilization of p53","R-HSA-1640170","#f17b32","Cell Cycle","false","Stabilization of p53"
"#f17b32","0.0","Autodegradation of the E3 ubiquitin ligase COP1","Autodegradation of the E3 ubiquitin ligase COP1","R-HSA-1640170","#f17b32","Cell Cycle","false","Autodegradation of the E3 ubiquitin ligase COP1"
"#f17b32",,,"R-HSA-69560","R-HSA-1640170","#f17b32","Cell Cycle","false","R-HSA-69560"
"#f17b32",,,"R-HSA-69895","R-HSA-1640170","#f17b32","Cell Cycle","false","R-HSA-69895"
"#f17b32","0.0","p53-Dependent G1 DNA Damage Response","p53-Dependent G1 DNA Damage Response","R-HSA-1640170","#f17b32","Cell Cycle","false","p53-Dependent G1 DNA Damage Response"
"#f17b32","0.0","p53-Dependent G1/S DNA damage checkpoint","p53-Dependent G1/S DNA damage checkpoint","R-HSA-1640170","#f17b32","Cell Cycle","false","p53-Dependent G1/S DNA damage checkpoint"
"#f17b32","0.0","p53-Independent DNA Damage Response","p53-Independent DNA Damage Response","R-HSA-1640170","#f17b32","Cell Cycle","false","p53-Independent DNA Damage Response"
"#f17b32","0.0","Ubiquitin Mediated Degradation of Phosphorylated Cdc25A","Ubiquitin Mediated Degradation of Phosphorylated Cdc25A","R-HSA-1640170","#f17b32","Cell Cycle","false","Ubiquitin Mediated Degradation of Phosphorylated Cdc25A"
"#f17b32","0.0","p53-Independent G1/S DNA damage checkpoint","p53-Independent G1/S DNA damage checkpoint","R-HSA-1640170","#f17b32","Cell Cycle","false","p53-Independent G1/S DNA damage checkpoint"
"#f17b32","0.0","G1/S DNA Damage Checkpoints","G1/S DNA Damage Checkpoints","R-HSA-1640170","#f17b32","Cell Cycle","false","G1/S DNA Damage Checkpoints"
"#f17b32",,,"R-HSA-69618","R-HSA-1640170","#f17b32","Cell Cycle","false","R-HSA-69618"
"#3ba5e3","0.0","Glycolysis","Glycolysis","R-HSA-1430728","#3ba5e3","Metabolism","false","Glycolysis"
"#3ba5e3","0.0","Regulation of Glucokinase by Glucokinase Regulatory Protein","Regulation of Glucokinase by Glucokinase Regulatory Protein","R-HSA-1430728","#3ba5e3","Metabolism","false","Regulation of Glucokinase by Glucokinase Regulatory Protein"
"#3ba5e3","0.0","Regulation of glycolysis by fructose 2,6-bisphosphate metabolism","Regulation of glycolysis by fructose 2,6-bisphosphate metabolism","R-HSA-1430728","#3ba5e3","Metabolism","false","Regulation of glycolysis by fructose 2,6-bisphosphate metabolism"
"#3ba5e3","0.0","PDH complex synthesizes acetyl-CoA from PYR","PDH complex synthesizes acetyl-CoA from PYR","R-HSA-1430728","#3ba5e3","Metabolism","false","PDH complex synthesizes acetyl-CoA from PYR"
"#3ba5e3","0.1","Regulation of pyruvate metabolism","Regulation of pyruvate metabolism","R-HSA-1430728","#3ba5e3","Metabolism","false","Regulation of pyruvate metabolism"
"#3ba5e3","0.0","Glucose metabolism","Glucose metabolism","R-HSA-1430728","#3ba5e3","Metabolism","false","Glucose metabolism"
"#3ba5e3","0.0","Gluconeogenesis","Gluconeogenesis","R-HSA-1430728","#3ba5e3","Metabolism","false","Gluconeogenesis"
"#3ba5e3","0.05555555555555555","Branched-chain amino acid catabolism","Branched-chain amino acid catabolism","R-HSA-1430728","#3ba5e3","Metabolism","false","Branched-chain amino acid catabolism"
"#3ba5e3","0.0","BCKDH synthesizes BCAA-CoA from KIC, KMVA, KIV","BCKDH synthesizes BCAA-CoA from KIC, KMVA, KIV","R-HSA-1430728","#3ba5e3","Metabolism","false","BCKDH synthesizes BCAA-CoA from KIC, KMVA, KIV"
"#3ba5e3","0.0","Lysine catabolism","Lysine catabolism","R-HSA-1430728","#3ba5e3","Metabolism","false","Lysine catabolism"
"#3ba5e3","0.0","OADH complex synthesizes glutaryl-CoA from 2-OA","OADH complex synthesizes glutaryl-CoA from 2-OA","R-HSA-1430728","#3ba5e3","Metabolism","false","OADH complex synthesizes glutaryl-CoA from 2-OA"
"#3ba5e3","0.0","Melanin biosynthesis","Melanin biosynthesis","R-HSA-1430728","#3ba5e3","Metabolism","false","Melanin biosynthesis"
"#3ba5e3","0.14285714285714285","Choline catabolism","Choline catabolism","R-HSA-1430728","#3ba5e3","Metabolism","false","Choline catabolism"
"#3ba5e3","0.05263157894736842","Urea cycle","Urea cycle","R-HSA-1430728","#3ba5e3","Metabolism","false","Urea cycle"
"#3ba5e3","0.0","Proline catabolism","Proline catabolism","R-HSA-1430728","#3ba5e3","Metabolism","false","Proline catabolism"
"#3ba5e3","0.10526315789473684","Histidine catabolism","Histidine catabolism","R-HSA-1430728","#3ba5e3","Metabolism","false","Histidine catabolism"
"#3ba5e3","0.13333333333333333","Tryptophan catabolism","Tryptophan catabolism","R-HSA-1430728","#3ba5e3","Metabolism","false","Tryptophan catabolism"
"#3ba5e3","0.08333333333333333","Carnitine synthesis","Carnitine synthesis","R-HSA-1430728","#3ba5e3","Metabolism","false","Carnitine synthesis"
"#3ba5e3","0.25","Creatine metabolism","Creatine metabolism","R-HSA-1430728","#3ba5e3","Metabolism","false","Creatine metabolism"
"#3ba5e3","0.09090909090909091","Threonine catabolism","Threonine catabolism","R-HSA-1430728","#3ba5e3","Metabolism","false","Threonine catabolism"
"#3ba5e3","0.0","Phenylalanine and tyrosine metabolism","Phenylalanine and tyrosine metabolism","R-HSA-1430728","#3ba5e3","Metabolism","false","Phenylalanine and tyrosine metabolism"
"#3ba5e3","0.09090909090909091","Aspartate and asparagine metabolism","Aspartate and asparagine metabolism","R-HSA-1430728","#3ba5e3","Metabolism","false","Aspartate and asparagine metabolism"
"#3ba5e3","0.043478260869565216","Glutamate and glutamine metabolism","Glutamate and glutamine metabolism","R-HSA-1430728","#3ba5e3","Metabolism","false","Glutamate and glutamine metabolism"
"#3ba5e3","0.0","Alanine metabolism","Alanine metabolism","R-HSA-1430728","#3ba5e3","Metabolism","false","Alanine metabolism"
"#3ba5e3","0.07692307692307693","Serine biosynthesis","Serine biosynthesis","R-HSA-1430728","#3ba5e3","Metabolism","false","Serine biosynthesis"
"#3ba5e3","0.0","Pentose phosphate pathway","Pentose phosphate pathway","R-HSA-1430728","#3ba5e3","Metabolism","false","Pentose phosphate pathway"
"#3ba5e3","0.0","5-Phosphoribose 1-diphosphate biosynthesis","5-Phosphoribose 1-diphosphate biosynthesis","R-HSA-1430728","#3ba5e3","Metabolism","false","5-Phosphoribose 1-diphosphate biosynthesis"
"#3ba5e3","0.0","Lactose synthesis","Lactose synthesis","R-HSA-1430728","#3ba5e3","Metabolism","false","Lactose synthesis"
"#3ba5e3","0.06666666666666667","Formation of xylulose-5-phosphate","Formation of xylulose-5-phosphate","R-HSA-1430728","#3ba5e3","Metabolism","false","Formation of xylulose-5-phosphate"
"#3ba5e3","0.1111111111111111","Galactose catabolism","Galactose catabolism","R-HSA-1430728","#3ba5e3","Metabolism","false","Galactose catabolism"
"#3ba5e3","0.16666666666666666","Lysosomal oligosaccharide catabolism","Lysosomal oligosaccharide catabolism","R-HSA-1430728","#3ba5e3","Metabolism","false","Lysosomal oligosaccharide catabolism"
"#3ba5e3","0.0","Glycogen metabolism","Glycogen metabolism","R-HSA-1430728","#3ba5e3","Metabolism","false","Glycogen metabolism"
"#3ba5e3","0.0","Blood group systems biosynthesis","Blood group systems biosynthesis","R-HSA-1430728","#3ba5e3","Metabolism","false","Blood group systems biosynthesis"
"#3ba5e3","0.0","OGDH complex synthesizes succinyl-CoA from 2-OG","OGDH complex synthesizes succinyl-CoA from 2-OG","R-HSA-1430728","#3ba5e3","Metabolism","false","OGDH complex synthesizes succinyl-CoA from 2-OG"
"#3ba5e3","0.038461538461538464","Maturation of TCA enzymes and regulation of TCA cycle","Maturation of TCA enzymes and regulation of TCA cycle","R-HSA-1430728","#3ba5e3","Metabolism","false","Maturation of TCA enzymes and regulation of TCA cycle"
"#f565ce","0.0","mRNA Splicing","mRNA Splicing","R-HSA-8953854","#f565ce","Metabolism of RNA","false","mRNA Splicing"
"#f565ce","0.0","mRNA Splicing - Major Pathway","mRNA Splicing - Major Pathway","R-HSA-8953854","#f565ce","Metabolism of RNA","false","mRNA Splicing - Major Pathway"
"#f565ce","0.0","mRNA Splicing - Minor Pathway","mRNA Splicing - Minor Pathway","R-HSA-8953854","#f565ce","Metabolism of RNA","false","mRNA Splicing - Minor Pathway"
"#f565ce","0.0","mRNA Editing: C to U Conversion","mRNA Editing: C to U Conversion","R-HSA-8953854","#f565ce","Metabolism of RNA","false","mRNA Editing: C to U Conversion"
"#f565ce",,"Formation of the Editosome","Formation of the Editosome","R-HSA-8953854","#f565ce","Metabolism of RNA","false","Formation of the Editosome"
"#f565ce","0.0","Transport of Mature Transcript to Cytoplasm","Transport of Mature Transcript to Cytoplasm","R-HSA-8953854","#f565ce","Metabolism of RNA","false","Transport of Mature Transcript to Cytoplasm"
"#f565ce","0.0","Transport of Mature mRNA derived from an Intron-Containing Transcript","Transport of Mature mRNA derived from an Intron-Containing Transcript","R-HSA-8953854","#f565ce","Metabolism of RNA","false","Transport of Mature mRNA derived from an Intron-Containing Transcript"
"#f565ce","0.0","Processing of Capped Intron-Containing Pre-mRNA","Processing of Capped Intron-Containing Pre-mRNA","R-HSA-8953854","#f565ce","Metabolism of RNA","false","Processing of Capped Intron-Containing Pre-mRNA"
"#f565ce","0.0","mRNA 3'-end processing","mRNA 3'-end processing","R-HSA-8953854","#f565ce","Metabolism of RNA","false","mRNA 3'-end processing"
"#f565ce","0.0375","tRNA processing","tRNA processing","R-HSA-8953854","#f565ce","Metabolism of RNA","false","tRNA processing"
"#f565ce","0.0","tRNA processing in the nucleus","tRNA processing in the nucleus","R-HSA-8953854","#f565ce","Metabolism of RNA","false","tRNA processing in the nucleus"
"#f565ce","0.0","tRNA processing in the mitochondrion","tRNA processing in the mitochondrion","R-HSA-8953854","#f565ce","Metabolism of RNA","false","tRNA processing in the mitochondrion"
"#f565ce","0.058823529411764705","tRNA modification in the mitochondrion","tRNA modification in the mitochondrion","R-HSA-8953854","#f565ce","Metabolism of RNA","false","tRNA modification in the mitochondrion"
"#f565ce","0.05555555555555555","rRNA processing","rRNA processing","R-HSA-8953854","#f565ce","Metabolism of RNA","false","rRNA processing"
"#f565ce","0.0","rRNA processing in the mitochondrion","rRNA processing in the mitochondrion","R-HSA-8953854","#f565ce","Metabolism of RNA","false","rRNA processing in the mitochondrion"
"#f565ce","0.058823529411764705","rRNA processing in the nucleus and cytosol","rRNA processing in the nucleus and cytosol","R-HSA-8953854","#f565ce","Metabolism of RNA","false","rRNA processing in the nucleus and cytosol"
"#35ae92","0.0","Eukaryotic Translation Initiation","Eukaryotic Translation Initiation","R-HSA-392499","#35ae92","Metabolism of proteins","false","Eukaryotic Translation Initiation"
"#35ae92","0.0","L13a-mediated translational silencing of Ceruloplasmin expression","L13a-mediated translational silencing of Ceruloplasmin expression","R-HSA-392499","#35ae92","Metabolism of proteins","false","L13a-mediated translational silencing of Ceruloplasmin expression"
"#35ae92","0.0","Cap-dependent Translation Initiation","Cap-dependent Translation Initiation","R-HSA-392499","#35ae92","Metabolism of proteins","false","Cap-dependent Translation Initiation"
"#35ae92","0.0","Activation of the mRNA upon binding of the cap-binding complex and eIFs, and subsequent binding to 43S","Activation of the mRNA upon binding of the cap-binding complex and eIFs, and subsequent binding to 43S","R-HSA-392499","#35ae92","Metabolism of proteins","false","Activation of the mRNA upon binding of the cap-binding complex and eIFs, and subsequent binding to 43S"
"#35ae92","0.0","Translation initiation complex formation","Translation initiation complex formation","R-HSA-392499","#35ae92","Metabolism of proteins","false","Translation initiation complex formation"
"#35ae92",,,"R-HSA-72689","R-HSA-392499","#35ae92","Metabolism of proteins","false","R-HSA-72689"
"#35ae92","0.0","Formation of the ternary complex, and subsequently, the 43S complex","Formation of the ternary complex, and subsequently, the 43S complex","R-HSA-392499","#35ae92","Metabolism of proteins","false","Formation of the ternary complex, and subsequently, the 43S complex"
"#35ae92","0.0","Ribosomal scanning and start codon recognition","Ribosomal scanning and start codon recognition","R-HSA-392499","#35ae92","Metabolism of proteins","false","Ribosomal scanning and start codon recognition"
"#35ae92","0.0","GTP hydrolysis and joining of the 60S ribosomal subunit","GTP hydrolysis and joining of the 60S ribosomal subunit","R-HSA-392499","#35ae92","Metabolism of proteins","false","GTP hydrolysis and joining of the 60S ribosomal subunit"
"#35ae92","0.0","Recycling of eIF2:GDP","Recycling of eIF2:GDP","R-HSA-392499","#35ae92","Metabolism of proteins","false","Recycling of eIF2:GDP"
"#35ae92","0.0","SRP-dependent cotranslational protein targeting to membrane","SRP-dependent cotranslational protein targeting to membrane","R-HSA-392499","#35ae92","Metabolism of proteins","false","SRP-dependent cotranslational protein targeting to membrane"
"#35ae92","0.0","Eukaryotic Translation Termination","Eukaryotic Translation Termination","R-HSA-392499","#35ae92","Metabolism of proteins","false","Eukaryotic Translation Termination"
"#35ad9f","0.0","RNA Polymerase I Promoter Clearance","RNA Polymerase I Promoter Clearance","R-HSA-74160","#35ad9f","Gene expression (Transcription)","false","RNA Polymerase I Promoter Clearance"
"#35ad9f","0.0","RNA Polymerase I Promoter Opening","RNA Polymerase I Promoter Opening","R-HSA-74160","#35ad9f","Gene expression (Transcription)","false","RNA Polymerase I Promoter Opening"
"#35ad9f","0.0","RNA Polymerase I Transcription Initiation","RNA Polymerase I Transcription Initiation","R-HSA-74160","#35ad9f","Gene expression (Transcription)","false","RNA Polymerase I Transcription Initiation"
"#35ad9f","0.0","RNA Polymerase I Promoter Escape","RNA Polymerase I Promoter Escape","R-HSA-74160","#35ad9f","Gene expression (Transcription)","false","RNA Polymerase I Promoter Escape"
"#35ad9f","0.15151515151515152","RNA Polymerase II Transcription","RNA Polymerase II Transcription","R-HSA-74160","#35ad9f","Gene expression (Transcription)","false","RNA Polymerase II Transcription"
"#35ad9f","0.0","RNA Polymerase II Pre-transcription Events","RNA Polymerase II Pre-transcription Events","R-HSA-74160","#35ad9f","Gene expression (Transcription)","false","RNA Polymerase II Pre-transcription Events"
"#35ad9f","0.0","RNA polymerase II transcribes snRNA genes","RNA polymerase II transcribes snRNA genes","R-HSA-74160","#35ad9f","Gene expression (Transcription)","false","RNA polymerase II transcribes snRNA genes"
"#35ad9f",,"RNA Polymerase II Transcription Pre-Initiation And Promoter Opening","RNA Polymerase II Transcription Pre-Initiation And Promoter Opening","R-HSA-74160","#35ad9f","Gene expression (Transcription)","false","RNA Polymerase II Transcription Pre-Initiation And Promoter Opening"
"#35ad9f","0.0","RNA Polymerase II Transcription Termination","RNA Polymerase II Transcription Termination","R-HSA-74160","#35ad9f","Gene expression (Transcription)","false","RNA Polymerase II Transcription Termination"
"#35ad9f","0.0","RNA Polymerase II Transcription Elongation","RNA Polymerase II Transcription Elongation","R-HSA-74160","#35ad9f","Gene expression (Transcription)","false","RNA Polymerase II Transcription Elongation"
"#35ad9f","0.0","RNA Polymerase II Transcription Initiation And Promoter Clearance","RNA Polymerase II Transcription Initiation And Promoter Clearance","R-HSA-74160","#35ad9f","Gene expression (Transcription)","false","RNA Polymerase II Transcription Initiation And Promoter Clearance"
"#35ad9f","0.0","RNA Pol II CTD phosphorylation and interaction with CE","RNA Pol II CTD phosphorylation and interaction with CE","R-HSA-74160","#35ad9f","Gene expression (Transcription)","false","RNA Pol II CTD phosphorylation and interaction with CE"
"#35ad9f","0.0","RNA Polymerase I Transcription","RNA Polymerase I Transcription","R-HSA-74160","#35ad9f","Gene expression (Transcription)","false","RNA Polymerase I Transcription"
"#35ad9f",,,"R-HSA-73863","R-HSA-74160","#35ad9f","Gene expression (Transcription)","false","R-HSA-73863"
"#e36bf4","0.23076923076923078","Base Excision Repair","Base Excision Repair","R-HSA-73894","#e36bf4","DNA Repair","false","Base Excision Repair"
"#e36bf4","0.2777777777777778","Base-Excision Repair, AP Site Formation","Base-Excision Repair, AP Site Formation","R-HSA-73894","#e36bf4","DNA Repair","false","Base-Excision Repair, AP Site Formation"
"#e36bf4","0.125","Resolution of Abasic Sites (AP sites)","Resolution of Abasic Sites (AP sites)","R-HSA-73894","#e36bf4","DNA Repair","false","Resolution of Abasic Sites (AP sites)"
"#f17b32",,"Nucleosome assembly","Nucleosome assembly","R-HSA-1640170","#f17b32","Cell Cycle","false","Nucleosome assembly"
"#c77df4",,,"R-HSA-75157","R-HSA-162582","#c77df4","Signal Transduction","false","R-HSA-75157"
"#c77df4",,,"R-HSA-75158","R-HSA-162582","#c77df4","Signal Transduction","false","R-HSA-75158"
"#c77df4","0.0","TNF signaling","TNF signaling","R-HSA-162582","#c77df4","Signal Transduction","false","TNF signaling"
"#e36bf4","0.0","DNA Damage Bypass","DNA Damage Bypass","R-HSA-73894","#e36bf4","DNA Repair","false","DNA Damage Bypass"
"#e36bf4",,"Recognition of DNA damage by PCNA-containing replication complex","Recognition of DNA damage by PCNA-containing replication complex","R-HSA-73894","#e36bf4","DNA Repair","false","Recognition of DNA damage by PCNA-containing replication complex"
"#e36bf4","0.11864406779661017","DNA Repair","DNA Repair","R-HSA-73894","#e36bf4","DNA Repair","false","DNA Repair"
"#e36bf4","0.125","DNA Damage Reversal","DNA Damage Reversal","R-HSA-73894","#e36bf4","DNA Repair","false","DNA Damage Reversal"
"#e36bf4","0.2222222222222222","Depurination","Depurination","R-HSA-73894","#e36bf4","DNA Repair","false","Depurination"
"#e36bf4","0.0","Recognition and association of DNA glycosylase with site containing an affected purine","Recognition and association of DNA glycosylase with site containing an affected purine","R-HSA-73894","#e36bf4","DNA Repair","false","Recognition and association of DNA glycosylase with site containing an affected purine"
"#e36bf4","0.2222222222222222","Cleavage of the damaged purine","Cleavage of the damaged purine","R-HSA-73894","#e36bf4","DNA Repair","false","Cleavage of the damaged purine"
"#e36bf4","0.2","Depyrimidination","Depyrimidination","R-HSA-73894","#e36bf4","DNA Repair","false","Depyrimidination"
"#e36bf4","0.0","Recognition and association of DNA glycosylase with site containing an affected pyrimidine","Recognition and association of DNA glycosylase with site containing an affected pyrimidine","R-HSA-73894","#e36bf4","DNA Repair","false","Recognition and association of DNA glycosylase with site containing an affected pyrimidine"
"#e36bf4","0.2","Cleavage of the damaged pyrimidine","Cleavage of the damaged pyrimidine","R-HSA-73894","#e36bf4","DNA Repair","false","Cleavage of the damaged pyrimidine"
"#e36bf4",,"NEIL3-mediated resolution of ICLs","NEIL3-mediated resolution of ICLs","R-HSA-73894","#e36bf4","DNA Repair","false","NEIL3-mediated resolution of ICLs"
"#e36bf4","0.0","Alkylating DNA damage induced by chemotherapeutic drugs","Alkylating DNA damage induced by chemotherapeutic drugs","R-HSA-73894","#e36bf4","DNA Repair","false","Alkylating DNA damage induced by chemotherapeutic drugs"
"#e36bf4",,"Displacement of DNA glycosylase by APEX1","Displacement of DNA glycosylase by APEX1","R-HSA-73894","#e36bf4","DNA Repair","false","Displacement of DNA glycosylase by APEX1"
"#e36bf4","0.0","APEX1-Independent Resolution of AP Sites via the Single Nucleotide Replacement Pathway","APEX1-Independent Resolution of AP Sites via the Single Nucleotide Replacement Pathway","R-HSA-73894","#e36bf4","DNA Repair","false","APEX1-Independent Resolution of AP Sites via the Single Nucleotide Replacement Pathway"
"#e36bf4","0.0","MGMT-mediated DNA damage reversal","MGMT-mediated DNA damage reversal","R-HSA-73894","#e36bf4","DNA Repair","false","MGMT-mediated DNA damage reversal"
"#e36bf4","0.16666666666666666","Reversal of alkylation damage by DNA dioxygenases","Reversal of alkylation damage by DNA dioxygenases","R-HSA-73894","#e36bf4","DNA Repair","false","Reversal of alkylation damage by DNA dioxygenases"
"#e36bf4","0.0","Reversible DNA damage induced by alkylating chemotherapeutic drugs","Reversible DNA damage induced by alkylating chemotherapeutic drugs","R-HSA-73894","#e36bf4","DNA Repair","false","Reversible DNA damage induced by alkylating chemotherapeutic drugs"
"#e36bf4","0.0","ALKBH2 mediated reversal of alkylation damage","ALKBH2 mediated reversal of alkylation damage","R-HSA-73894","#e36bf4","DNA Repair","false","ALKBH2 mediated reversal of alkylation damage"
"#e36bf4","0.0","ALKBH3 mediated reversal of alkylation damage","ALKBH3 mediated reversal of alkylation damage","R-HSA-73894","#e36bf4","DNA Repair","false","ALKBH3 mediated reversal of alkylation damage"
"#35ad9f","0.0","RNA Polymerase III Transcription","RNA Polymerase III Transcription","R-HSA-74160","#35ad9f","Gene expression (Transcription)","false","RNA Polymerase III Transcription"
"#35ad9f","0.0","RNA Polymerase III Chain Elongation","RNA Polymerase III Chain Elongation","R-HSA-74160","#35ad9f","Gene expression (Transcription)","false","RNA Polymerase III Chain Elongation"
"#35ad9f","0.0","RNA Polymerase III Transcription Termination","RNA Polymerase III Transcription Termination","R-HSA-74160","#35ad9f","Gene expression (Transcription)","false","RNA Polymerase III Transcription Termination"
"#35ad9f","0.0","RNA Polymerase III Abortive And Retractive Initiation","RNA Polymerase III Abortive And Retractive Initiation","R-HSA-74160","#35ad9f","Gene expression (Transcription)","false","RNA Polymerase III Abortive And Retractive Initiation"
"#35ad9f",,"RNA Polymerase III Transcription Initiation","RNA Polymerase III Transcription Initiation","R-HSA-74160","#35ad9f","Gene expression (Transcription)","false","RNA Polymerase III Transcription Initiation"
"#35ad9f","0.12987012987012986","Gene expression (Transcription)","Gene expression (Transcription)","R-HSA-74160","#35ad9f","Gene expression (Transcription)","false","Gene expression (Transcription)"
"#35ad9f",,"Transcription from mitochondrial promoters","Transcription from mitochondrial promoters","R-HSA-74160","#35ad9f","Gene expression (Transcription)","false","Transcription from mitochondrial promoters"
"#3ba5e3","0.2222222222222222","Utilization of Ketone Bodies","Utilization of Ketone Bodies","R-HSA-1430728","#3ba5e3","Metabolism","false","Utilization of Ketone Bodies"
"#3ba5e3","0.125","Synthesis of Ketone Bodies","Synthesis of Ketone Bodies","R-HSA-1430728","#3ba5e3","Metabolism","false","Synthesis of Ketone Bodies"
"#3ba5e3","0.14035087719298245","Purine catabolism","Purine catabolism","R-HSA-1430728","#3ba5e3","Metabolism","false","Purine catabolism"
"#3ba5e3","0.0","Phosphate bond hydrolysis by NUDT proteins","Phosphate bond hydrolysis by NUDT proteins","R-HSA-1430728","#3ba5e3","Metabolism","false","Phosphate bond hydrolysis by NUDT proteins"
"#c77df4","0.0","Insulin receptor signalling cascade","Insulin receptor signalling cascade","R-HSA-162582","#c77df4","Signal Transduction","false","Insulin receptor signalling cascade"
"#c77df4","0.0","IRS activation","IRS activation","R-HSA-162582","#c77df4","Signal Transduction","false","IRS activation"
"#c77df4","0.0","Signal attenuation","Signal attenuation","R-HSA-162582","#c77df4","Signal Transduction","false","Signal attenuation"
"#c77df4","0.0","Signaling by Insulin receptor","Signaling by Insulin receptor","R-HSA-162582","#c77df4","Signal Transduction","false","Signaling by Insulin receptor"
"#c77df4","0.0","Insulin receptor recycling","Insulin receptor recycling","R-HSA-162582","#c77df4","Signal Transduction","false","Insulin receptor recycling"
"#f565ce","0.0","mRNA Editing: A to I Conversion","mRNA Editing: A to I Conversion","R-HSA-8953854","#f565ce","Metabolism of RNA","false","mRNA Editing: A to I Conversion"
"#f565ce","0.0","C6 deamination of adenosine","C6 deamination of adenosine","R-HSA-8953854","#f565ce","Metabolism of RNA","false","C6 deamination of adenosine"
"#f565ce",,"Formation of editosomes by ADAR proteins","Formation of editosomes by ADAR proteins","R-HSA-8953854","#f565ce","Metabolism of RNA","false","Formation of editosomes by ADAR proteins"
"#f565ce","0.0","Processing of Capped Intronless Pre-mRNA","Processing of Capped Intronless Pre-mRNA","R-HSA-8953854","#f565ce","Metabolism of RNA","false","Processing of Capped Intronless Pre-mRNA"
"#f565ce","0.0","SLBP independent Processing of Histone Pre-mRNAs","SLBP independent Processing of Histone Pre-mRNAs","R-HSA-8953854","#f565ce","Metabolism of RNA","false","SLBP independent Processing of Histone Pre-mRNAs"
"#f565ce","0.0","SLBP Dependent Processing of Replication-Dependent Histone Pre-mRNAs","SLBP Dependent Processing of Replication-Dependent Histone Pre-mRNAs","R-HSA-8953854","#f565ce","Metabolism of RNA","false","SLBP Dependent Processing of Replication-Dependent Histone Pre-mRNAs"
"#f565ce","0.0","Processing of Intronless Pre-mRNAs","Processing of Intronless Pre-mRNAs","R-HSA-8953854","#f565ce","Metabolism of RNA","false","Processing of Intronless Pre-mRNAs"
"#f565ce","0.0","mRNA Editing","mRNA Editing","R-HSA-8953854","#f565ce","Metabolism of RNA","false","mRNA Editing"
"#3ba5e3","0.0","Fatty acyl-CoA biosynthesis","Fatty acyl-CoA biosynthesis","R-HSA-1430728","#3ba5e3","Metabolism","false","Fatty acyl-CoA biosynthesis"
"#3ba5e3","0.0","Synthesis of very long-chain fatty acyl-CoAs","Synthesis of very long-chain fatty acyl-CoAs","R-HSA-1430728","#3ba5e3","Metabolism","false","Synthesis of very long-chain fatty acyl-CoAs"
"#f77467","0.0","Apoptosis induced DNA fragmentation","Apoptosis induced DNA fragmentation","R-HSA-5357801","#f77467","Programmed Cell Death","false","Apoptosis induced DNA fragmentation"
"#f77467","0.0","Stimulation of the cell death response by PAK-2p34","Stimulation of the cell death response by PAK-2p34","R-HSA-5357801","#f77467","Programmed Cell Death","false","Stimulation of the cell death response by PAK-2p34"
"#c77df4",,,"R-HSA-5357786","R-HSA-162582","#c77df4","Signal Transduction","false","R-HSA-5357786"
"#c77df4","0.0","Regulation of TNFR1 signaling","Regulation of TNFR1 signaling","R-HSA-162582","#c77df4","Signal Transduction","false","Regulation of TNFR1 signaling"
"#c77df4",,"TNFR1-induced NF-kappa-B signaling pathway","TNFR1-induced NF-kappa-B signaling pathway","R-HSA-162582","#c77df4","Signal Transduction","false","TNFR1-induced NF-kappa-B signaling pathway"
"#c77df4",,,"R-HSA-5626978","R-HSA-162582","#c77df4","Signal Transduction","false","R-HSA-5626978"
"#35ad9f",,"Mitochondrial transcription initiation","Mitochondrial transcription initiation","R-HSA-74160","#35ad9f","Gene expression (Transcription)","false","Mitochondrial transcription initiation"
"#35ad9f",,"Mitochondrial transcription termination","Mitochondrial transcription termination","R-HSA-74160","#35ad9f","Gene expression (Transcription)","false","Mitochondrial transcription termination"
"#35ad9f","0.0","Formation of RNA Pol II elongation complex","Formation of RNA Pol II elongation complex","R-HSA-74160","#35ad9f","Gene expression (Transcription)","false","Formation of RNA Pol II elongation complex"
"#35ad9f","0.0","Formation of the Early Elongation Complex","Formation of the Early Elongation Complex","R-HSA-74160","#35ad9f","Gene expression (Transcription)","false","Formation of the Early Elongation Complex"
"#ab89f4","0.0","GPVI-mediated activation cascade","GPVI-mediated activation cascade","R-HSA-109582","#ab89f4","Hemostasis","false","GPVI-mediated activation cascade"
"#ab89f4",,"GP1b-IX-V activation signalling","GP1b-IX-V activation signalling","R-HSA-109582","#ab89f4","Hemostasis","false","GP1b-IX-V activation signalling"
"#ab89f4","0.0","Thrombin signalling through proteinase activated receptors (PARs)","Thrombin signalling through proteinase activated receptors (PARs)","R-HSA-109582","#ab89f4","Hemostasis","false","Thrombin signalling through proteinase activated receptors (PARs)"
"#ab89f4","0.07692307692307693","Response to elevated platelet cytosolic Ca2+","Response to elevated platelet cytosolic Ca2+","R-HSA-109582","#ab89f4","Hemostasis","false","Response to elevated platelet cytosolic Ca2+"
"#ab89f4","0.0","Platelet Aggregation (Plug Formation)","Platelet Aggregation (Plug Formation)","R-HSA-109582","#ab89f4","Hemostasis","false","Platelet Aggregation (Plug Formation)"
"#ab89f4","0.0","Disinhibition of SNARE formation","Disinhibition of SNARE formation","R-HSA-109582","#ab89f4","Hemostasis","false","Disinhibition of SNARE formation"
"#ab89f4","0.09090909090909091","Platelet degranulation","Platelet degranulation","R-HSA-109582","#ab89f4","Hemostasis","false","Platelet degranulation"
"#ab89f4","0.0","Adrenaline signalling through Alpha-2 adrenergic receptor","Adrenaline signalling through Alpha-2 adrenergic receptor","R-HSA-109582","#ab89f4","Hemostasis","false","Adrenaline signalling through Alpha-2 adrenergic receptor"
"#35ad9f","0.0","RNA Polymerase II Promoter Escape","RNA Polymerase II Promoter Escape","R-HSA-74160","#35ad9f","Gene expression (Transcription)","false","RNA Polymerase II Promoter Escape"
"#35ad9f","0.0","RNA Polymerase II Transcription Initiation","RNA Polymerase II Transcription Initiation","R-HSA-74160","#35ad9f","Gene expression (Transcription)","false","RNA Polymerase II Transcription Initiation"
"#35ad9f",,"RNA Polymerase III Transcription Initiation From Type 1 Promoter","RNA Polymerase III Transcription Initiation From Type 1 Promoter","R-HSA-74160","#35ad9f","Gene expression (Transcription)","false","RNA Polymerase III Transcription Initiation From Type 1 Promoter"
"#35ad9f",,"RNA Polymerase III Transcription Initiation From Type 2 Promoter","RNA Polymerase III Transcription Initiation From Type 2 Promoter","R-HSA-74160","#35ad9f","Gene expression (Transcription)","false","RNA Polymerase III Transcription Initiation From Type 2 Promoter"
"#35ad9f",,"RNA Polymerase III Transcription Initiation From Type 3 Promoter","RNA Polymerase III Transcription Initiation From Type 3 Promoter","R-HSA-74160","#35ad9f","Gene expression (Transcription)","false","RNA Polymerase III Transcription Initiation From Type 3 Promoter"
"#3ba5e3","0.075","mitochondrial fatty acid beta-oxidation of saturated fatty acids","mitochondrial fatty acid beta-oxidation of saturated fatty acids","R-HSA-1430728","#3ba5e3","Metabolism","false","mitochondrial fatty acid beta-oxidation of saturated fatty acids"
"#3ba5e3","0.0","Beta oxidation of myristoyl-CoA to lauroyl-CoA","Beta oxidation of myristoyl-CoA to lauroyl-CoA","R-HSA-1430728","#3ba5e3","Metabolism","false","Beta oxidation of myristoyl-CoA to lauroyl-CoA"
"#3ba5e3","0.0","Beta oxidation of palmitoyl-CoA to myristoyl-CoA","Beta oxidation of palmitoyl-CoA to myristoyl-CoA","R-HSA-1430728","#3ba5e3","Metabolism","false","Beta oxidation of palmitoyl-CoA to myristoyl-CoA"
"#3ba5e3","0.09090909090909091","Beta oxidation of lauroyl-CoA to decanoyl-CoA-CoA","Beta oxidation of lauroyl-CoA to decanoyl-CoA-CoA","R-HSA-1430728","#3ba5e3","Metabolism","false","Beta oxidation of lauroyl-CoA to decanoyl-CoA-CoA"
"#3ba5e3","0.15384615384615385","Beta oxidation of decanoyl-CoA to octanoyl-CoA-CoA","Beta oxidation of decanoyl-CoA to octanoyl-CoA-CoA","R-HSA-1430728","#3ba5e3","Metabolism","false","Beta oxidation of decanoyl-CoA to octanoyl-CoA-CoA"
"#3ba5e3","0.09090909090909091","Beta oxidation of octanoyl-CoA to hexanoyl-CoA","Beta oxidation of octanoyl-CoA to hexanoyl-CoA","R-HSA-1430728","#3ba5e3","Metabolism","false","Beta oxidation of octanoyl-CoA to hexanoyl-CoA"
"#3ba5e3","0.09090909090909091","Beta oxidation of hexanoyl-CoA to butanoyl-CoA","Beta oxidation of hexanoyl-CoA to butanoyl-CoA","R-HSA-1430728","#3ba5e3","Metabolism","false","Beta oxidation of hexanoyl-CoA to butanoyl-CoA"
"#3ba5e3","0.08333333333333333","Beta oxidation of butanoyl-CoA to acetyl-CoA","Beta oxidation of butanoyl-CoA to acetyl-CoA","R-HSA-1430728","#3ba5e3","Metabolism","false","Beta oxidation of butanoyl-CoA to acetyl-CoA"
"#3ba5e3","0.0625","Mitochondrial Fatty Acid Beta-Oxidation","Mitochondrial Fatty Acid Beta-Oxidation","R-HSA-1430728","#3ba5e3","Metabolism","false","Mitochondrial Fatty Acid Beta-Oxidation"
"#3ba5e3","0.14285714285714285","Propionyl-CoA catabolism","Propionyl-CoA catabolism","R-HSA-1430728","#3ba5e3","Metabolism","false","Propionyl-CoA catabolism"
"#3ba5e3","0.0","mitochondrial fatty acid beta-oxidation of unsaturated fatty acids","mitochondrial fatty acid beta-oxidation of unsaturated fatty acids","R-HSA-1430728","#3ba5e3","Metabolism","false","mitochondrial fatty acid beta-oxidation of unsaturated fatty acids"
"#f17b32",,"Deposition of new CENPA-containing nucleosomes at the centromere","Deposition of new CENPA-containing nucleosomes at the centromere","R-HSA-1640170","#f17b32","Cell Cycle","false","Deposition of new CENPA-containing nucleosomes at the centromere"
"#37abb4","0.0","Interferon gamma signaling","Interferon gamma signaling","R-HSA-168256","#37abb4","Immune System","false","Interferon gamma signaling"
"#37abb4","0.0","Regulation of IFNG signaling","Regulation of IFNG signaling","R-HSA-168256","#37abb4","Immune System","false","Regulation of IFNG signaling"
"#37abb4","0.0","IFNG signaling activates MAPKs","IFNG signaling activates MAPKs","R-HSA-168256","#37abb4","Immune System","false","IFNG signaling activates MAPKs"
"#c77df4","0.0","EGFR Transactivation by Gastrin","EGFR Transactivation by Gastrin","R-HSA-162582","#c77df4","Signal Transduction","false","EGFR Transactivation by Gastrin"
"#c77df4","0.375","Signaling by PTK6","Signaling by PTK6","R-HSA-162582","#c77df4","Signal Transduction","false","Signaling by PTK6"
"#c77df4","0.0","PTK6 Regulates Proteins Involved in RNA Processing","PTK6 Regulates Proteins Involved in RNA Processing","R-HSA-162582","#c77df4","Signal Transduction","false","PTK6 Regulates Proteins Involved in RNA Processing"
"#c77df4","0.0","PTK6 Regulates RTKs and Their Effectors AKT1 and DOK1","PTK6 Regulates RTKs and Their Effectors AKT1 and DOK1","R-HSA-162582","#c77df4","Signal Transduction","false","PTK6 Regulates RTKs and Their Effectors AKT1 and DOK1"
"#c77df4","0.0","PTK6 Regulates Cell Cycle","PTK6 Regulates Cell Cycle","R-HSA-162582","#c77df4","Signal Transduction","false","PTK6 Regulates Cell Cycle"
"#c77df4","0.0","PTK6 Regulates RHO GTPases, RAS GTPase and MAP kinases","PTK6 Regulates RHO GTPases, RAS GTPase and MAP kinases","R-HSA-162582","#c77df4","Signal Transduction","false","PTK6 Regulates RHO GTPases, RAS GTPase and MAP kinases"
"#c77df4","0.0","PTK6 Down-Regulation","PTK6 Down-Regulation","R-HSA-162582","#c77df4","Signal Transduction","false","PTK6 Down-Regulation"
"#c77df4","1.0","PTK6 Expression","PTK6 Expression","R-HSA-162582","#c77df4","Signal Transduction","false","PTK6 Expression"
"#c77df4","0.0","PTK6 Activates STAT3","PTK6 Activates STAT3","R-HSA-162582","#c77df4","Signal Transduction","false","PTK6 Activates STAT3"
"#c77df4","0.0","PTK6 promotes HIF1A stabilization","PTK6 promotes HIF1A stabilization","R-HSA-162582","#c77df4","Signal Transduction","false","PTK6 promotes HIF1A stabilization"
"#3ba5e3","0.0","Plasmalogen biosynthesis","Plasmalogen biosynthesis","R-HSA-1430728","#3ba5e3","Metabolism","false","Plasmalogen biosynthesis"
"#3ba5e3","0.08333333333333333","Wax biosynthesis","Wax biosynthesis","R-HSA-1430728","#3ba5e3","Metabolism","false","Wax biosynthesis"
"#35ae92","0.0","Synthesis of active ubiquitin: roles of E1 and E2 enzymes","Synthesis of active ubiquitin: roles of E1 and E2 enzymes","R-HSA-392499","#35ae92","Metabolism of proteins","false","Synthesis of active ubiquitin: roles of E1 and E2 enzymes"
"#35ae92",,"E3 ubiquitin ligases ubiquitinate target proteins","E3 ubiquitin ligases ubiquitinate target proteins","R-HSA-392499","#35ae92","Metabolism of proteins","false","E3 ubiquitin ligases ubiquitinate target proteins"
"#34b082","0.0","COPI-dependent Golgi-to-ER retrograde traffic","COPI-dependent Golgi-to-ER retrograde traffic","R-HSA-5653656","#34b082","Vesicle-mediated transport","false","COPI-dependent Golgi-to-ER retrograde traffic"
"#34b082","0.0","COPI-independent Golgi-to-ER retrograde traffic","COPI-independent Golgi-to-ER retrograde traffic","R-HSA-5653656","#34b082","Vesicle-mediated transport","false","COPI-independent Golgi-to-ER retrograde traffic"
"#34b082","0.0","Cargo recognition for clathrin-mediated endocytosis","Cargo recognition for clathrin-mediated endocytosis","R-HSA-5653656","#34b082","Vesicle-mediated transport","false","Cargo recognition for clathrin-mediated endocytosis"
"#34b331","0.0","Neurodegenerative Diseases","Neurodegenerative Diseases","R-HSA-1643685","#34b331","Disease","false","Neurodegenerative Diseases"
"#34b331","0.0","Deregulated CDK5 triggers multiple neurodegenerative pathways in Alzheimer's disease models","Deregulated CDK5 triggers multiple neurodegenerative pathways in Alzheimer's disease models","R-HSA-1643685","#34b331","Disease","false","Deregulated CDK5 triggers multiple neurodegenerative pathways in Alzheimer's disease models"
"#c77df4","0.0","Downregulation of ERBB2:ERBB3 signaling","Downregulation of ERBB2:ERBB3 signaling","R-HSA-162582","#c77df4","Signal Transduction","false","Downregulation of ERBB2:ERBB3 signaling"
"#35ad9f",,,"R-HSA-8866904","R-HSA-74160","#35ad9f","Gene expression (Transcription)","false","R-HSA-8866904"
"#35ad9f",,,"R-HSA-8866906","R-HSA-74160","#35ad9f","Gene expression (Transcription)","false","R-HSA-8866906"
"#35ad9f",,,"R-HSA-8866907","R-HSA-74160","#35ad9f","Gene expression (Transcription)","false","R-HSA-8866907"
"#35ad9f",,,"R-HSA-8866910","R-HSA-74160","#35ad9f","Gene expression (Transcription)","false","R-HSA-8866910"
"#35ad9f",,,"R-HSA-8866911","R-HSA-74160","#35ad9f","Gene expression (Transcription)","false","R-HSA-8866911"
"#35ad9f",,"TFAP2A acts as a transcriptional repressor during retinoic acid induced cell differentiation","TFAP2A acts as a transcriptional repressor during retinoic acid induced cell differentiation","R-HSA-74160","#35ad9f","Gene expression (Transcription)","false","TFAP2A acts as a transcriptional repressor during retinoic acid induced cell differentiation"
"#f565ce","0.0","rRNA modification in the mitochondrion","rRNA modification in the mitochondrion","R-HSA-8953854","#f565ce","Metabolism of RNA","false","rRNA modification in the mitochondrion"
"#f565ce","0.058823529411764705","rRNA modification in the nucleus and cytosol","rRNA modification in the nucleus and cytosol","R-HSA-8953854","#f565ce","Metabolism of RNA","false","rRNA modification in the nucleus and cytosol"
"#f565ce",,"Major pathway of rRNA processing in the nucleolus and cytosol","Major pathway of rRNA processing in the nucleolus and cytosol","R-HSA-8953854","#f565ce","Metabolism of RNA","false","Major pathway of rRNA processing in the nucleolus and cytosol"
"#c77df4","0.0","MET activates PTK2 signaling","MET activates PTK2 signaling","R-HSA-162582","#c77df4","Signal Transduction","false","MET activates PTK2 signaling"
"#c77df4",,,"R-HSA-8875513","R-HSA-162582","#c77df4","Signal Transduction","false","R-HSA-8875513"
"#c77df4","0.0","MET activates RAP1 and RAC1","MET activates RAP1 and RAC1","R-HSA-162582","#c77df4","Signal Transduction","false","MET activates RAP1 and RAC1"
"#34b331","0.0","Listeria monocytogenes entry into host cells","Listeria monocytogenes entry into host cells","R-HSA-1643685","#34b331","Disease","false","Listeria monocytogenes entry into host cells"
"#34b331","0.0","InlB-mediated entry of Listeria monocytogenes into host cell","InlB-mediated entry of Listeria monocytogenes into host cell","R-HSA-1643685","#34b331","Disease","false","InlB-mediated entry of Listeria monocytogenes into host cell"
"#34b331","0.0","InlA-mediated entry of Listeria monocytogenes into host cells","InlA-mediated entry of Listeria monocytogenes into host cells","R-HSA-1643685","#34b331","Disease","false","InlA-mediated entry of Listeria monocytogenes into host cells"
"#35ad9f",,,"R-HSA-8941855","R-HSA-74160","#35ad9f","Gene expression (Transcription)","false","R-HSA-8941855"
"#35ad9f",,,"R-HSA-8941856","R-HSA-74160","#35ad9f","Gene expression (Transcription)","false","R-HSA-8941856"
"#35ad9f","0.0","Regulation of RUNX3 expression and activity","Regulation of RUNX3 expression and activity","R-HSA-74160","#35ad9f","Gene expression (Transcription)","false","Regulation of RUNX3 expression and activity"
"#35ad9f",,,"R-HSA-8949275","R-HSA-74160","#35ad9f","Gene expression (Transcription)","false","R-HSA-8949275"
"#35ad9f",,,"R-HSA-8951430","R-HSA-74160","#35ad9f","Gene expression (Transcription)","false","R-HSA-8951430"
"#35ad9f",,,"R-HSA-8951671","R-HSA-74160","#35ad9f","Gene expression (Transcription)","false","R-HSA-8951671"
"#35ad9f",,,"R-HSA-8951911","R-HSA-74160","#35ad9f","Gene expression (Transcription)","false","R-HSA-8951911"
"#35ad9f","0.0","RUNX3 regulates p14-ARF","RUNX3 regulates p14-ARF","R-HSA-74160","#35ad9f","Gene expression (Transcription)","false","RUNX3 regulates p14-ARF"
"#35ad9f",,,"R-HSA-8952158","R-HSA-74160","#35ad9f","Gene expression (Transcription)","false","R-HSA-8952158"
"#35ad9f","0.5","Regulation of RUNX2 expression and activity","Regulation of RUNX2 expression and activity","R-HSA-74160","#35ad9f","Gene expression (Transcription)","false","Regulation of RUNX2 expression and activity"
"#35ad9f","0.4","RUNX2 regulates bone development","RUNX2 regulates bone development","R-HSA-74160","#35ad9f","Gene expression (Transcription)","false","RUNX2 regulates bone development"
"#35ad9f","0.0","RUNX2 regulates genes involved in cell migration","RUNX2 regulates genes involved in cell migration","R-HSA-74160","#35ad9f","Gene expression (Transcription)","false","RUNX2 regulates genes involved in cell migration"
"#35ad9f",,,"R-HSA-8941333","R-HSA-74160","#35ad9f","Gene expression (Transcription)","false","R-HSA-8941333"
"#35ad9f",,,"R-HSA-8877330","R-HSA-74160","#35ad9f","Gene expression (Transcription)","false","R-HSA-8877330"
"#35ad9f",,"RUNX1 regulates estrogen receptor mediated transcription","RUNX1 regulates estrogen receptor mediated transcription","R-HSA-74160","#35ad9f","Gene expression (Transcription)","false","RUNX1 regulates estrogen receptor mediated transcription"
"#35ad9f","0.0","Regulation of RUNX1 Expression and Activity","Regulation of RUNX1 Expression and Activity","R-HSA-74160","#35ad9f","Gene expression (Transcription)","false","Regulation of RUNX1 Expression and Activity"
"#35ad9f",,,"R-HSA-8935964","R-HSA-74160","#35ad9f","Gene expression (Transcription)","false","R-HSA-8935964"
"#35ad9f","0.0","RUNX1 regulates genes involved in megakaryocyte differentiation and platelet function","RUNX1 regulates genes involved in megakaryocyte differentiation and platelet function","R-HSA-74160","#35ad9f","Gene expression (Transcription)","false","RUNX1 regulates genes involved in megakaryocyte differentiation and platelet function"
"#35ad9f","0.0","RUNX1 regulates transcription of genes involved in differentiation of HSCs","RUNX1 regulates transcription of genes involved in differentiation of HSCs","R-HSA-74160","#35ad9f","Gene expression (Transcription)","false","RUNX1 regulates transcription of genes involved in differentiation of HSCs"
"#35ad9f",,,"R-HSA-8939242","R-HSA-74160","#35ad9f","Gene expression (Transcription)","false","R-HSA-8939242"
"#35ad9f","0.0","RUNX1 interacts with co-factors whose precise effect on RUNX1 targets is not known","RUNX1 interacts with co-factors whose precise effect on RUNX1 targets is not known","R-HSA-74160","#35ad9f","Gene expression (Transcription)","false","RUNX1 interacts with co-factors whose precise effect on RUNX1 targets is not known"
"#35ad9f",,,"R-HSA-8939245","R-HSA-74160","#35ad9f","Gene expression (Transcription)","false","R-HSA-8939245"
"#35ad9f",,,"R-HSA-8939246","R-HSA-74160","#35ad9f","Gene expression (Transcription)","false","R-HSA-8939246"
"#35ad9f",,,"R-HSA-8939247","R-HSA-74160","#35ad9f","Gene expression (Transcription)","false","R-HSA-8939247"
"#35ad9f",,"RUNX1 regulates transcription of genes involved in WNT signaling","RUNX1 regulates transcription of genes involved in WNT signaling","R-HSA-74160","#35ad9f","Gene expression (Transcription)","false","RUNX1 regulates transcription of genes involved in WNT signaling"
"#36aca9","0.0","GABA synthesis","GABA synthesis","R-HSA-112316","#36aca9","Neuronal System","false","GABA synthesis"
"#36aca9","0.4","Reuptake of GABA","Reuptake of GABA","R-HSA-112316","#36aca9","Neuronal System","false","Reuptake of GABA"
"#36aca9","0.0","Degradation of GABA","Degradation of GABA","R-HSA-112316","#36aca9","Neuronal System","false","Degradation of GABA"
"#5e9ef4","0.125","Digestion","Digestion","R-HSA-8963743","#5e9ef4","Digestion and absorption","false","Digestion"
"#5e9ef4","0.17647058823529413","Digestion of dietary carbohydrate","Digestion of dietary carbohydrate","R-HSA-8963743","#5e9ef4","Digestion and absorption","false","Digestion of dietary carbohydrate"
"#5e9ef4","0.13333333333333333","Digestion of dietary lipid","Digestion of dietary lipid","R-HSA-8963743","#5e9ef4","Digestion and absorption","false","Digestion of dietary lipid"
"#c77df4","0.12121212121212122","ESR-mediated signaling","ESR-mediated signaling","R-HSA-162582","#c77df4","Signal Transduction","false","ESR-mediated signaling"
"#c77df4","0.0","Extra-nuclear estrogen signaling","Extra-nuclear estrogen signaling","R-HSA-162582","#c77df4","Signal Transduction","false","Extra-nuclear estrogen signaling"
"#c77df4","0.375","Estrogen-dependent gene expression","Estrogen-dependent gene expression","R-HSA-162582","#c77df4","Signal Transduction","false","Estrogen-dependent gene expression"
"#35ad9f","0.4","RUNX2 regulates osteoblast differentiation","RUNX2 regulates osteoblast differentiation","R-HSA-74160","#35ad9f","Gene expression (Transcription)","false","RUNX2 regulates osteoblast differentiation"
"#35ad9f",,,"R-HSA-8941284","R-HSA-74160","#35ad9f","Gene expression (Transcription)","false","R-HSA-8941284"
"#c77df4",,,"R-HSA-8948700","R-HSA-162582","#c77df4","Signal Transduction","false","R-HSA-8948700"
"#9ba331",,"Processing of SMDT1","Processing of SMDT1","R-HSA-382551","#9ba331","Transport of small molecules","false","Processing of SMDT1"
"#f565ce","0.02857142857142857","Metabolism of RNA","Metabolism of RNA","R-HSA-8953854","#f565ce","Metabolism of RNA","false","Metabolism of RNA"
"#f565ce",,,"R-HSA-428359","R-HSA-8953854","#f565ce","Metabolism of RNA","false","R-HSA-428359"
"#f565ce","0.0","mRNA Capping","mRNA Capping","R-HSA-8953854","#f565ce","Metabolism of RNA","false","mRNA Capping"
"#f565ce","0.0","Nonsense-Mediated Decay (NMD)","Nonsense-Mediated Decay (NMD)","R-HSA-8953854","#f565ce","Metabolism of RNA","false","Nonsense-Mediated Decay (NMD)"
"#f565ce","0.0","Mitochondrial RNA degradation","Mitochondrial RNA degradation","R-HSA-8953854","#f565ce","Metabolism of RNA","false","Mitochondrial RNA degradation"
"#38aac0","0.14942528735632185","Cellular responses to stimuli","Cellular responses to stimuli","R-HSA-8953897","#38aac0","Cellular responses to stimuli","false","Cellular responses to stimuli"
"#3ba5e3","0.24324324324324326","Pyrimidine catabolism","Pyrimidine catabolism","R-HSA-1430728","#3ba5e3","Metabolism","false","Pyrimidine catabolism"
"#3ba5e3","0.0","Phosphate bond hydrolysis by NTPDase proteins","Phosphate bond hydrolysis by NTPDase proteins","R-HSA-1430728","#3ba5e3","Metabolism","false","Phosphate bond hydrolysis by NTPDase proteins"
"#3ba5e3","0.0","Pyrimidine biosynthesis","Pyrimidine biosynthesis","R-HSA-1430728","#3ba5e3","Metabolism","false","Pyrimidine biosynthesis"
"#3ba5e3","0.0","Purine ribonucleoside monophosphate biosynthesis","Purine ribonucleoside monophosphate biosynthesis","R-HSA-1430728","#3ba5e3","Metabolism","false","Purine ribonucleoside monophosphate biosynthesis"
"#3ba5e3","0.3333333333333333","Pyrimidine salvage","Pyrimidine salvage","R-HSA-1430728","#3ba5e3","Metabolism","false","Pyrimidine salvage"
"#3ba5e3","0.23333333333333334","Purine salvage","Purine salvage","R-HSA-1430728","#3ba5e3","Metabolism","false","Purine salvage"
"#3ba5e3","0.21428571428571427","Vitamin D (calciferol) metabolism","Vitamin D (calciferol) metabolism","R-HSA-1430728","#3ba5e3","Metabolism","false","Vitamin D (calciferol) metabolism"
"#5e9ef4","0.0","Intestinal absorption","Intestinal absorption","R-HSA-8963743","#5e9ef4","Digestion and absorption","false","Intestinal absorption"
"#5e9ef4","0.0","Intestinal lipid absorption","Intestinal lipid absorption","R-HSA-8963743","#5e9ef4","Digestion and absorption","false","Intestinal lipid absorption"
"#5e9ef4","0.0","Intestinal hexose absorption","Intestinal hexose absorption","R-HSA-8963743","#5e9ef4","Digestion and absorption","false","Intestinal hexose absorption"
"#3ba5e3","0.0","Tyrosine catabolism","Tyrosine catabolism","R-HSA-1430728","#3ba5e3","Metabolism","false","Tyrosine catabolism"
"#3ba5e3","0.0","Phenylalanine metabolism","Phenylalanine metabolism","R-HSA-1430728","#3ba5e3","Metabolism","false","Phenylalanine metabolism"
"#5e9ef4","0.12195121951219512","Digestion and absorption","Digestion and absorption","R-HSA-8963743","#5e9ef4","Digestion and absorption","false","Digestion and absorption"
"#9ba331","0.0","VLDL assembly","VLDL assembly","R-HSA-382551","#9ba331","Transport of small molecules","false","VLDL assembly"
"#9ba331","0.0","Chylomicron assembly","Chylomicron assembly","R-HSA-382551","#9ba331","Transport of small molecules","false","Chylomicron assembly"
"#9ba331","0.0","HDL assembly","HDL assembly","R-HSA-382551","#9ba331","Transport of small molecules","false","HDL assembly"
"#9ba331","0.0","Assembly of active LPL and LIPC lipase complexes","Assembly of active LPL and LIPC lipase complexes","R-HSA-382551","#9ba331","Transport of small molecules","false","Assembly of active LPL and LIPC lipase complexes"
"#9ba331","0.0","Chylomicron remodeling","Chylomicron remodeling","R-HSA-382551","#9ba331","Transport of small molecules","false","Chylomicron remodeling"
"#9ba331","0.0","LDL remodeling","LDL remodeling","R-HSA-382551","#9ba331","Transport of small molecules","false","LDL remodeling"
"#9ba331","0.1","HDL remodeling","HDL remodeling","R-HSA-382551","#9ba331","Transport of small molecules","false","HDL remodeling"
"#9ba331",,,"R-HSA-8866427","R-HSA-382551","#9ba331","Transport of small molecules","false","R-HSA-8866427"
"#9ba331","0.0","HDL clearance","HDL clearance","R-HSA-382551","#9ba331","Transport of small molecules","false","HDL clearance"
"#9ba331","0.0","Chylomicron clearance","Chylomicron clearance","R-HSA-382551","#9ba331","Transport of small molecules","false","Chylomicron clearance"
"#9ba331","0.0","LDL clearance","LDL clearance","R-HSA-382551","#9ba331","Transport of small molecules","false","LDL clearance"
"#9ba331","0.0","VLDL clearance","VLDL clearance","R-HSA-382551","#9ba331","Transport of small molecules","false","VLDL clearance"
"#3ba5e3","0.16666666666666666","Carnitine metabolism","Carnitine metabolism","R-HSA-1430728","#3ba5e3","Metabolism","false","Carnitine metabolism"
"#3ba5e3","0.0","Tetrahydrobiopterin (BH4) synthesis, recycling, salvage and regulation","Tetrahydrobiopterin (BH4) synthesis, recycling, salvage and regulation","R-HSA-1430728","#3ba5e3","Metabolism","false","Tetrahydrobiopterin (BH4) synthesis, recycling, salvage and regulation"
"#3ba5e3","0.0","Ubiquinol biosynthesis","Ubiquinol biosynthesis","R-HSA-1430728","#3ba5e3","Metabolism","false","Ubiquinol biosynthesis"
"#3ba5e3","0.0","NADPH regeneration","NADPH regeneration","R-HSA-1430728","#3ba5e3","Metabolism","false","NADPH regeneration"
"#3ba5e3","0.0625","Triglyceride catabolism","Triglyceride catabolism","R-HSA-1430728","#3ba5e3","Metabolism","false","Triglyceride catabolism"
"#3ba5e3","0.0","Triglyceride biosynthesis","Triglyceride biosynthesis","R-HSA-1430728","#3ba5e3","Metabolism","false","Triglyceride biosynthesis"
"#3ba5e3","0.0","Glycogen synthesis","Glycogen synthesis","R-HSA-1430728","#3ba5e3","Metabolism","false","Glycogen synthesis"
"#3ba5e3","0.0","Glycogen breakdown (glycogenolysis)","Glycogen breakdown (glycogenolysis)","R-HSA-1430728","#3ba5e3","Metabolism","false","Glycogen breakdown (glycogenolysis)"
"#35ad9f","0.0","Regulation of MECP2 expression and activity","Regulation of MECP2 expression and activity","R-HSA-74160","#35ad9f","Gene expression (Transcription)","false","Regulation of MECP2 expression and activity"
"#35ad9f",,,"R-HSA-9022699","R-HSA-74160","#35ad9f","Gene expression (Transcription)","false","R-HSA-9022699"
"#35ad9f",,,"R-HSA-9022702","R-HSA-74160","#35ad9f","Gene expression (Transcription)","false","R-HSA-9022702"
"#35ad9f",,,"R-HSA-9022707","R-HSA-74160","#35ad9f","Gene expression (Transcription)","false","R-HSA-9022707"
"#35ad9f",,,"R-HSA-9022927","R-HSA-74160","#35ad9f","Gene expression (Transcription)","false","R-HSA-9022927"
"#34b331","0.0","Loss of function of MECP2 in Rett syndrome","Loss of function of MECP2 in Rett syndrome","R-HSA-1643685","#34b331","Disease","false","Loss of function of MECP2 in Rett syndrome"
"#34b331",,"Loss of MECP2 binding ability to 5hmC-DNA","Loss of MECP2 binding ability to 5hmC-DNA","R-HSA-1643685","#34b331","Disease","false","Loss of MECP2 binding ability to 5hmC-DNA"
"#34b331","0.0","Loss of phosphorylation of MECP2 at T308","Loss of phosphorylation of MECP2 at T308","R-HSA-1643685","#34b331","Disease","false","Loss of phosphorylation of MECP2 at T308"
"#34b331",,,"R-HSA-9022537","R-HSA-1643685","#34b331","Disease","false","R-HSA-9022537"
"#34b331",,"Loss of MECP2 binding ability to 5mC-DNA","Loss of MECP2 binding ability to 5mC-DNA","R-HSA-1643685","#34b331","Disease","false","Loss of MECP2 binding ability to 5mC-DNA"
"#34b331","0.0","Pervasive developmental disorders","Pervasive developmental disorders","R-HSA-1643685","#34b331","Disease","false","Pervasive developmental disorders"
"#c77df4","0.0","BDNF activates NTRK2 (TRKB) signaling","BDNF activates NTRK2 (TRKB) signaling","R-HSA-162582","#c77df4","Signal Transduction","false","BDNF activates NTRK2 (TRKB) signaling"
"#c77df4","0.0","NTF3 activates NTRK2 (TRKB) signaling","NTF3 activates NTRK2 (TRKB) signaling","R-HSA-162582","#c77df4","Signal Transduction","false","NTF3 activates NTRK2 (TRKB) signaling"
"#c77df4","0.0","NTF4 activates NTRK2 (TRKB) signaling","NTF4 activates NTRK2 (TRKB) signaling","R-HSA-162582","#c77df4","Signal Transduction","false","NTF4 activates NTRK2 (TRKB) signaling"
"#c77df4","0.0","Activated NTRK2 signals through RAS","Activated NTRK2 signals through RAS","R-HSA-162582","#c77df4","Signal Transduction","false","Activated NTRK2 signals through RAS"
"#c77df4","0.0","Activated NTRK2 signals through PLCG1","Activated NTRK2 signals through PLCG1","R-HSA-162582","#c77df4","Signal Transduction","false","Activated NTRK2 signals through PLCG1"
"#c77df4","0.0","Activated NTRK2 signals through PI3K","Activated NTRK2 signals through PI3K","R-HSA-162582","#c77df4","Signal Transduction","false","Activated NTRK2 signals through PI3K"
"#c77df4","0.0","Activated NTRK2 signals through FRS2 and FRS3","Activated NTRK2 signals through FRS2 and FRS3","R-HSA-162582","#c77df4","Signal Transduction","false","Activated NTRK2 signals through FRS2 and FRS3"
"#c77df4","0.0","Activated NTRK2 signals through FYN","Activated NTRK2 signals through FYN","R-HSA-162582","#c77df4","Signal Transduction","false","Activated NTRK2 signals through FYN"
"#c77df4","0.0","Activated NTRK2 signals through CDK5","Activated NTRK2 signals through CDK5","R-HSA-162582","#c77df4","Signal Transduction","false","Activated NTRK2 signals through CDK5"
"#c77df4","0.0","Erythropoietin activates Phosphoinositide-3-kinase (PI3K)","Erythropoietin activates Phosphoinositide-3-kinase (PI3K)","R-HSA-162582","#c77df4","Signal Transduction","false","Erythropoietin activates Phosphoinositide-3-kinase (PI3K)"
"#c77df4","0.0","Erythropoietin activates Phospholipase C gamma (PLCG)","Erythropoietin activates Phospholipase C gamma (PLCG)","R-HSA-162582","#c77df4","Signal Transduction","false","Erythropoietin activates Phospholipase C gamma (PLCG)"
"#c77df4","0.0","Erythropoietin activates STAT5","Erythropoietin activates STAT5","R-HSA-162582","#c77df4","Signal Transduction","false","Erythropoietin activates STAT5"
"#c77df4","0.0","Erythropoietin activates RAS","Erythropoietin activates RAS","R-HSA-162582","#c77df4","Signal Transduction","false","Erythropoietin activates RAS"
"#34b331",,,"R-HSA-9006821","R-HSA-1643685","#34b331","Disease","false","R-HSA-9006821"
"#34b331",,,"R-HSA-9670621","R-HSA-1643685","#34b331","Disease","false","R-HSA-9670621"
"#c77df4","0.0","NR1H2 and NR1H3-mediated signaling","NR1H2 and NR1H3-mediated signaling","R-HSA-162582","#c77df4","Signal Transduction","false","NR1H2 and NR1H3-mediated signaling"
"#c77df4","0.0","Signaling by MST1","Signaling by MST1","R-HSA-162582","#c77df4","Signal Transduction","false","Signaling by MST1"
"#c77df4","0.0","Signaling by LTK","Signaling by LTK","R-HSA-162582","#c77df4","Signal Transduction","false","Signaling by LTK"
"#c77df4","0.0","Signaling by BMP","Signaling by BMP","R-HSA-162582","#c77df4","Signal Transduction","false","Signaling by BMP"
"#c77df4","0.5","Signaling by TGFBR3","Signaling by TGFBR3","R-HSA-162582","#c77df4","Signal Transduction","false","Signaling by TGFBR3"
"#34b082","0.25","TBC/RABGAPs","TBC/RABGAPs","R-HSA-5653656","#34b082","Vesicle-mediated transport","false","TBC/RABGAPs"
"#34b082","0.0","RAB GEFs exchange GTP for GDP on RABs","RAB GEFs exchange GTP for GDP on RABs","R-HSA-5653656","#34b082","Vesicle-mediated transport","false","RAB GEFs exchange GTP for GDP on RABs"
"#c77df4","0.0","Estrogen-stimulated signaling through PRKCZ","Estrogen-stimulated signaling through PRKCZ","R-HSA-162582","#c77df4","Signal Transduction","false","Estrogen-stimulated signaling through PRKCZ"
"#c77df4","0.0","Estrogen-dependent nuclear events downstream of ESR-membrane signaling","Estrogen-dependent nuclear events downstream of ESR-membrane signaling","R-HSA-162582","#c77df4","Signal Transduction","false","Estrogen-dependent nuclear events downstream of ESR-membrane signaling"
"#35ae92","0.09090909090909091","ER Quality Control Compartment (ERQC)","ER Quality Control Compartment (ERQC)","R-HSA-392499","#35ae92","Metabolism of proteins","false","ER Quality Control Compartment (ERQC)"
"#c77df4","0.0","NOTCH3 Activation and Transmission of Signal to the Nucleus","NOTCH3 Activation and Transmission of Signal to the Nucleus","R-HSA-162582","#c77df4","Signal Transduction","false","NOTCH3 Activation and Transmission of Signal to the Nucleus"
"#c77df4",,,"R-HSA-9013508","R-HSA-162582","#c77df4","Signal Transduction","false","R-HSA-9013508"
"#c77df4","0.0","RHOA GTPase cycle","RHOA GTPase cycle","R-HSA-162582","#c77df4","Signal Transduction","false","RHOA GTPase cycle"
"#c77df4","0.0","RHOB GTPase cycle","RHOB GTPase cycle","R-HSA-162582","#c77df4","Signal Transduction","false","RHOB GTPase cycle"
"#c77df4","0.0","RHOC GTPase cycle","RHOC GTPase cycle","R-HSA-162582","#c77df4","Signal Transduction","false","RHOC GTPase cycle"
"#c77df4","0.0","CDC42 GTPase cycle","CDC42 GTPase cycle","R-HSA-162582","#c77df4","Signal Transduction","false","CDC42 GTPase cycle"
"#c77df4","0.0","RAC1 GTPase cycle","RAC1 GTPase cycle","R-HSA-162582","#c77df4","Signal Transduction","false","RAC1 GTPase cycle"
"#c77df4","0.0","RAC2 GTPase cycle","RAC2 GTPase cycle","R-HSA-162582","#c77df4","Signal Transduction","false","RAC2 GTPase cycle"
"#c77df4","0.0","RHOD GTPase cycle","RHOD GTPase cycle","R-HSA-162582","#c77df4","Signal Transduction","false","RHOD GTPase cycle"
"#c77df4","0.0","RHOQ GTPase cycle","RHOQ GTPase cycle","R-HSA-162582","#c77df4","Signal Transduction","false","RHOQ GTPase cycle"
"#c77df4",,"RHOH GTPase cycle","RHOH GTPase cycle","R-HSA-162582","#c77df4","Signal Transduction","false","RHOH GTPase cycle"
"#c77df4","0.0","RHOG GTPase cycle","RHOG GTPase cycle","R-HSA-162582","#c77df4","Signal Transduction","false","RHOG GTPase cycle"
"#c77df4","0.0","RHOJ GTPase cycle","RHOJ GTPase cycle","R-HSA-162582","#c77df4","Signal Transduction","false","RHOJ GTPase cycle"
"#c77df4","0.0","RHOU GTPase cycle","RHOU GTPase cycle","R-HSA-162582","#c77df4","Signal Transduction","false","RHOU GTPase cycle"
"#c77df4","0.0","RAC3 GTPase cycle","RAC3 GTPase cycle","R-HSA-162582","#c77df4","Signal Transduction","false","RAC3 GTPase cycle"
"#c77df4","0.0","RHOV GTPase cycle","RHOV GTPase cycle","R-HSA-162582","#c77df4","Signal Transduction","false","RHOV GTPase cycle"
"#c77df4","0.0","RHOF GTPase cycle","RHOF GTPase cycle","R-HSA-162582","#c77df4","Signal Transduction","false","RHOF GTPase cycle"
"#c77df4",,"RND3 GTPase cycle","RND3 GTPase cycle","R-HSA-162582","#c77df4","Signal Transduction","false","RND3 GTPase cycle"
"#c77df4",,"RND2 GTPase cycle","RND2 GTPase cycle","R-HSA-162582","#c77df4","Signal Transduction","false","RND2 GTPase cycle"
"#c77df4",,"RND1 GTPase cycle","RND1 GTPase cycle","R-HSA-162582","#c77df4","Signal Transduction","false","RND1 GTPase cycle"
"#c77df4",,"RHOBTB GTPase Cycle","RHOBTB GTPase Cycle","R-HSA-162582","#c77df4","Signal Transduction","false","RHOBTB GTPase Cycle"
"#c77df4",,,"R-HSA-9017802","R-HSA-162582","#c77df4","Signal Transduction","false","R-HSA-9017802"
"#c77df4",,,"R-HSA-9013695","R-HSA-162582","#c77df4","Signal Transduction","false","R-HSA-9013695"
"#c77df4",,"NOTCH4 Activation and Transmission of Signal to the Nucleus","NOTCH4 Activation and Transmission of Signal to the Nucleus","R-HSA-162582","#c77df4","Signal Transduction","false","NOTCH4 Activation and Transmission of Signal to the Nucleus"
"#c77df4","0.0","Negative regulation of NOTCH4 signaling","Negative regulation of NOTCH4 signaling","R-HSA-162582","#c77df4","Signal Transduction","false","Negative regulation of NOTCH4 signaling"
"#37abb4","0.0","Regulation of TBK1, IKKε-mediated activation of IRF3, IRF7 upon TLR3 ligation","Regulation of TBK1, IKKε-mediated activation of IRF3, IRF7 upon TLR3 ligation","R-HSA-168256","#37abb4","Immune System","false","Regulation of TBK1, IKKε-mediated activation of IRF3, IRF7 upon TLR3 ligation"
"#3ba5e3","0.0","Biosynthesis of DHA-derived SPMs","Biosynthesis of DHA-derived SPMs","R-HSA-1430728","#3ba5e3","Metabolism","false","Biosynthesis of DHA-derived SPMs"
"#3ba5e3","0.0","Biosynthesis of D-series resolvins","Biosynthesis of D-series resolvins","R-HSA-1430728","#3ba5e3","Metabolism","false","Biosynthesis of D-series resolvins"
"#3ba5e3","0.0","Biosynthesis of protectins","Biosynthesis of protectins","R-HSA-1430728","#3ba5e3","Metabolism","false","Biosynthesis of protectins"
"#3ba5e3","0.0","Biosynthesis of maresins","Biosynthesis of maresins","R-HSA-1430728","#3ba5e3","Metabolism","false","Biosynthesis of maresins"
"#3ba5e3","0.0","Biosynthesis of aspirin-triggered D-series resolvins","Biosynthesis of aspirin-triggered D-series resolvins","R-HSA-1430728","#3ba5e3","Metabolism","false","Biosynthesis of aspirin-triggered D-series resolvins"
"#3ba5e3","0.0","Biosynthesis of DHA-derived sulfido conjugates","Biosynthesis of DHA-derived sulfido conjugates","R-HSA-1430728","#3ba5e3","Metabolism","false","Biosynthesis of DHA-derived sulfido conjugates"
"#3ba5e3","0.0","Synthesis of Lipoxins (LX)","Synthesis of Lipoxins (LX)","R-HSA-1430728","#3ba5e3","Metabolism","false","Synthesis of Lipoxins (LX)"
"#3ba5e3","0.038461538461538464","Biosynthesis of EPA-derived SPMs","Biosynthesis of EPA-derived SPMs","R-HSA-1430728","#3ba5e3","Metabolism","false","Biosynthesis of EPA-derived SPMs"
"#3ba5e3","0.03333333333333333","Biosynthesis of DPA-derived SPMs","Biosynthesis of DPA-derived SPMs","R-HSA-1430728","#3ba5e3","Metabolism","false","Biosynthesis of DPA-derived SPMs"
"#3ba5e3","0.04","Biosynthesis of electrophilic ω-3 PUFA oxo-derivatives","Biosynthesis of electrophilic ω-3 PUFA oxo-derivatives","R-HSA-1430728","#3ba5e3","Metabolism","false","Biosynthesis of electrophilic ω-3 PUFA oxo-derivatives"
"#3ba5e3","0.05555555555555555","Biosynthesis of E-series 18(S)-resolvins","Biosynthesis of E-series 18(S)-resolvins","R-HSA-1430728","#3ba5e3","Metabolism","false","Biosynthesis of E-series 18(S)-resolvins"
"#3ba5e3","0.0","Biosynthesis of E-series 18(R)-resolvins","Biosynthesis of E-series 18(R)-resolvins","R-HSA-1430728","#3ba5e3","Metabolism","false","Biosynthesis of E-series 18(R)-resolvins"
"#3ba5e3","0.0","Biosynthesis of maresin-like SPMs","Biosynthesis of maresin-like SPMs","R-HSA-1430728","#3ba5e3","Metabolism","false","Biosynthesis of maresin-like SPMs"
"#3ba5e3","0.0","Biosynthesis of DPAn-3 SPMs","Biosynthesis of DPAn-3 SPMs","R-HSA-1430728","#3ba5e3","Metabolism","false","Biosynthesis of DPAn-3 SPMs"
"#3ba5e3","0.25","Biosynthesis of DPAn-6 SPMs","Biosynthesis of DPAn-6 SPMs","R-HSA-1430728","#3ba5e3","Metabolism","false","Biosynthesis of DPAn-6 SPMs"
"#37abb4",,,"R-HSA-8950505","R-HSA-168256","#37abb4","Immune System","false","R-HSA-8950505"
"#c77df4","0.0","NR1H2 & NR1H3 regulate gene expression linked to lipogenesis","NR1H2 & NR1H3 regulate gene expression linked to lipogenesis","R-HSA-162582","#c77df4","Signal Transduction","false","NR1H2 & NR1H3 regulate gene expression linked to lipogenesis"
"#c77df4","0.0","NR1H3 & NR1H2 regulate gene expression linked to cholesterol transport and efflux","NR1H3 & NR1H2 regulate gene expression linked to cholesterol transport and efflux","R-HSA-162582","#c77df4","Signal Transduction","false","NR1H3 & NR1H2 regulate gene expression linked to cholesterol transport and efflux"
"#c77df4","0.0","NR1H2 & NR1H3 regulate gene expression to limit cholesterol uptake","NR1H2 & NR1H3 regulate gene expression to limit cholesterol uptake","R-HSA-162582","#c77df4","Signal Transduction","false","NR1H2 & NR1H3 regulate gene expression to limit cholesterol uptake"
"#c77df4","0.0","NR1H2 & NR1H3 regulate gene expression linked to triglyceride lipolysis in adipose","NR1H2 & NR1H3 regulate gene expression linked to triglyceride lipolysis in adipose","R-HSA-162582","#c77df4","Signal Transduction","false","NR1H2 & NR1H3 regulate gene expression linked to triglyceride lipolysis in adipose"
"#c77df4","0.0","NR1H2 & NR1H3 regulate gene expression to control bile acid homeostasis","NR1H2 & NR1H3 regulate gene expression to control bile acid homeostasis","R-HSA-162582","#c77df4","Signal Transduction","false","NR1H2 & NR1H3 regulate gene expression to control bile acid homeostasis"
"#c77df4","0.0","NR1H2 & NR1H3 regulate gene expression linked to gluconeogenesis","NR1H2 & NR1H3 regulate gene expression linked to gluconeogenesis","R-HSA-162582","#c77df4","Signal Transduction","false","NR1H2 & NR1H3 regulate gene expression linked to gluconeogenesis"
"#3ba5e3","0.0","Biosynthesis of DPAn-3-derived protectins and resolvins","Biosynthesis of DPAn-3-derived protectins and resolvins","R-HSA-1430728","#3ba5e3","Metabolism","false","Biosynthesis of DPAn-3-derived protectins and resolvins"
"#3ba5e3","0.0","Biosynthesis of DPAn-3-derived maresins","Biosynthesis of DPAn-3-derived maresins","R-HSA-1430728","#3ba5e3","Metabolism","false","Biosynthesis of DPAn-3-derived maresins"
"#3ba5e3","0.0","Biosynthesis of DPAn-3-derived 13-series resolvins","Biosynthesis of DPAn-3-derived 13-series resolvins","R-HSA-1430728","#3ba5e3","Metabolism","false","Biosynthesis of DPAn-3-derived 13-series resolvins"
"#3ba5e3","0.0","Biosynthesis of maresin conjugates in tissue regeneration (MCTR)","Biosynthesis of maresin conjugates in tissue regeneration (MCTR)","R-HSA-1430728","#3ba5e3","Metabolism","false","Biosynthesis of maresin conjugates in tissue regeneration (MCTR)"
"#3ba5e3","0.0","Biosynthesis of protectin and resolvin conjugates in tissue regeneration (PCTR and RCTR)","Biosynthesis of protectin and resolvin conjugates in tissue regeneration (PCTR and RCTR)","R-HSA-1430728","#3ba5e3","Metabolism","false","Biosynthesis of protectin and resolvin conjugates in tissue regeneration (PCTR and RCTR)"
"#c77df4","0.0","NTRK2 activates RAC1","NTRK2 activates RAC1","R-HSA-162582","#c77df4","Signal Transduction","false","NTRK2 activates RAC1"
"#89a731","0.0","Peroxisomal protein import","Peroxisomal protein import","R-HSA-9609507","#89a731","Protein localization","false","Peroxisomal protein import"
"#89a731",,"TYSND1 cleaves peroxisomal proteins","TYSND1 cleaves peroxisomal proteins","R-HSA-9609507","#89a731","Protein localization","false","TYSND1 cleaves peroxisomal proteins"
"#3ba5e3","0.0","ABO blood group biosynthesis","ABO blood group biosynthesis","R-HSA-1430728","#3ba5e3","Metabolism","false","ABO blood group biosynthesis"
"#3ba5e3",,,"R-HSA-9037628","R-HSA-1430728","#3ba5e3","Metabolism","false","R-HSA-9037628"
"#3ba5e3","0.0","Lewis blood group biosynthesis","Lewis blood group biosynthesis","R-HSA-1430728","#3ba5e3","Metabolism","false","Lewis blood group biosynthesis"
"#c77df4","0.0","NTF3 activates NTRK3 signaling","NTF3 activates NTRK3 signaling","R-HSA-162582","#c77df4","Signal Transduction","false","NTF3 activates NTRK3 signaling"
"#c77df4","0.0","Activated NTRK3 signals through PLCG1","Activated NTRK3 signals through PLCG1","R-HSA-162582","#c77df4","Signal Transduction","false","Activated NTRK3 signals through PLCG1"
"#c77df4","0.0","Activated NTRK3 signals through RAS","Activated NTRK3 signals through RAS","R-HSA-162582","#c77df4","Signal Transduction","false","Activated NTRK3 signals through RAS"
"#c77df4","0.0","Activated NTRK3 signals through PI3K","Activated NTRK3 signals through PI3K","R-HSA-162582","#c77df4","Signal Transduction","false","Activated NTRK3 signals through PI3K"
"#c77df4",,"NTRK3 as a dependence receptor","NTRK3 as a dependence receptor","R-HSA-162582","#c77df4","Signal Transduction","false","NTRK3 as a dependence receptor"
"#c77df4",,"NGF processing","NGF processing","R-HSA-162582","#c77df4","Signal Transduction","false","NGF processing"
"#37abb4","0.0","Interferon alpha/beta signaling","Interferon alpha/beta signaling","R-HSA-168256","#37abb4","Immune System","false","Interferon alpha/beta signaling"
"#37abb4","0.0","Regulation of IFNA/IFNB signaling","Regulation of IFNA/IFNB signaling","R-HSA-168256","#37abb4","Immune System","false","Regulation of IFNA/IFNB signaling"
"#35ae92","0.0","Termination of O-glycan biosynthesis","Termination of O-glycan biosynthesis","R-HSA-392499","#35ae92","Metabolism of proteins","false","Termination of O-glycan biosynthesis"
"#9ba331","0.0","Transferrin endocytosis and recycling","Transferrin endocytosis and recycling","R-HSA-382551","#9ba331","Transport of small molecules","false","Transferrin endocytosis and recycling"
"#f565ce","0.0","Nonsense Mediated Decay (NMD) independent of the Exon Junction Complex (EJC)","Nonsense Mediated Decay (NMD) independent of the Exon Junction Complex (EJC)","R-HSA-8953854","#f565ce","Metabolism of RNA","false","Nonsense Mediated Decay (NMD) independent of the Exon Junction Complex (EJC)"
"#f565ce","0.0","Nonsense Mediated Decay (NMD) enhanced by the Exon Junction Complex (EJC)","Nonsense Mediated Decay (NMD) enhanced by the Exon Junction Complex (EJC)","R-HSA-8953854","#f565ce","Metabolism of RNA","false","Nonsense Mediated Decay (NMD) enhanced by the Exon Junction Complex (EJC)"
"#37abb4","0.0","Activation of IRF3, IRF7 mediated by TBK1, IKKε (IKBKE)","Activation of IRF3, IRF7 mediated by TBK1, IKKε (IKBKE)","R-HSA-168256","#37abb4","Immune System","false","Activation of IRF3, IRF7 mediated by TBK1, IKKε (IKBKE)"
"#37abb4",,"Regulation of TBK1, IKKε (IKBKE)-mediated activation of IRF3, IRF7","Regulation of TBK1, IKKε (IKBKE)-mediated activation of IRF3, IRF7","R-HSA-168256","#37abb4","Immune System","false","Regulation of TBK1, IKKε (IKBKE)-mediated activation of IRF3, IRF7"
"#37abb4",,"TRIF-mediated programmed cell death","TRIF-mediated programmed cell death","R-HSA-168256","#37abb4","Immune System","false","TRIF-mediated programmed cell death"
"#37abb4","0.0","IKK complex recruitment mediated by RIP1","IKK complex recruitment mediated by RIP1","R-HSA-168256","#37abb4","Immune System","false","IKK complex recruitment mediated by RIP1"
"#37abb4","0.0","TRAF6-mediated induction of TAK1 complex within TLR4 complex","TRAF6-mediated induction of TAK1 complex within TLR4 complex","R-HSA-168256","#37abb4","Immune System","false","TRAF6-mediated induction of TAK1 complex within TLR4 complex"
"#35ae92","0.08333333333333333","N-glycan trimming and elongation in the cis-Golgi","N-glycan trimming and elongation in the cis-Golgi","R-HSA-392499","#35ae92","Metabolism of proteins","false","N-glycan trimming and elongation in the cis-Golgi"
"#35ae92","0.05","N-glycan antennae elongation in the medial/trans-Golgi","N-glycan antennae elongation in the medial/trans-Golgi","R-HSA-392499","#35ae92","Metabolism of proteins","false","N-glycan antennae elongation in the medial/trans-Golgi"
"#34b331","0.0","Diseases of Base Excision Repair","Diseases of Base Excision Repair","R-HSA-1643685","#34b331","Disease","false","Diseases of Base Excision Repair"
"#34b331",,"Defective Base Excision Repair Associated with MUTYH","Defective Base Excision Repair Associated with MUTYH","R-HSA-1643685","#34b331","Disease","false","Defective Base Excision Repair Associated with MUTYH"
"#34b331",,"Defective Base Excision Repair Associated with NTHL1","Defective Base Excision Repair Associated with NTHL1","R-HSA-1643685","#34b331","Disease","false","Defective Base Excision Repair Associated with NTHL1"
"#34b331",,"Defective Base Excision Repair Associated with NEIL1","Defective Base Excision Repair Associated with NEIL1","R-HSA-1643685","#34b331","Disease","false","Defective Base Excision Repair Associated with NEIL1"
"#34b331",,"Defective Base Excision Repair Associated with NEIL3","Defective Base Excision Repair Associated with NEIL3","R-HSA-1643685","#34b331","Disease","false","Defective Base Excision Repair Associated with NEIL3"
"#34b331","0.0","Defective Base Excision Repair Associated with OGG1","Defective Base Excision Repair Associated with OGG1","R-HSA-1643685","#34b331","Disease","false","Defective Base Excision Repair Associated with OGG1"
"#34b331",,"Defective MUTYH substrate binding","Defective MUTYH substrate binding","R-HSA-1643685","#34b331","Disease","false","Defective MUTYH substrate binding"
"#34b331",,"Defective MUTYH substrate processing","Defective MUTYH substrate processing","R-HSA-1643685","#34b331","Disease","false","Defective MUTYH substrate processing"
"#37abb4","0.0","STAT5 Activation","STAT5 Activation","R-HSA-168256","#37abb4","Immune System","false","STAT5 Activation"
"#37abb4","0.0","Negative regulation of FLT3","Negative regulation of FLT3","R-HSA-168256","#37abb4","Immune System","false","Negative regulation of FLT3"
"#37abb4",,,"R-HSA-9706374","R-HSA-168256","#37abb4","Immune System","false","R-HSA-9706374"
"#89a731","0.0","Protein localization","Protein localization","R-HSA-9609507","#89a731","Protein localization","false","Protein localization"
"#89a731","0.0","Mitochondrial protein import","Mitochondrial protein import","R-HSA-9609507","#89a731","Protein localization","false","Mitochondrial protein import"
"#89a731",,,"R-HSA-9603798","R-HSA-9609507","#89a731","Protein localization","false","R-HSA-9603798"
"#89a731","0.0","Insertion of tail-anchored proteins into the endoplasmic reticulum membrane","Insertion of tail-anchored proteins into the endoplasmic reticulum membrane","R-HSA-9609507","#89a731","Protein localization","false","Insertion of tail-anchored proteins into the endoplasmic reticulum membrane"
"#34b331","0.0","HCMV Infection","HCMV Infection","R-HSA-1643685","#34b331","Disease","false","HCMV Infection"
"#34b331","0.0","HCMV Early Events","HCMV Early Events","R-HSA-1643685","#34b331","Disease","false","HCMV Early Events"
"#34b331",,"HCMV Late Events","HCMV Late Events","R-HSA-1643685","#34b331","Disease","false","HCMV Late Events"
"#f77189","0.0","Autophagy","Autophagy","R-HSA-9612973","#f77189","Autophagy","false","Autophagy"
"#f77189","0.0","Chaperone Mediated Autophagy","Chaperone Mediated Autophagy","R-HSA-9612973","#f77189","Autophagy","false","Chaperone Mediated Autophagy"
"#f77189","0.0","Late endosomal microautophagy","Late endosomal microautophagy","R-HSA-9612973","#f77189","Autophagy","false","Late endosomal microautophagy"
"#35ad9f","0.0","Regulation of localization of FOXO transcription factors","Regulation of localization of FOXO transcription factors","R-HSA-74160","#35ad9f","Gene expression (Transcription)","false","Regulation of localization of FOXO transcription factors"
"#35ad9f",,,"R-HSA-9614657","R-HSA-74160","#35ad9f","Gene expression (Transcription)","false","R-HSA-9614657"
"#35ad9f","1.0","FOXO-mediated transcription of oxidative stress, metabolic and neuronal genes","FOXO-mediated transcription of oxidative stress, metabolic and neuronal genes","R-HSA-74160","#35ad9f","Gene expression (Transcription)","false","FOXO-mediated transcription of oxidative stress, metabolic and neuronal genes"
"#35ad9f","0.0","Regulation of FOXO transcriptional activity by acetylation","Regulation of FOXO transcriptional activity by acetylation","R-HSA-74160","#35ad9f","Gene expression (Transcription)","false","Regulation of FOXO transcriptional activity by acetylation"
"#35ad9f",,,"R-HSA-9617828","R-HSA-74160","#35ad9f","Gene expression (Transcription)","false","R-HSA-9617828"
"#34b331",,"Defective NTHL1 substrate processing","Defective NTHL1 substrate processing","R-HSA-1643685","#34b331","Disease","false","Defective NTHL1 substrate processing"
"#34b331",,"Defective NTHL1 substrate binding","Defective NTHL1 substrate binding","R-HSA-1643685","#34b331","Disease","false","Defective NTHL1 substrate binding"
"#34b331",,,"R-HSA-9630747","R-HSA-1643685","#34b331","Disease","false","R-HSA-9630747"
"#34b331",,,"R-HSA-9630750","R-HSA-1643685","#34b331","Disease","false","R-HSA-9630750"
"#34b331",,,"R-HSA-9632693","R-HSA-1643685","#34b331","Disease","false","R-HSA-9632693"
"#34b331",,,"R-HSA-9646303","R-HSA-1643685","#34b331","Disease","false","R-HSA-9646303"
"#34b331",,,"R-HSA-9646304","R-HSA-1643685","#34b331","Disease","false","R-HSA-9646304"
"#34b331",,,"R-HSA-9630791","R-HSA-1643685","#34b331","Disease","false","R-HSA-9630791"
"#34b331",,,"R-HSA-9630794","R-HSA-1643685","#34b331","Disease","false","R-HSA-9630794"
"#34b331",,,"R-HSA-9632697","R-HSA-1643685","#34b331","Disease","false","R-HSA-9632697"
"#34b331",,,"R-HSA-9632700","R-HSA-1643685","#34b331","Disease","false","R-HSA-9632700"
"#35ad9f","0.6","Regulation of NPAS4 gene expression","Regulation of NPAS4 gene expression","R-HSA-74160","#35ad9f","Gene expression (Transcription)","false","Regulation of NPAS4 gene expression"
"#35ad9f","0.0","NPAS4 regulates expression of target genes","NPAS4 regulates expression of target genes","R-HSA-74160","#35ad9f","Gene expression (Transcription)","false","NPAS4 regulates expression of target genes"
"#34b331","0.04","Infection with Mycobacterium tuberculosis","Infection with Mycobacterium tuberculosis","R-HSA-1643685","#34b331","Disease","false","Infection with Mycobacterium tuberculosis"
"#34b331",,,"R-HSA-9637628","R-HSA-1643685","#34b331","Disease","false","R-HSA-9637628"
"#34b331","0.0","Escape of Mtb from the phagocyte","Escape of Mtb from the phagocyte","R-HSA-1643685","#34b331","Disease","false","Escape of Mtb from the phagocyte"
"#34b331","0.0","Response of Mtb to phagocytosis","Response of Mtb to phagocytosis","R-HSA-1643685","#34b331","Disease","false","Response of Mtb to phagocytosis"
"#34b331","0.0","Antimicrobial action and antimicrobial resistance in Mtb","Antimicrobial action and antimicrobial resistance in Mtb","R-HSA-1643685","#34b331","Disease","false","Antimicrobial action and antimicrobial resistance in Mtb"
"#34b331","0.0","Phagocyte cell death caused by cytosolic Mtb","Phagocyte cell death caused by cytosolic Mtb","R-HSA-1643685","#34b331","Disease","false","Phagocyte cell death caused by cytosolic Mtb"
"#34b331","0.0","Suppression of phagosomal maturation","Suppression of phagosomal maturation","R-HSA-1643685","#34b331","Disease","false","Suppression of phagosomal maturation"
"#34b331",,,"R-HSA-9636249","R-HSA-1643685","#34b331","Disease","false","R-HSA-9636249"
"#34b331","0.0","Prevention of phagosomal-lysosomal fusion","Prevention of phagosomal-lysosomal fusion","R-HSA-1643685","#34b331","Disease","false","Prevention of phagosomal-lysosomal fusion"
"#34b331",,,"R-HSA-9636467","R-HSA-1643685","#34b331","Disease","false","R-HSA-9636467"
"#34b331","0.0","Suppression of apoptosis","Suppression of apoptosis","R-HSA-1643685","#34b331","Disease","false","Suppression of apoptosis"
"#34b331",,,"R-HSA-9635644","R-HSA-1643685","#34b331","Disease","false","R-HSA-9635644"
"#34b331","0.0","Suppression of autophagy","Suppression of autophagy","R-HSA-1643685","#34b331","Disease","false","Suppression of autophagy"
"#34b331",,,"R-HSA-9636667","R-HSA-1643685","#34b331","Disease","false","R-HSA-9636667"
"#34b331",,"Defective RIPK1-mediated regulated necrosis","Defective RIPK1-mediated regulated necrosis","R-HSA-1643685","#34b331","Disease","false","Defective RIPK1-mediated regulated necrosis"
"#34b331","0.0","Defective pyroptosis","Defective pyroptosis","R-HSA-1643685","#34b331","Disease","false","Defective pyroptosis"
"#34b331","0.0","Defective Intrinsic Pathway for Apoptosis","Defective Intrinsic Pathway for Apoptosis","R-HSA-1643685","#34b331","Disease","false","Defective Intrinsic Pathway for Apoptosis"
"#35ae92","0.16666666666666666","Progressive trimming of alpha-1,2-linked mannose residues from Man9/8/7GlcNAc2 to produce Man5GlcNAc2","Progressive trimming of alpha-1,2-linked mannose residues from Man9/8/7GlcNAc2 to produce Man5GlcNAc2","R-HSA-392499","#35ae92","Metabolism of proteins","false","Progressive trimming of alpha-1,2-linked mannose residues from Man9/8/7GlcNAc2 to produce Man5GlcNAc2"
"#34b331",,"Signaling by RAS GAP mutants","Signaling by RAS GAP mutants","R-HSA-1643685","#34b331","Disease","false","Signaling by RAS GAP mutants"
"#34b331",,"Signaling by RAS GTPase mutants","Signaling by RAS GTPase mutants","R-HSA-1643685","#34b331","Disease","false","Signaling by RAS GTPase mutants"
"#34b331","0.0","Defects of contact activation system (CAS) and kallikrein/kinin system (KKS)","Defects of contact activation system (CAS) and kallikrein/kinin system (KKS)","R-HSA-1643685","#34b331","Disease","false","Defects of contact activation system (CAS) and kallikrein/kinin system (KKS)"
"#34b331",,"Defective factor XII causes hereditary angioedema","Defective factor XII causes hereditary angioedema","R-HSA-1643685","#34b331","Disease","false","Defective factor XII causes hereditary angioedema"
"#34b331",,,"R-HSA-9657689","R-HSA-1643685","#34b331","Disease","false","R-HSA-9657689"
"#34b331","0.0","Defective factor VIII causes hemophilia A","Defective factor VIII causes hemophilia A","R-HSA-1643685","#34b331","Disease","false","Defective factor VIII causes hemophilia A"
"#34b331","0.0","Defective factor IX causes hemophilia B","Defective factor IX causes hemophilia B","R-HSA-1643685","#34b331","Disease","false","Defective factor IX causes hemophilia B"
"#34b331",,"Defective factor IX causes thrombophilia","Defective factor IX causes thrombophilia","R-HSA-1643685","#34b331","Disease","false","Defective factor IX causes thrombophilia"
"#34b331",,"Defective OGG1 Substrate Binding","Defective OGG1 Substrate Binding","R-HSA-1643685","#34b331","Disease","false","Defective OGG1 Substrate Binding"
"#34b331","0.0","Defective OGG1 Substrate Processing","Defective OGG1 Substrate Processing","R-HSA-1643685","#34b331","Disease","false","Defective OGG1 Substrate Processing"
"#34b331",,,"R-HSA-9657050","R-HSA-1643685","#34b331","Disease","false","R-HSA-9657050"
"#34b331","0.047619047619047616","Leishmania infection","Leishmania infection","R-HSA-1643685","#34b331","Disease","false","Leishmania infection"
"#34b331","0.0","Parasite infection","Parasite infection","R-HSA-1643685","#34b331","Disease","false","Parasite infection"
"#34b331","0.0","Killing mechanisms","Killing mechanisms","R-HSA-1643685","#34b331","Disease","false","Killing mechanisms"
"#34b331","0.0","Cell recruitment (pro-inflammatory response)","Cell recruitment (pro-inflammatory response)","R-HSA-1643685","#34b331","Disease","false","Cell recruitment (pro-inflammatory response)"
"#34b331","0.08695652173913043","Leishmania parasite growth and survival","Leishmania parasite growth and survival","R-HSA-1643685","#34b331","Disease","false","Leishmania parasite growth and survival"
"#c89332","0.125","Sensory processing of sound","Sensory processing of sound","R-HSA-9709957","#c89332","Sensory Perception","false","Sensory processing of sound"
"#c89332","0.0","Sensory processing of sound by inner hair cells of the cochlea","Sensory processing of sound by inner hair cells of the cochlea","R-HSA-9709957","#c89332","Sensory Perception","false","Sensory processing of sound by inner hair cells of the cochlea"
"#c89332","0.125","Sensory processing of sound by outer hair cells of the cochlea","Sensory processing of sound by outer hair cells of the cochlea","R-HSA-9709957","#c89332","Sensory Perception","false","Sensory processing of sound by outer hair cells of the cochlea"
"#34b331",,,"R-HSA-9659787","R-HSA-1643685","#34b331","Disease","false","R-HSA-9659787"
"#34b331",,,"R-HSA-9661069","R-HSA-1643685","#34b331","Disease","false","R-HSA-9661069"
"#34b331",,,"R-HSA-9661070","R-HSA-1643685","#34b331","Disease","false","R-HSA-9661070"
"#34b331","0.0","SHOC2 M1731 mutant abolishes MRAS complex function","SHOC2 M1731 mutant abolishes MRAS complex function","R-HSA-1643685","#34b331","Disease","false","SHOC2 M1731 mutant abolishes MRAS complex function"
"#34b331","0.0","Gain-of-function MRAS complexes activate RAF signaling","Gain-of-function MRAS complexes activate RAF signaling","R-HSA-1643685","#34b331","Disease","false","Gain-of-function MRAS complexes activate RAF signaling"
"#34b331",,,"R-HSA-9672387","R-HSA-1643685","#34b331","Disease","false","R-HSA-9672387"
"#34b331",,"Defective F8 cleavage by thrombin","Defective F8 cleavage by thrombin","R-HSA-1643685","#34b331","Disease","false","Defective F8 cleavage by thrombin"
"#34b331",,,"R-HSA-9672393","R-HSA-1643685","#34b331","Disease","false","R-HSA-9672393"
"#34b331",,,"R-HSA-9672395","R-HSA-1643685","#34b331","Disease","false","R-HSA-9672395"
"#34b331",,"Defective cofactor function of FVIIIa variant","Defective cofactor function of FVIIIa variant","R-HSA-1643685","#34b331","Disease","false","Defective cofactor function of FVIIIa variant"
"#34b331",,,"R-HSA-9672397","R-HSA-1643685","#34b331","Disease","false","R-HSA-9672397"
"#34b331",,"Defective F8 sulfation at Y1699","Defective F8 sulfation at Y1699","R-HSA-1643685","#34b331","Disease","false","Defective F8 sulfation at Y1699"
"#c89332","0.0","Acetylcholine inhibits contraction of outer hair cells","Acetylcholine inhibits contraction of outer hair cells","R-HSA-9709957","#c89332","Sensory Perception","false","Acetylcholine inhibits contraction of outer hair cells"
"#34b331","0.08695652173913043","Anti-inflammatory response favouring Leishmania parasite infection","Anti-inflammatory response favouring Leishmania parasite infection","R-HSA-1643685","#34b331","Disease","false","Anti-inflammatory response favouring Leishmania parasite infection"
"#34b331","0.14285714285714285","ADORA2B mediated anti-inflammatory cytokines production","ADORA2B mediated anti-inflammatory cytokines production","R-HSA-1643685","#34b331","Disease","false","ADORA2B mediated anti-inflammatory cytokines production"
"#34b331","0.0","CD163 mediating an anti-inflammatory response","CD163 mediating an anti-inflammatory response","R-HSA-1643685","#34b331","Disease","false","CD163 mediating an anti-inflammatory response"
"#34b331","0.0","FCGR3A-mediated IL10 synthesis","FCGR3A-mediated IL10 synthesis","R-HSA-1643685","#34b331","Disease","false","FCGR3A-mediated IL10 synthesis"
"#34b331","0.2","LTC4-CYSLTR mediated IL4 production","LTC4-CYSLTR mediated IL4 production","R-HSA-1643685","#34b331","Disease","false","LTC4-CYSLTR mediated IL4 production"
"#f77189","0.0","Lipophagy","Lipophagy","R-HSA-9612973","#f77189","Autophagy","false","Lipophagy"
"#f77189","0.0","Aggrephagy","Aggrephagy","R-HSA-9612973","#f77189","Autophagy","false","Aggrephagy"
"#f77189","0.0","Pexophagy","Pexophagy","R-HSA-9612973","#f77189","Autophagy","false","Pexophagy"
"#34b331","0.0","Leishmania phagocytosis","Leishmania phagocytosis","R-HSA-1643685","#34b331","Disease","false","Leishmania phagocytosis"
"#34b331","0.0","FCGR3A-mediated phagocytosis","FCGR3A-mediated phagocytosis","R-HSA-1643685","#34b331","Disease","false","FCGR3A-mediated phagocytosis"
"#34b331","0.0","WNT5:FZD7-mediated leishmania damping","WNT5:FZD7-mediated leishmania damping","R-HSA-1643685","#34b331","Disease","false","WNT5:FZD7-mediated leishmania damping"
"#34b331","0.0","Purinergic signaling in leishmaniasis infection","Purinergic signaling in leishmaniasis infection","R-HSA-1643685","#34b331","Disease","false","Purinergic signaling in leishmaniasis infection"
"#34b331",,,"R-HSA-9665233","R-HSA-1643685","#34b331","Disease","false","R-HSA-9665233"
"#34b331",,"Resistance of ERBB2 KD mutants to sapitinib","Resistance of ERBB2 KD mutants to sapitinib","R-HSA-1643685","#34b331","Disease","false","Resistance of ERBB2 KD mutants to sapitinib"
"#34b331",,"Resistance of ERBB2 KD mutants to tesevatinib","Resistance of ERBB2 KD mutants to tesevatinib","R-HSA-1643685","#34b331","Disease","false","Resistance of ERBB2 KD mutants to tesevatinib"
"#34b331",,"Resistance of ERBB2 KD mutants to neratinib","Resistance of ERBB2 KD mutants to neratinib","R-HSA-1643685","#34b331","Disease","false","Resistance of ERBB2 KD mutants to neratinib"
"#34b331",,"Resistance of ERBB2 KD mutants to osimertinib","Resistance of ERBB2 KD mutants to osimertinib","R-HSA-1643685","#34b331","Disease","false","Resistance of ERBB2 KD mutants to osimertinib"
"#34b331",,"Resistance of ERBB2 KD mutants to afatinib","Resistance of ERBB2 KD mutants to afatinib","R-HSA-1643685","#34b331","Disease","false","Resistance of ERBB2 KD mutants to afatinib"
"#34b331",,"Resistance of ERBB2 KD mutants to AEE788","Resistance of ERBB2 KD mutants to AEE788","R-HSA-1643685","#34b331","Disease","false","Resistance of ERBB2 KD mutants to AEE788"
"#34b331",,"Resistance of ERBB2 KD mutants to lapatinib","Resistance of ERBB2 KD mutants to lapatinib","R-HSA-1643685","#34b331","Disease","false","Resistance of ERBB2 KD mutants to lapatinib"
"#34b331",,"Defective F9 variant does not activate FX","Defective F9 variant does not activate FX","R-HSA-1643685","#34b331","Disease","false","Defective F9 variant does not activate FX"
"#34b331",,,"R-HSA-9673218","R-HSA-1643685","#34b331","Disease","false","R-HSA-9673218"
"#34b331",,"Defective F9 activation","Defective F9 activation","R-HSA-1643685","#34b331","Disease","false","Defective F9 activation"
"#34b331","0.0","Defective gamma-carboxylation of F9","Defective gamma-carboxylation of F9","R-HSA-1643685","#34b331","Disease","false","Defective gamma-carboxylation of F9"
"#34b331","0.0","Drug resistance of KIT mutants","Drug resistance of KIT mutants","R-HSA-1643685","#34b331","Disease","false","Drug resistance of KIT mutants"
"#34b331",,,"R-HSA-9669914","R-HSA-1643685","#34b331","Disease","false","R-HSA-9669914"
"#34b331",,,"R-HSA-9669917","R-HSA-1643685","#34b331","Disease","false","R-HSA-9669917"
"#34b331",,"Masitinib-resistant KIT mutants","Masitinib-resistant KIT mutants","R-HSA-1643685","#34b331","Disease","false","Masitinib-resistant KIT mutants"
"#34b331",,,"R-HSA-9669926","R-HSA-1643685","#34b331","Disease","false","R-HSA-9669926"
"#34b331",,"Regorafenib-resistant KIT mutants","Regorafenib-resistant KIT mutants","R-HSA-1643685","#34b331","Disease","false","Regorafenib-resistant KIT mutants"
"#34b331",,,"R-HSA-9669934","R-HSA-1643685","#34b331","Disease","false","R-HSA-9669934"
"#34b331",,"Sorafenib-resistant KIT mutants","Sorafenib-resistant KIT mutants","R-HSA-1643685","#34b331","Disease","false","Sorafenib-resistant KIT mutants"
"#34b331","0.0","KIT mutants bind TKIs","KIT mutants bind TKIs","R-HSA-1643685","#34b331","Disease","false","KIT mutants bind TKIs"
"#34b331","0.0","Signaling by kinase domain mutants of KIT","Signaling by kinase domain mutants of KIT","R-HSA-1643685","#34b331","Disease","false","Signaling by kinase domain mutants of KIT"
"#34b331","0.0","Signaling by juxtamembrane domain KIT mutants","Signaling by juxtamembrane domain KIT mutants","R-HSA-1643685","#34b331","Disease","false","Signaling by juxtamembrane domain KIT mutants"
"#34b331","0.0","Signaling by phosphorylated juxtamembrane, extracellular and kinase domain KIT mutants","Signaling by phosphorylated juxtamembrane, extracellular and kinase domain KIT mutants","R-HSA-1643685","#34b331","Disease","false","Signaling by phosphorylated juxtamembrane, extracellular and kinase domain KIT mutants"
"#34b331","0.0","Signaling by extracellular domain mutants of KIT","Signaling by extracellular domain mutants of KIT","R-HSA-1643685","#34b331","Disease","false","Signaling by extracellular domain mutants of KIT"
"#34b331",,,"R-HSA-9670613","R-HSA-1643685","#34b331","Disease","false","R-HSA-9670613"
"#34b331",,,"R-HSA-9670615","R-HSA-1643685","#34b331","Disease","false","R-HSA-9670615"
"#34b331","0.0","Signaling by cytosolic PDGFRA and PDGFRB fusion proteins","Signaling by cytosolic PDGFRA and PDGFRB fusion proteins","R-HSA-1643685","#34b331","Disease","false","Signaling by cytosolic PDGFRA and PDGFRB fusion proteins"
"#34b331","0.0","Signaling by PDGFRA transmembrane, juxtamembrane and kinase domain mutants","Signaling by PDGFRA transmembrane, juxtamembrane and kinase domain mutants","R-HSA-1643685","#34b331","Disease","false","Signaling by PDGFRA transmembrane, juxtamembrane and kinase domain mutants"
"#34b331","0.0","Signaling by membrane-tethered fusions of PDGFRA or PDGFRB","Signaling by membrane-tethered fusions of PDGFRA or PDGFRB","R-HSA-1643685","#34b331","Disease","false","Signaling by membrane-tethered fusions of PDGFRA or PDGFRB"
"#34b331","0.0","Signaling by PDGFRA extracellular domain mutants","Signaling by PDGFRA extracellular domain mutants","R-HSA-1643685","#34b331","Disease","false","Signaling by PDGFRA extracellular domain mutants"
"#34b331","0.0","Drug resistance of PDGFR mutants","Drug resistance of PDGFR mutants","R-HSA-1643685","#34b331","Disease","false","Drug resistance of PDGFR mutants"
"#34b331","0.0","PDGFR mutants bind TKIs","PDGFR mutants bind TKIs","R-HSA-1643685","#34b331","Disease","false","PDGFR mutants bind TKIs"
"#34b331",,"Defects of platelet adhesion to exposed collagen","Defects of platelet adhesion to exposed collagen","R-HSA-1643685","#34b331","Disease","false","Defects of platelet adhesion to exposed collagen"
"#34b331",,,"R-HSA-9673013","R-HSA-1643685","#34b331","Disease","false","R-HSA-9673013"
"#34b331",,,"R-HSA-9674396","R-HSA-1643685","#34b331","Disease","false","R-HSA-9674396"
"#34b331",,,"R-HSA-9674401","R-HSA-1643685","#34b331","Disease","false","R-HSA-9674401"
"#34b331",,"Regorafenib-resistant PDGFR mutants","Regorafenib-resistant PDGFR mutants","R-HSA-1643685","#34b331","Disease","false","Regorafenib-resistant PDGFR mutants"
"#34b331",,"Sorafenib-resistant PDGFR mutants","Sorafenib-resistant PDGFR mutants","R-HSA-1643685","#34b331","Disease","false","Sorafenib-resistant PDGFR mutants"
"#37abb4",,,"R-HSA-9705462","R-HSA-168256","#37abb4","Immune System","false","R-HSA-9705462"
"#33b16a",,,"R-HSA-9619665","R-HSA-1266738","#33b16a","Developmental Biology","false","R-HSA-9619665"
"#34b331",,,"R-HSA-9687139","R-HSA-1643685","#34b331","Disease","false","R-HSA-9687139"
"#34b331","0.0","Diseases of DNA Double-Strand Break Repair","Diseases of DNA Double-Strand Break Repair","R-HSA-1643685","#34b331","Disease","false","Diseases of DNA Double-Strand Break Repair"
"#34b331",,,"R-HSA-9663199","R-HSA-1643685","#34b331","Disease","false","R-HSA-9663199"
"#34b331",,,"R-HSA-9699150","R-HSA-1643685","#34b331","Disease","false","R-HSA-9699150"
"#34b331","0.0","Defective homologous recombination repair (HRR) due to BRCA2 loss of function","Defective homologous recombination repair (HRR) due to BRCA2 loss of function","R-HSA-1643685","#34b331","Disease","false","Defective homologous recombination repair (HRR) due to BRCA2 loss of function"
"#34b331","0.0","Defective homologous recombination repair (HRR) due to BRCA1 loss of function","Defective homologous recombination repair (HRR) due to BRCA1 loss of function","R-HSA-1643685","#34b331","Disease","false","Defective homologous recombination repair (HRR) due to BRCA1 loss of function"
"#34b331","0.0","Defective homologous recombination repair (HRR) due to PALB2 loss of function","Defective homologous recombination repair (HRR) due to PALB2 loss of function","R-HSA-1643685","#34b331","Disease","false","Defective homologous recombination repair (HRR) due to PALB2 loss of function"
"#34b331","0.0","Disorders of Nervous System Development","Disorders of Nervous System Development","R-HSA-1643685","#34b331","Disease","false","Disorders of Nervous System Development"
"#34b331","0.047619047619047616","SARS-CoV-1 Infection","SARS-CoV-1 Infection","R-HSA-1643685","#34b331","Disease","false","SARS-CoV-1 Infection"
"#34b331","0.0","Attachment and Entry","Attachment and Entry","R-HSA-1643685","#34b331","Disease","false","Attachment and Entry"
"#34b331","0.0","Translation of Replicase and Assembly of the Replication Transcription Complex","Translation of Replicase and Assembly of the Replication Transcription Complex","R-HSA-1643685","#34b331","Disease","false","Translation of Replicase and Assembly of the Replication Transcription Complex"
"#34b331","0.0","Virion Assembly and Release","Virion Assembly and Release","R-HSA-1643685","#34b331","Disease","false","Virion Assembly and Release"
"#34b331","0.0","SARS-CoV-1 Genome Replication and Transcription","SARS-CoV-1 Genome Replication and Transcription","R-HSA-1643685","#34b331","Disease","false","SARS-CoV-1 Genome Replication and Transcription"
"#34b331","0.05555555555555555","Translation of Structural Proteins","Translation of Structural Proteins","R-HSA-1643685","#34b331","Disease","false","Translation of Structural Proteins"
"#34b331","0.0","SARS-CoV-1-host interactions","SARS-CoV-1-host interactions","R-HSA-1643685","#34b331","Disease","false","SARS-CoV-1-host interactions"
"#34b331",,,"R-HSA-9683439","R-HSA-1643685","#34b331","Disease","false","R-HSA-9683439"
"#34b331","0.0","Maturation of replicase proteins","Maturation of replicase proteins","R-HSA-1643685","#34b331","Disease","false","Maturation of replicase proteins"
"#34b331","0.03125","SARS-CoV Infections","SARS-CoV Infections","R-HSA-1643685","#34b331","Disease","false","SARS-CoV Infections"
"#34b331","0.0","Potential therapeutics for SARS","Potential therapeutics for SARS","R-HSA-1643685","#34b331","Disease","false","Potential therapeutics for SARS"
"#34b331","0.041666666666666664","SARS-CoV-2 Infection","SARS-CoV-2 Infection","R-HSA-1643685","#34b331","Disease","false","SARS-CoV-2 Infection"
"#34b331","0.0","Replication of the SARS-CoV-1 genome","Replication of the SARS-CoV-1 genome","R-HSA-1643685","#34b331","Disease","false","Replication of the SARS-CoV-1 genome"
"#34b331","0.0","Transcription of SARS-CoV-1 sgRNAs","Transcription of SARS-CoV-1 sgRNAs","R-HSA-1643685","#34b331","Disease","false","Transcription of SARS-CoV-1 sgRNAs"
"#34b331","0.0","Drug resistance of FLT3 mutants","Drug resistance of FLT3 mutants","R-HSA-1643685","#34b331","Disease","false","Drug resistance of FLT3 mutants"
"#34b331","0.0","FLT3 mutants bind TKIs","FLT3 mutants bind TKIs","R-HSA-1643685","#34b331","Disease","false","FLT3 mutants bind TKIs"
"#34b331","0.0","Signaling by FLT3 fusion proteins","Signaling by FLT3 fusion proteins","R-HSA-1643685","#34b331","Disease","false","Signaling by FLT3 fusion proteins"
"#34b331","0.0","Signaling by FLT3 ITD and TKD mutants","Signaling by FLT3 ITD and TKD mutants","R-HSA-1643685","#34b331","Disease","false","Signaling by FLT3 ITD and TKD mutants"
"#34b331",,,"R-HSA-9706377","R-HSA-1643685","#34b331","Disease","false","R-HSA-9706377"
"#34b331","0.0","Maturation of nucleoprotein","Maturation of nucleoprotein","R-HSA-1643685","#34b331","Disease","false","Maturation of nucleoprotein"
"#34b331","0.0","Maturation of protein M","Maturation of protein M","R-HSA-1643685","#34b331","Disease","false","Maturation of protein M"
"#34b331","0.2","Maturation of protein 3a","Maturation of protein 3a","R-HSA-1643685","#34b331","Disease","false","Maturation of protein 3a"
"#34b331","0.0","Maturation of protein E","Maturation of protein E","R-HSA-1643685","#34b331","Disease","false","Maturation of protein E"
"#34b331","0.1","Maturation of spike protein","Maturation of spike protein","R-HSA-1643685","#34b331","Disease","false","Maturation of spike protein"
"#34b331",,,"R-HSA-9687136","R-HSA-1643685","#34b331","Disease","false","R-HSA-9687136"
"#34b331",,,"R-HSA-9692912","R-HSA-1643685","#34b331","Disease","false","R-HSA-9692912"
"#34b331",,"SARS-CoV-1-mediated effects on programmed cell death","SARS-CoV-1-mediated effects on programmed cell death","R-HSA-1643685","#34b331","Disease","false","SARS-CoV-1-mediated effects on programmed cell death"
"#34b331","0.0","SARS-CoV-1 activates/modulates innate immune responses","SARS-CoV-1 activates/modulates innate immune responses","R-HSA-1643685","#34b331","Disease","false","SARS-CoV-1 activates/modulates innate immune responses"
"#34b331",,,"R-HSA-9735869","R-HSA-1643685","#34b331","Disease","false","R-HSA-9735869"
"#34b331",,,"R-HSA-9735871","R-HSA-1643685","#34b331","Disease","false","R-HSA-9735871"
"#34b331",,"Microbial modulation of RIPK1-mediated regulated necrosis","Microbial modulation of RIPK1-mediated regulated necrosis","R-HSA-1643685","#34b331","Disease","false","Microbial modulation of RIPK1-mediated regulated necrosis"
"#34b331","0.0","SARS-CoV-2-host interactions","SARS-CoV-2-host interactions","R-HSA-1643685","#34b331","Disease","false","SARS-CoV-2-host interactions"
"#34b331","0.0","Early SARS-CoV-2 Infection Events","Early SARS-CoV-2 Infection Events","R-HSA-1643685","#34b331","Disease","false","Early SARS-CoV-2 Infection Events"
"#34b331","0.07317073170731707","Late SARS-CoV-2 Infection Events","Late SARS-CoV-2 Infection Events","R-HSA-1643685","#34b331","Disease","false","Late SARS-CoV-2 Infection Events"
"#34b331","0.07317073170731707","Translation of Structural Proteins","Translation of Structural Proteins","R-HSA-1643685","#34b331","Disease","false","Translation of Structural Proteins"
"#34b331","0.0","Maturation of protein E","Maturation of protein E","R-HSA-1643685","#34b331","Disease","false","Maturation of protein E"
"#34b331","0.14285714285714285","Maturation of spike protein","Maturation of spike protein","R-HSA-1643685","#34b331","Disease","false","Maturation of spike protein"
"#34b331","0.0","Maturation of protein M","Maturation of protein M","R-HSA-1643685","#34b331","Disease","false","Maturation of protein M"
"#34b331","0.045454545454545456","Maturation of nucleoprotein","Maturation of nucleoprotein","R-HSA-1643685","#34b331","Disease","false","Maturation of nucleoprotein"
"#34b331","0.2","Maturation of protein 3a","Maturation of protein 3a","R-HSA-1643685","#34b331","Disease","false","Maturation of protein 3a"
"#34b331","0.0","Translation of Replicase and Assembly of the Replication Transcription Complex","Translation of Replicase and Assembly of the Replication Transcription Complex","R-HSA-1643685","#34b331","Disease","false","Translation of Replicase and Assembly of the Replication Transcription Complex"
"#34b331","0.0","Assembly of the SARS-CoV-2 Replication-Transcription Complex (RTC)","Assembly of the SARS-CoV-2 Replication-Transcription Complex (RTC)","R-HSA-1643685","#34b331","Disease","false","Assembly of the SARS-CoV-2 Replication-Transcription Complex (RTC)"
"#34b331","0.0","Maturation of replicase proteins","Maturation of replicase proteins","R-HSA-1643685","#34b331","Disease","false","Maturation of replicase proteins"
"#34b331","0.0","SARS-CoV-2 Genome Replication and Transcription","SARS-CoV-2 Genome Replication and Transcription","R-HSA-1643685","#34b331","Disease","false","SARS-CoV-2 Genome Replication and Transcription"
"#34b331","0.0","Replication of the SARS-CoV-2 genome","Replication of the SARS-CoV-2 genome","R-HSA-1643685","#34b331","Disease","false","Replication of the SARS-CoV-2 genome"
"#34b331","0.0","Transcription of SARS-CoV-2 sgRNAs","Transcription of SARS-CoV-2 sgRNAs","R-HSA-1643685","#34b331","Disease","false","Transcription of SARS-CoV-2 sgRNAs"
"#34b331","0.0","ALK mutants bind TKIs","ALK mutants bind TKIs","R-HSA-1643685","#34b331","Disease","false","ALK mutants bind TKIs"
"#34b331","0.0","Drug resistance of ALK mutants","Drug resistance of ALK mutants","R-HSA-1643685","#34b331","Disease","false","Drug resistance of ALK mutants"
"#34b331","0.0","Signaling by ALK fusions and activated point mutants","Signaling by ALK fusions and activated point mutants","R-HSA-1643685","#34b331","Disease","false","Signaling by ALK fusions and activated point mutants"
"#34b331",,"ASP-3026-resistant ALK mutants","ASP-3026-resistant ALK mutants","R-HSA-1643685","#34b331","Disease","false","ASP-3026-resistant ALK mutants"
"#34b331",,"NVP-TAE684-resistant ALK mutants","NVP-TAE684-resistant ALK mutants","R-HSA-1643685","#34b331","Disease","false","NVP-TAE684-resistant ALK mutants"
"#34b331",,,"R-HSA-9717316","R-HSA-1643685","#34b331","Disease","false","R-HSA-9717316"
"#34b331",,,"R-HSA-9717319","R-HSA-1643685","#34b331","Disease","false","R-HSA-9717319"
"#34b331",,,"R-HSA-9717323","R-HSA-1643685","#34b331","Disease","false","R-HSA-9717323"
"#34b331",,,"R-HSA-9717326","R-HSA-1643685","#34b331","Disease","false","R-HSA-9717326"
"#34b331",,,"R-HSA-9717329","R-HSA-1643685","#34b331","Disease","false","R-HSA-9717329"
"#34b331",,,"R-HSA-9709275","R-HSA-1643685","#34b331","Disease","false","R-HSA-9709275"
"#34b331",,"Impaired BRCA2 binding to RAD51","Impaired BRCA2 binding to RAD51","R-HSA-1643685","#34b331","Disease","false","Impaired BRCA2 binding to RAD51"
"#34b331","0.0","Impaired BRCA2 binding to PALB2","Impaired BRCA2 binding to PALB2","R-HSA-1643685","#34b331","Disease","false","Impaired BRCA2 binding to PALB2"
"#34b331",,,"R-HSA-9763198","R-HSA-1643685","#34b331","Disease","false","R-HSA-9763198"
"#34b331","0.0","Defective HDR through Homologous Recombination Repair (HRR) due to PALB2 loss of BRCA1 binding function","Defective HDR through Homologous Recombination Repair (HRR) due to PALB2 loss of BRCA1 binding function","R-HSA-1643685","#34b331","Disease","false","Defective HDR through Homologous Recombination Repair (HRR) due to PALB2 loss of BRCA1 binding function"
"#34b331","0.0","Defective HDR through Homologous Recombination Repair (HRR) due to PALB2 loss of BRCA2/RAD51/RAD51C binding function","Defective HDR through Homologous Recombination Repair (HRR) due to PALB2 loss of BRCA2/RAD51/RAD51C binding function","R-HSA-1643685","#34b331","Disease","false","Defective HDR through Homologous Recombination Repair (HRR) due to PALB2 loss of BRCA2/RAD51/RAD51C binding function"
"#34b331",,"KW2449-resistant FLT3 mutants","KW2449-resistant FLT3 mutants","R-HSA-1643685","#34b331","Disease","false","KW2449-resistant FLT3 mutants"
"#34b331",,,"R-HSA-9702577","R-HSA-1643685","#34b331","Disease","false","R-HSA-9702577"
"#34b331",,,"R-HSA-9702581","R-HSA-1643685","#34b331","Disease","false","R-HSA-9702581"
"#34b331",,,"R-HSA-9702590","R-HSA-1643685","#34b331","Disease","false","R-HSA-9702590"
"#34b331",,,"R-HSA-9702596","R-HSA-1643685","#34b331","Disease","false","R-HSA-9702596"
"#34b331",,"midostaurin-resistant FLT3 mutants","midostaurin-resistant FLT3 mutants","R-HSA-1643685","#34b331","Disease","false","midostaurin-resistant FLT3 mutants"
"#34b331",,"pexidartinib-resistant FLT3 mutants","pexidartinib-resistant FLT3 mutants","R-HSA-1643685","#34b331","Disease","false","pexidartinib-resistant FLT3 mutants"
"#34b331",,,"R-HSA-9702614","R-HSA-1643685","#34b331","Disease","false","R-HSA-9702614"
"#34b331",,,"R-HSA-9702620","R-HSA-1643685","#34b331","Disease","false","R-HSA-9702620"
"#34b331",,"sorafenib-resistant FLT3 mutants","sorafenib-resistant FLT3 mutants","R-HSA-1643685","#34b331","Disease","false","sorafenib-resistant FLT3 mutants"
"#34b331",,,"R-HSA-9702632","R-HSA-1643685","#34b331","Disease","false","R-HSA-9702632"
"#34b331",,,"R-HSA-9702636","R-HSA-1643685","#34b331","Disease","false","R-HSA-9702636"
"#34b331",,,"R-HSA-9702998","R-HSA-1643685","#34b331","Disease","false","R-HSA-9702998"
"#34b331",,,"R-HSA-9703009","R-HSA-1643685","#34b331","Disease","false","R-HSA-9703009"
"#34b331","0.0","STAT5 activation downstream of FLT3 ITD mutants","STAT5 activation downstream of FLT3 ITD mutants","R-HSA-1643685","#34b331","Disease","false","STAT5 activation downstream of FLT3 ITD mutants"
"#34b331","0.0","SARS-CoV-2 activates/modulates innate and adaptive immune responses","SARS-CoV-2 activates/modulates innate and adaptive immune responses","R-HSA-1643685","#34b331","Disease","false","SARS-CoV-2 activates/modulates innate and adaptive immune responses"
"#34b331",,,"R-HSA-9705677","R-HSA-1643685","#34b331","Disease","false","R-HSA-9705677"
"#34b331",,,"R-HSA-9754560","R-HSA-1643685","#34b331","Disease","false","R-HSA-9754560"
"#34b331",,"SARS-CoV-2 modulates host translation machinery","SARS-CoV-2 modulates host translation machinery","R-HSA-1643685","#34b331","Disease","false","SARS-CoV-2 modulates host translation machinery"
"#34b331","0.0","SARS-CoV-2 targets host intracellular signalling and regulatory pathways","SARS-CoV-2 targets host intracellular signalling and regulatory pathways","R-HSA-1643685","#34b331","Disease","false","SARS-CoV-2 targets host intracellular signalling and regulatory pathways"
"#c77df4",,"RHOBTB2 GTPase cycle","RHOBTB2 GTPase cycle","R-HSA-162582","#c77df4","Signal Transduction","false","RHOBTB2 GTPase cycle"
"#c77df4",,"RHOBTB1 GTPase cycle","RHOBTB1 GTPase cycle","R-HSA-162582","#c77df4","Signal Transduction","false","RHOBTB1 GTPase cycle"
"#38aac0","0.12","Cytoprotection by HMOX1","Cytoprotection by HMOX1","R-HSA-8953897","#38aac0","Cellular responses to stimuli","false","Cytoprotection by HMOX1"
"#38aac0",,,"R-HSA-9707587","R-HSA-8953897","#38aac0","Cellular responses to stimuli","false","R-HSA-9707587"
"#c89332","0.07281553398058252","Sensory Perception","Sensory Perception","R-HSA-9709957","#c89332","Sensory Perception","false","Sensory Perception"
"#c89332","0.042105263157894736","Sensory perception of taste","Sensory perception of taste","R-HSA-9709957","#c89332","Sensory Perception","false","Sensory perception of taste"
"#38aac0","0.0","Response of EIF2AK4 (GCN2) to amino acid deficiency","Response of EIF2AK4 (GCN2) to amino acid deficiency","R-HSA-8953897","#38aac0","Cellular responses to stimuli","false","Response of EIF2AK4 (GCN2) to amino acid deficiency"
"#38aac0","0.0","Amino acids regulate mTORC1","Amino acids regulate mTORC1","R-HSA-8953897","#38aac0","Cellular responses to stimuli","false","Amino acids regulate mTORC1"
"#38aac0","0.05","Detoxification of Reactive Oxygen Species","Detoxification of Reactive Oxygen Species","R-HSA-8953897","#38aac0","Cellular responses to stimuli","false","Detoxification of Reactive Oxygen Species"
"#38aac0","0.0","KEAP1-NFE2L2 pathway","KEAP1-NFE2L2 pathway","R-HSA-8953897","#38aac0","Cellular responses to stimuli","false","KEAP1-NFE2L2 pathway"
"#c77df4","0.0","Miro GTPase Cycle","Miro GTPase Cycle","R-HSA-162582","#c77df4","Signal Transduction","false","Miro GTPase Cycle"
"#c77df4","0.0","RHOT2 GTPase cycle","RHOT2 GTPase cycle","R-HSA-162582","#c77df4","Signal Transduction","false","RHOT2 GTPase cycle"
"#c77df4","0.0","RHOT1 GTPase cycle","RHOT1 GTPase cycle","R-HSA-162582","#c77df4","Signal Transduction","false","RHOT1 GTPase cycle"
"#c77df4","0.0","RHOBTB3 ATPase cycle","RHOBTB3 ATPase cycle","R-HSA-162582","#c77df4","Signal Transduction","false","RHOBTB3 ATPase cycle"
"#c89332","0.03296703296703297","Sensory perception of sweet, bitter, and umami (glutamate) taste","Sensory perception of sweet, bitter, and umami (glutamate) taste","R-HSA-9709957","#c89332","Sensory Perception","false","Sensory perception of sweet, bitter, and umami (glutamate) taste"
"#c89332","0.3333333333333333","Sensory perception of sour taste","Sensory perception of sour taste","R-HSA-9709957","#c89332","Sensory Perception","false","Sensory perception of sour taste"
"#c89332",,"Sensory perception of salty taste","Sensory perception of salty taste","R-HSA-9709957","#c89332","Sensory Perception","false","Sensory perception of salty taste"
"#34b331",,,"R-HSA-9723907","R-HSA-1643685","#34b331","Disease","false","R-HSA-9723907"
"#34b331",,,"R-HSA-9723905","R-HSA-1643685","#34b331","Disease","false","R-HSA-9723905"
"#34b331","0.0","Nuclear events stimulated by ALK signaling in cancer","Nuclear events stimulated by ALK signaling in cancer","R-HSA-1643685","#34b331","Disease","false","Nuclear events stimulated by ALK signaling in cancer"
"#33b16a","0.0","Transcriptional and post-translational regulation of MITF-M expression and activity","Transcriptional and post-translational regulation of MITF-M expression and activity","R-HSA-1266738","#33b16a","Developmental Biology","false","Transcriptional and post-translational regulation of MITF-M expression and activity"
"#33b16a","0.0","MITF-M-dependent gene expression","MITF-M-dependent gene expression","R-HSA-1266738","#33b16a","Developmental Biology","false","MITF-M-dependent gene expression"
"#34b331",,,"R-HSA-9645722","R-HSA-1643685","#34b331","Disease","false","R-HSA-9645722"
"#34b331","0.6666666666666666","Nucleotide salvage defects","Nucleotide salvage defects","R-HSA-1643685","#34b331","Disease","false","Nucleotide salvage defects"
"#34b331","1.0","Defective APRT disrupts adenine salvage","Defective APRT disrupts adenine salvage","R-HSA-1643685","#34b331","Disease","false","Defective APRT disrupts adenine salvage"
"#34b331","0.3333333333333333","Defective HPRT1 disrupts guanine and hypoxanthine salvage","Defective HPRT1 disrupts guanine and hypoxanthine salvage","R-HSA-1643685","#34b331","Disease","false","Defective HPRT1 disrupts guanine and hypoxanthine salvage"
"#34b331","1.0","Defective ADA disrupts (deoxy)adenosine deamination","Defective ADA disrupts (deoxy)adenosine deamination","R-HSA-1643685","#34b331","Disease","false","Defective ADA disrupts (deoxy)adenosine deamination"
"#33b16a","0.5","Differentiation of keratinocytes in interfollicular epidermis in mammalian skin","Differentiation of keratinocytes in interfollicular epidermis in mammalian skin","R-HSA-1266738","#33b16a","Developmental Biology","false","Differentiation of keratinocytes in interfollicular epidermis in mammalian skin"
"#34b331","0.75","Nucleotide catabolism defects","Nucleotide catabolism defects","R-HSA-1643685","#34b331","Disease","false","Nucleotide catabolism defects"
"#34b331","0.75","Defective PNP disrupts phosphorolysis of (deoxy)guanosine and (deoxy)inosine","Defective PNP disrupts phosphorolysis of (deoxy)guanosine and (deoxy)inosine","R-HSA-1643685","#34b331","Disease","false","Defective PNP disrupts phosphorolysis of (deoxy)guanosine and (deoxy)inosine"
"#6ead31","0.049586776859504134","Drug ADME","Drug ADME","R-HSA-9748784","#6ead31","Drug ADME","false","Drug ADME"
"#6ead31","0.0","Azathioprine ADME","Azathioprine ADME","R-HSA-9748784","#6ead31","Drug ADME","false","Azathioprine ADME"
"#6ead31","0.08571428571428572","Aspirin ADME","Aspirin ADME","R-HSA-9748784","#6ead31","Drug ADME","false","Aspirin ADME"
"#6ead31","0.06451612903225806","Paracetamol ADME","Paracetamol ADME","R-HSA-9748784","#6ead31","Drug ADME","false","Paracetamol ADME"
"#6ead31","0.0","Atorvastatin ADME","Atorvastatin ADME","R-HSA-9748784","#6ead31","Drug ADME","false","Atorvastatin ADME"
"#6ead31","0.07692307692307693","Ribavirin ADME","Ribavirin ADME","R-HSA-9748784","#6ead31","Drug ADME","false","Ribavirin ADME"
"#6ead31","0.0","Prednisone ADME","Prednisone ADME","R-HSA-9748784","#6ead31","Drug ADME","false","Prednisone ADME"
"#6ead31","0.0","Ciprofloxacin ADME","Ciprofloxacin ADME","R-HSA-9748784","#6ead31","Drug ADME","false","Ciprofloxacin ADME"
"#37abb4","0.0","TRAF6 mediated induction of NFkB and MAP kinases upon TLR7/8 or 9 activation","TRAF6 mediated induction of NFkB and MAP kinases upon TLR7/8 or 9 activation","R-HSA-168256","#37abb4","Immune System","false","TRAF6 mediated induction of NFkB and MAP kinases upon TLR7/8 or 9 activation"
"#37abb4","0.0","IRAK1 recruits IKK complex upon TLR7/8 or 9 stimulation","IRAK1 recruits IKK complex upon TLR7/8 or 9 stimulation","R-HSA-168256","#37abb4","Immune System","false","IRAK1 recruits IKK complex upon TLR7/8 or 9 stimulation"
"#37abb4","0.0","IRAK2 mediated activation of TAK1 complex upon TLR7/8 or 9 stimulation","IRAK2 mediated activation of TAK1 complex upon TLR7/8 or 9 stimulation","R-HSA-168256","#37abb4","Immune System","false","IRAK2 mediated activation of TAK1 complex upon TLR7/8 or 9 stimulation"
"#37abb4","0.0","TRAF6 mediated IRF7 activation in TLR7/8 or 9 signaling","TRAF6 mediated IRF7 activation in TLR7/8 or 9 signaling","R-HSA-168256","#37abb4","Immune System","false","TRAF6 mediated IRF7 activation in TLR7/8 or 9 signaling"
"#38aac0","0.0","Regulation of BACH1 activity","Regulation of BACH1 activity","R-HSA-8953897","#38aac0","Cellular responses to stimuli","false","Regulation of BACH1 activity"
"#38aac0","0.0","Nuclear events mediated by NFE2L2","Nuclear events mediated by NFE2L2","R-HSA-8953897","#38aac0","Cellular responses to stimuli","false","Nuclear events mediated by NFE2L2"
"#35ae92","0.0","Reactions specific to the hybrid N-glycan synthesis pathway","Reactions specific to the hybrid N-glycan synthesis pathway","R-HSA-392499","#35ae92","Metabolism of proteins","false","Reactions specific to the hybrid N-glycan synthesis pathway"
"#35ae92","0.0","N-Glycan antennae elongation","N-Glycan antennae elongation","R-HSA-392499","#35ae92","Metabolism of proteins","false","N-Glycan antennae elongation"
"#35ae92","0.058823529411764705","Reactions specific to the complex N-glycan synthesis pathway","Reactions specific to the complex N-glycan synthesis pathway","R-HSA-392499","#35ae92","Metabolism of proteins","false","Reactions specific to the complex N-glycan synthesis pathway"
"#33b16a",,,"R-HSA-9754189","R-HSA-1266738","#33b16a","Developmental Biology","false","R-HSA-9754189"
"#33b16a",,,"R-HSA-9758919","R-HSA-1266738","#33b16a","Developmental Biology","false","R-HSA-9758919"
"#33b16a",,,"R-HSA-9758920","R-HSA-1266738","#33b16a","Developmental Biology","false","R-HSA-9758920"
"#33b16a",,"Formation of intermediate mesoderm","Formation of intermediate mesoderm","R-HSA-1266738","#33b16a","Developmental Biology","false","Formation of intermediate mesoderm"
"#33b16a",,,"R-HSA-9793380","R-HSA-1266738","#33b16a","Developmental Biology","false","R-HSA-9793380"
"#33b16a",,,"R-HSA-9796292","R-HSA-1266738","#33b16a","Developmental Biology","false","R-HSA-9796292"
"#33b16a",,,"R-HSA-9823730","R-HSA-1266738","#33b16a","Developmental Biology","false","R-HSA-9823730"
"#33b16a",,,"R-HSA-9823739","R-HSA-1266738","#33b16a","Developmental Biology","false","R-HSA-9823739"
"#33b16a",,,"R-HSA-9832991","R-HSA-1266738","#33b16a","Developmental Biology","false","R-HSA-9832991"
"#33b16a",,,"R-HSA-9834899","R-HSA-1266738","#33b16a","Developmental Biology","false","R-HSA-9834899"
"#38aac0","0.0","GSK3B and BTRC:CUL1-mediated-degradation of NFE2L2","GSK3B and BTRC:CUL1-mediated-degradation of NFE2L2","R-HSA-8953897","#38aac0","Cellular responses to stimuli","false","GSK3B and BTRC:CUL1-mediated-degradation of NFE2L2"
"#38aac0","0.0","NFE2L2 regulating TCA cycle genes","NFE2L2 regulating TCA cycle genes","R-HSA-8953897","#38aac0","Cellular responses to stimuli","false","NFE2L2 regulating TCA cycle genes"
"#38aac0",,,"R-HSA-9818026","R-HSA-8953897","#38aac0","Cellular responses to stimuli","false","R-HSA-9818026"
"#38aac0","0.0","NFE2L2 regulating anti-oxidant/detoxification enzymes","NFE2L2 regulating anti-oxidant/detoxification enzymes","R-HSA-8953897","#38aac0","Cellular responses to stimuli","false","NFE2L2 regulating anti-oxidant/detoxification enzymes"
"#38aac0","0.0","NFE2L2 regulates pentose phosphate pathway genes","NFE2L2 regulates pentose phosphate pathway genes","R-HSA-8953897","#38aac0","Cellular responses to stimuli","false","NFE2L2 regulates pentose phosphate pathway genes"
"#38aac0",,,"R-HSA-9818030","R-HSA-8953897","#38aac0","Cellular responses to stimuli","false","R-HSA-9818030"
"#38aac0",,,"R-HSA-9818032","R-HSA-8953897","#38aac0","Cellular responses to stimuli","false","R-HSA-9818032"
"#38aac0",,,"R-HSA-9818035","R-HSA-8953897","#38aac0","Cellular responses to stimuli","false","R-HSA-9818035"
"#38aac0",,,"R-HSA-9818749","R-HSA-8953897","#38aac0","Cellular responses to stimuli","false","R-HSA-9818749"
"#f66da3",,"Regulation of CDH11 Expression and Function","Regulation of CDH11 Expression and Function","R-HSA-1500931","#f66da3","Cell-Cell communication","false","Regulation of CDH11 Expression and Function"
"#f66da3",,,"R-HSA-9759811","R-HSA-1500931","#f66da3","Cell-Cell communication","false","R-HSA-9759811"
"#f66da3",,"Regulation of CDH11 function","Regulation of CDH11 function","R-HSA-1500931","#f66da3","Cell-Cell communication","false","Regulation of CDH11 function"
"#f66da3",,,"R-HSA-9762293","R-HSA-1500931","#f66da3","Cell-Cell communication","false","R-HSA-9762293"
"#f66da3",,"Regulation of Expression and Function of Type II Classical Cadherins","Regulation of Expression and Function of Type II Classical Cadherins","R-HSA-1500931","#f66da3","Cell-Cell communication","false","Regulation of Expression and Function of Type II Classical Cadherins"
"#34b331","0.0","Diseases of propionyl-CoA catabolism","Diseases of propionyl-CoA catabolism","R-HSA-1643685","#34b331","Disease","false","Diseases of propionyl-CoA catabolism"
"#34b331","0.0","Defective MUT causes MMAM","Defective MUT causes MMAM","R-HSA-1643685","#34b331","Disease","false","Defective MUT causes MMAM"
"#f66da3",,"CDH11 homotypic and heterotypic interactions","CDH11 homotypic and heterotypic interactions","R-HSA-1500931","#f66da3","Cell-Cell communication","false","CDH11 homotypic and heterotypic interactions"
"#f66da3",,,"R-HSA-9764302","R-HSA-1500931","#f66da3","Cell-Cell communication","false","R-HSA-9764302"
"#35ad9f","0.6","Regulation of NPAS4 gene transcription","Regulation of NPAS4 gene transcription","R-HSA-74160","#35ad9f","Gene expression (Transcription)","false","Regulation of NPAS4 gene transcription"
"#35ad9f",,,"R-HSA-9768778","R-HSA-74160","#35ad9f","Gene expression (Transcription)","false","R-HSA-9768778"
"#34b331","0.0","Attachment and Entry","Attachment and Entry","R-HSA-1643685","#34b331","Disease","false","Attachment and Entry"
"#34b331","0.0","Virion Assembly and Release","Virion Assembly and Release","R-HSA-1643685","#34b331","Disease","false","Virion Assembly and Release"
"#34b331","0.0","Translation of Accessory Proteins","Translation of Accessory Proteins","R-HSA-1643685","#34b331","Disease","false","Translation of Accessory Proteins"
"#34b331","0.0","Induction of Cell-Cell Fusion","Induction of Cell-Cell Fusion","R-HSA-1643685","#34b331","Disease","false","Induction of Cell-Cell Fusion"
"#36aca9","0.0","GABA B receptor activation","GABA B receptor activation","R-HSA-112316","#36aca9","Neuronal System","false","GABA B receptor activation"
"#36aca9","0.0","Activation of GABAB receptors","Activation of GABAB receptors","R-HSA-112316","#36aca9","Neuronal System","false","Activation of GABAB receptors"
"#33b16a",,,"R-HSA-9824272","R-HSA-1266738","#33b16a","Developmental Biology","false","R-HSA-9824272"
"#33b16a",,,"R-HSA-9819196","R-HSA-1266738","#33b16a","Developmental Biology","false","R-HSA-9819196"
"#33b16a","0.0","M-decay: degradation of maternal mRNAs by maternally stored factors","M-decay: degradation of maternal mRNAs by maternally stored factors","R-HSA-1266738","#33b16a","Developmental Biology","false","M-decay: degradation of maternal mRNAs by maternally stored factors"
"#33b16a","0.0","Z-decay: degradation of maternal mRNAs by zygotically expressed factors","Z-decay: degradation of maternal mRNAs by zygotically expressed factors","R-HSA-1266738","#33b16a","Developmental Biology","false","Z-decay: degradation of maternal mRNAs by zygotically expressed factors"
"#33b16a","0.0","Chromatin modifications during the maternal to zygotic transition (MZT)","Chromatin modifications during the maternal to zygotic transition (MZT)","R-HSA-1266738","#33b16a","Developmental Biology","false","Chromatin modifications during the maternal to zygotic transition (MZT)"
"#33b16a","0.0","Replacement of protamines by nucleosomes in the male pronucleus","Replacement of protamines by nucleosomes in the male pronucleus","R-HSA-1266738","#33b16a","Developmental Biology","false","Replacement of protamines by nucleosomes in the male pronucleus"
"#34b331","0.0","Respiratory Syncytial Virus Infection Pathway","Respiratory Syncytial Virus Infection Pathway","R-HSA-1643685","#34b331","Disease","false","Respiratory Syncytial Virus Infection Pathway"
"#34b331","0.0","Respiratory syncytial virus (RSV) attachment and entry","Respiratory syncytial virus (RSV) attachment and entry","R-HSA-1643685","#34b331","Disease","false","Respiratory syncytial virus (RSV) attachment and entry"
"#34b331","0.0","Assembly and release of respiratory syncytial virus (RSV) virions","Assembly and release of respiratory syncytial virus (RSV) virions","R-HSA-1643685","#34b331","Disease","false","Assembly and release of respiratory syncytial virus (RSV) virions"
"#34b331","0.0","Respiratory syncytial virus (RSV) genome replication, transcription and translation","Respiratory syncytial virus (RSV) genome replication, transcription and translation","R-HSA-1643685","#34b331","Disease","false","Respiratory syncytial virus (RSV) genome replication, transcription and translation"
"#34b331","0.0","RSV-host interactions","RSV-host interactions","R-HSA-1643685","#34b331","Disease","false","RSV-host interactions"
"#34b331","0.0","Respiratory syncytial virus genome transcription","Respiratory syncytial virus genome transcription","R-HSA-1643685","#34b331","Disease","false","Respiratory syncytial virus genome transcription"
"#34b331",,,"R-HSA-9828721","R-HSA-1643685","#34b331","Disease","false","R-HSA-9828721"
"#34b331","0.0","Maturation of hRSV A proteins","Maturation of hRSV A proteins","R-HSA-1643685","#34b331","Disease","false","Maturation of hRSV A proteins"
"#34b331","0.0","Respiratory syncytial virus genome replication","Respiratory syncytial virus genome replication","R-HSA-1643685","#34b331","Disease","false","Respiratory syncytial virus genome replication"
"#34b331",,"Enhanced cleavage of VWF variant by ADAMTS13","Enhanced cleavage of VWF variant by ADAMTS13","R-HSA-1643685","#34b331","Disease","false","Enhanced cleavage of VWF variant by ADAMTS13"
"#34b331",,"Enhanced binding of GP1BA variant to VWF multimer:collagen","Enhanced binding of GP1BA variant to VWF multimer:collagen","R-HSA-1643685","#34b331","Disease","false","Enhanced binding of GP1BA variant to VWF multimer:collagen"
"#34b331",,"Defective VWF cleavage by ADAMTS13 variant","Defective VWF cleavage by ADAMTS13 variant","R-HSA-1643685","#34b331","Disease","false","Defective VWF cleavage by ADAMTS13 variant"
"#34b331",,"Defective VWF binding to collagen type I","Defective VWF binding to collagen type I","R-HSA-1643685","#34b331","Disease","false","Defective VWF binding to collagen type I"
"#34b331",,"Defective binding of VWF variant to GPIb:IX:V","Defective binding of VWF variant to GPIb:IX:V","R-HSA-1643685","#34b331","Disease","false","Defective binding of VWF variant to GPIb:IX:V"
"#33b16a",,"Formation of the nephric duct","Formation of the nephric duct","R-HSA-1266738","#33b16a","Developmental Biology","false","Formation of the nephric duct"
"#33b16a",,,"R-HSA-9830674","R-HSA-1266738","#33b16a","Developmental Biology","false","R-HSA-9830674"
"#33b16a",,,"R-HSA-9831926","R-HSA-1266738","#33b16a","Developmental Biology","false","R-HSA-9831926"
"#37abb4","0.0","Antigen processing: Ubiquitination & Proteasome degradation","Antigen processing: Ubiquitination & Proteasome degradation","R-HSA-168256","#37abb4","Immune System","false","Antigen processing: Ubiquitination & Proteasome degradation"
"#37abb4","0.1","Antigen Presentation: Folding, assembly and peptide loading of class I MHC","Antigen Presentation: Folding, assembly and peptide loading of class I MHC","R-HSA-168256","#37abb4","Immune System","false","Antigen Presentation: Folding, assembly and peptide loading of class I MHC"
"#ab89f4","0.0","Kinesins","Kinesins","R-HSA-109582","#ab89f4","Hemostasis","false","Kinesins"
"#34b331",,"Evasion by RSV of host interferon responses","Evasion by RSV of host interferon responses","R-HSA-1643685","#34b331","Disease","false","Evasion by RSV of host interferon responses"
"#f565ce",,,"R-HSA-9837092","R-HSA-8953854","#f565ce","Metabolism of RNA","false","R-HSA-9837092"
"#37abb4","0.0","CD22 mediated BCR regulation","CD22 mediated BCR regulation","R-HSA-168256","#37abb4","Immune System","false","CD22 mediated BCR regulation"
"#37abb4","0.0","Antigen activates B Cell Receptor (BCR) leading to generation of second messengers","Antigen activates B Cell Receptor (BCR) leading to generation of second messengers","R-HSA-168256","#37abb4","Immune System","false","Antigen activates B Cell Receptor (BCR) leading to generation of second messengers"
"#9ba331","0.0","Ion transport by P-type ATPases","Ion transport by P-type ATPases","R-HSA-382551","#9ba331","Transport of small molecules","false","Ion transport by P-type ATPases"
"#c77df4",,,"R-HSA-9839383","R-HSA-162582","#c77df4","Signal Transduction","false","R-HSA-9839383"
"#c77df4","0.0","TGFBR3 regulates TGF-beta signaling","TGFBR3 regulates TGF-beta signaling","R-HSA-162582","#c77df4","Signal Transduction","false","TGFBR3 regulates TGF-beta signaling"
"#c77df4",,"TGFBR3 expression","TGFBR3 expression","R-HSA-162582","#c77df4","Signal Transduction","false","TGFBR3 expression"
"#c77df4",,,"R-HSA-9839397","R-HSA-162582","#c77df4","Signal Transduction","false","R-HSA-9839397"
"#c77df4",,,"R-HSA-9839406","R-HSA-162582","#c77df4","Signal Transduction","false","R-HSA-9839406"
"#35ad9f","0.0","Regulation of endogenous retroelements by KRAB-ZFP proteins","Regulation of endogenous retroelements by KRAB-ZFP proteins","R-HSA-74160","#35ad9f","Gene expression (Transcription)","false","Regulation of endogenous retroelements by KRAB-ZFP proteins"
"#35ad9f","0.0","Regulation of endogenous retroelements by the Human Silencing Hub (HUSH) complex","Regulation of endogenous retroelements by the Human Silencing Hub (HUSH) complex","R-HSA-74160","#35ad9f","Gene expression (Transcription)","false","Regulation of endogenous retroelements by the Human Silencing Hub (HUSH) complex"
"#35ad9f","0.0","Regulation of endogenous retroelements by Piwi-interacting RNAs (piRNAs)","Regulation of endogenous retroelements by Piwi-interacting RNAs (piRNAs)","R-HSA-74160","#35ad9f","Gene expression (Transcription)","false","Regulation of endogenous retroelements by Piwi-interacting RNAs (piRNAs)"
"#33b16a","0.4","Transcriptional regulation of brown and beige adipocyte differentiation","Transcriptional regulation of brown and beige adipocyte differentiation","R-HSA-1266738","#33b16a","Developmental Biology","false","Transcriptional regulation of brown and beige adipocyte differentiation"
"#33b16a","0.4","Transcriptional regulation of brown and beige adipocyte differentiation by EBF2","Transcriptional regulation of brown and beige adipocyte differentiation by EBF2","R-HSA-1266738","#33b16a","Developmental Biology","false","Transcriptional regulation of brown and beige adipocyte differentiation by EBF2"
"#33b16a","0.5","Transcriptional regulation of white adipocyte differentiation","Transcriptional regulation of white adipocyte differentiation","R-HSA-1266738","#33b16a","Developmental Biology","false","Transcriptional regulation of white adipocyte differentiation"
"#33b16a","0.0","Regulation of MITF-M-dependent genes involved in pigmentation","Regulation of MITF-M-dependent genes involved in pigmentation","R-HSA-1266738","#33b16a","Developmental Biology","false","Regulation of MITF-M-dependent genes involved in pigmentation"
"#33b16a",,,"R-HSA-9824594","R-HSA-1266738","#33b16a","Developmental Biology","false","R-HSA-9824594"
"#33b16a",,,"R-HSA-9825892","R-HSA-1266738","#33b16a","Developmental Biology","false","R-HSA-9825892"
"#33b16a",,,"R-HSA-9825895","R-HSA-1266738","#33b16a","Developmental Biology","false","R-HSA-9825895"
"#33b16a",,,"R-HSA-9854907","R-HSA-1266738","#33b16a","Developmental Biology","false","R-HSA-9854907"
"#33b16a",,,"R-HSA-9854909","R-HSA-1266738","#33b16a","Developmental Biology","false","R-HSA-9854909"
"#33b16a",,,"R-HSA-9857377","R-HSA-1266738","#33b16a","Developmental Biology","false","R-HSA-9857377"
"#3ba5e3","0.10526315789473684","Regulation of pyruvate dehydrogenase (PDH) complex","Regulation of pyruvate dehydrogenase (PDH) complex","R-HSA-1430728","#3ba5e3","Metabolism","false","Regulation of pyruvate dehydrogenase (PDH) complex"
"#36aca9","0.0","Inhibition  of voltage gated Ca2+ channels via Gbeta/gamma subunits","Inhibition  of voltage gated Ca2+ channels via Gbeta/gamma subunits","R-HSA-112316","#36aca9","Neuronal System","false","Inhibition  of voltage gated Ca2+ channels via Gbeta/gamma subunits"
